method_id,feature,op,threshold,pre_score,holdout_base_n,holdout_base_roi,removed_wins,removed_losses,safe_n,safe_roi,roi_change,loss_rate_change,confirmed
NFL-H091,hc_prior_games,>=,36.5,1.0224369747899158,37,0.12810810810810808,7,14,16,0.5475,0.4193918918918919,-0.16554054054054057,True
NFL-H016,oc_prior_games,>=,23.0,0.4300163289396025,45,0.2613333333333333,7,14,24,0.6420833333333333,0.38075000000000003,-0.15555555555555556,True
NFL-H066,hc_prior_games,<=,25.0,0.8444730535422024,29,0.2524137931034483,1,7,21,0.5676190476190476,0.3152052545155993,-0.09688013136288998,True
NFL-H096,adv_dc_prior_role_seasons,>=,2.2999999999999936,1.1349743589743588,31,0.11580645161290325,1,7,23,0.41478260869565214,0.2989761570827489,-0.12482468443197758,True
NFL-H066,dc_prior_games,<=,21.5,1.000253830736023,29,0.2524137931034483,1,7,21,0.5414285714285715,0.2890147783251232,-0.09688013136288998,True
NFL-H066,dc_prior_games,<=,13.749999999999998,0.9220128537629628,29,0.2524137931034483,1,7,21,0.5414285714285715,0.2890147783251232,-0.09688013136288998,True
NFL-H066,dc_prior_games,<=,10.25,0.6506008753328152,29,0.2524137931034483,1,7,21,0.5414285714285715,0.2890147783251232,-0.09688013136288998,True
NFL-H015,adv_dc_prior_role_seasons,>=,1.0,0.9231719946719948,30,0.3353333333333333,4,7,19,0.6178947368421053,0.28256140350877196,-0.09824561403508769,True
NFL-H059,adv_dc_prior_games,>=,44.0,1.0675911654135337,37,0.2424324324324324,1,7,29,0.5082758620689656,0.2658434296365332,-0.11463187325256285,True
NFL-H075,oc_prior_role_seasons,>=,2.0,1.0016428164428164,27,0.2611111111111111,4,7,16,0.521875,0.26076388888888885,-0.10648148148148151,True
NFL-H093,adv_hc_prior_games,<=,-13.0,1.182187260956361,28,0.13178571428571426,3,7,18,0.3816666666666667,0.24988095238095245,-0.11111111111111116,True
NFL-H016,oc_prior_role_seasons,>=,3.0,0.49744558947692025,45,0.2613333333333333,2,9,34,0.5094117647058822,0.24807843137254892,-0.10653594771241837,True
NFL-H075,adv_dc_prior_games,<=,-14.0,1.0304422753172753,27,0.2611111111111111,1,5,21,0.5023809523809524,0.24126984126984125,-0.10052910052910058,True
NFL-H059,dc_prior_role_seasons,>=,5.0,0.7111791871921183,37,0.2424324324324324,5,8,24,0.47875000000000006,0.23631756756756767,-0.08445945945945943,True
NFL-H080,dc_tenure_seasons,>=,2.0,0.5484166666666666,29,0.1617241379310345,4,8,17,0.38235294117647056,0.22062880324543607,-0.10547667342799183,True
NFL-H080,dc_tenure_seasons,>=,1.6000000000000014,0.5484166666666666,29,0.1617241379310345,4,8,17,0.38235294117647056,0.22062880324543607,-0.10547667342799183,True
NFL-H080,dc_changed_season,<=,0.0,0.5484166666666666,29,0.1617241379310345,4,8,17,0.38235294117647056,0.22062880324543607,-0.10547667342799183,True
NFL-H093,adv_hc_tenure_seasons,<=,-1.4500000000000002,1.4311357721226141,28,0.13178571428571426,2,6,20,0.3505,0.21871428571428572,-0.09999999999999998,True
NFL-H005,oc_prior_role_seasons,>=,3.0,0.8312776816198415,41,0.3602439024390244,3,7,31,0.5680645161290322,0.20782061369000782,-0.08418568056648301,True
NFL-H016,adv_hc_prior_games,<=,-26.0,0.4259377867088865,45,0.2613333333333333,10,13,22,0.46681818181818185,0.20548484848484855,-0.07979797979797987,True
NFL-H086,oc_prior_role_seasons,>=,2.0,0.6756536797456432,52,0.1182692307692308,11,16,25,0.3068,0.18853076923076922,-0.07923076923076922,True
NFL-H096,hc_prior_games,<=,21.199999999999996,1.1989761904761904,31,0.11580645161290325,2,6,23,0.3017391304347827,0.18593267882187942,-0.08134642356241228,True
NFL-H044,adv_oc_prior_games,>=,14.75,0.6197072470013647,40,0.16025000000000006,2,7,31,0.34451612903225803,0.18426612903225797,-0.07338709677419353,True
NFL-H036,oc_tenure_seasons,>=,2.5,0.328897460263314,46,0.17282608695652174,3,8,35,0.35114285714285715,0.1783167701863354,-0.0714285714285714,True
NFL-H020,oc_prior_role_seasons,>=,2.25,1.217958863556027,34,0.26676470588235296,1,5,28,0.4428571428571427,0.17609243697478977,-0.0714285714285714,True
NFL-H037,adv_hc_prior_win_pct,>=,0.0357142857142857,0.5911258918548503,47,0.16531914893617017,11,14,22,0.34045454545454545,0.17513539651837529,-0.05609284332688591,True
NFL-H082,adv_hc_changed_season,<=,-0.5999999999999996,0.5812533593606892,60,0.11199999999999997,5,12,43,0.2837209302325581,0.17172093023255813,-0.07480620155038753,True
NFL-H059,adv_dc_prior_role_seasons,>=,4.5,1.0164107142857144,37,0.2424324324324324,1,5,31,0.41096774193548385,0.16853530950305146,-0.07236268526591105,True
NFL-H015,adv_dc_prior_role_seasons,>=,1.7999999999999972,0.9302392926222711,30,0.3353333333333333,3,5,22,0.5013636363636363,0.16603030303030303,-0.05757575757575761,True
NFL-H002,dc_prior_role_seasons,>=,4.0,0.7771605937921727,47,0.49489361702127654,5,7,35,0.6602857142857144,0.16539209726443782,-0.07598784194528874,True
NFL-H057,adv_hc_prior_games,<=,-25.4,0.8924599208649255,66,0.125,9,17,40,0.28975,0.16475,-0.07045454545454544,True
NFL-H065,oc_prior_role_seasons,>=,2.0,0.4748408071665571,120,0.10175000000000001,14,29,77,0.26155844155844155,0.15980844155844154,-0.06482683982683979,True
NFL-H081,adv_dc_prior_win_pct,<=,-0.06557846506300113,0.9319423076923077,38,0.15868421052631582,4,8,26,0.31807692307692303,0.15939271255060722,-0.06477732793522273,True
NFL-H022,hc_prior_win_pct,>=,0.600943396226415,1.0353832247734687,40,0.21100000000000002,5,8,27,0.35666666666666663,0.1456666666666666,-0.05555555555555558,True
NFL-H087,adv_dc_prior_win_pct,<=,-0.1532716512461449,1.0634226264101154,42,0.11047619047619045,2,9,31,0.24225806451612905,0.1317818740399386,-0.04531490015360984,True
NFL-H096,adv_dc_prior_games,<=,-27.0,1.1337820512820511,31,0.11580645161290325,1,4,26,0.24730769230769228,0.13150124069478902,-0.05459057071960294,True
NFL-H043,adv_hc_prior_games,<=,-1.200000000000001,0.5287487753882916,32,0.1771875,6,9,17,0.3082352941176471,0.1310477941176471,-0.06066176470588236,True
NFL-H036,adv_hc_prior_games_current_stint,<=,-13.0,0.600081394640218,46,0.17282608695652174,7,11,28,0.30357142857142855,0.1307453416149068,-0.0714285714285714,True
NFL-H036,adv_hc_prior_games_current_stint,<=,-3.5,0.5754051796727022,46,0.17282608695652174,7,11,28,0.30357142857142855,0.1307453416149068,-0.0714285714285714,True
NFL-H003,dc_prior_role_seasons,>=,3.3500000000000014,1.1425426103539307,43,0.43744186046511624,5,7,31,0.5658064516129031,0.12836459114778687,-0.06376594148537129,True
NFL-H031,adv_dc_tenure_seasons,>=,1.0,0.2948824585310654,76,0.18289473684210528,6,13,57,0.30701754385964913,0.12412280701754386,-0.052631578947368474,True
NFL-H075,adv_dc_tenure_seasons,<=,-2.0,1.2418422020034923,27,0.2611111111111111,1,3,23,0.3830434782608696,0.12193236714975847,-0.04669887278582929,True
NFL-H065,oc_prior_role_seasons,>=,3.0,0.6656211747937122,120,0.10175000000000001,8,20,92,0.22217391304347825,0.12042391304347824,-0.047463768115941996,True
NFL-H042,hc_prior_win_pct,>=,0.6334688346883469,0.9167838673085034,45,0.152,2,6,37,0.27216216216216216,0.12016216216216216,-0.05165165165165164,True
NFL-H086,oc_tenure_seasons,>=,2.5,0.7021255967175604,52,0.1182692307692308,6,10,36,0.23805555555555558,0.11978632478632478,-0.04700854700854695,True
NFL-H095,adv_dc_prior_role_seasons,>=,1.0,0.8233262729995721,33,0.10030303030303032,3,6,24,0.21916666666666665,0.11886363636363632,-0.045454545454545414,True
NFL-H095,adv_dc_prior_role_seasons,>=,0.8000000000000043,0.8233262729995721,33,0.10030303030303032,3,6,24,0.21916666666666665,0.11886363636363632,-0.045454545454545414,True
NFL-H095,adv_dc_prior_games,>=,13.0,0.78704662004662,33,0.10030303030303032,3,6,24,0.21916666666666665,0.11886363636363632,-0.045454545454545414,True
NFL-H006,adv_staff_change_count,>=,1.0,0.7271867181254204,76,0.2681578947368421,6,11,59,0.38644067796610176,0.11828278322925967,-0.04616413916146289,True
NFL-H006,adv_major_staff_changes,>=,1.0,0.7271867181254204,76,0.2681578947368421,6,11,59,0.38644067796610176,0.11828278322925967,-0.04616413916146289,True
NFL-H010,adv_dc_prior_win_pct,<=,-0.10424710424710423,0.5046084850720967,40,0.32175,3,5,32,0.43125,0.10950000000000004,-0.043749999999999956,True
NFL-H020,oc_prior_games,>=,34.5,1.2763854641293668,34,0.26676470588235296,5,7,22,0.3704545454545455,0.10368983957219252,-0.045454545454545414,True
NFL-H066,adv_dc_changed_season,<=,-1.0,0.47813580970495867,29,0.2524137931034483,2,5,22,0.35318181818181815,0.10076802507836985,-0.029780564263322984,True
NFL-H081,adv_dc_prior_role_seasons,>=,1.0,0.9636923076923081,38,0.15868421052631582,4,7,27,0.2559259259259259,0.09724171539961007,-0.04483430799220278,True
NFL-H044,adv_oc_prior_role_seasons,>=,1.0,0.7613464901111959,40,0.16025000000000006,6,9,25,0.25720000000000004,0.09694999999999998,-0.04500000000000004,True
NFL-H035,oc_tenure_seasons,>=,3.0,0.3939692982456141,52,0.15423076923076923,4,7,41,0.2502439024390244,0.09601313320825516,-0.031425891181988685,True
NFL-H006,oc_prior_games,>=,64.44999999999997,0.9539796625879895,76,0.2681578947368421,2,7,67,0.3631343283582089,0.09497643362136682,-0.03908091123330715,True
NFL-H014,adv_dc_tenure_seasons,>=,1.25,1.0955921583590205,40,0.33275,3,5,32,0.42750000000000005,0.09475000000000006,-0.043749999999999956,True
NFL-H091,oc_prior_role_seasons,>=,3.0,1.0603242988895163,37,0.12810810810810808,2,5,30,0.22033333333333333,0.09222522522522525,-0.04054054054054057,True
NFL-H020,oc_tenure_seasons,>=,2.75,1.6644846810044456,34,0.26676470588235296,2,4,28,0.3553571428571428,0.08859243697478986,-0.0357142857142857,True
NFL-H005,adv_oc_prior_win_pct,<=,-0.11158824741493509,0.5406082870264983,41,0.3602439024390244,5,6,30,0.4476666666666667,0.08742276422764234,-0.03902439024390236,True
NFL-H091,dc_prior_games,>=,52.40000000000001,1.1193086913086912,37,0.12810810810810808,4,7,26,0.21538461538461534,0.08727650727650726,-0.04054054054054057,True
NFL-H009,adv_hc_prior_games_current_stint,<=,-13.0,0.5271282818532589,92,0.19532608695652173,20,24,48,0.2810416666666667,0.08571557971014496,-0.04166666666666663,True
NFL-H058,oc_tenure_seasons,>=,3.0,0.4979687032790985,130,0.13838461538461538,9,19,102,0.21970588235294117,0.08132126696832578,-0.036349924585218796,True
NFL-H058,oc_tenure_seasons,>=,2.5,0.4979687032790985,130,0.13838461538461538,9,19,102,0.21970588235294117,0.08132126696832578,-0.036349924585218796,True
NFL-H027,dc_tenure_seasons,>=,3.0,0.6560502211223783,43,0.22906976744186044,4,6,33,0.3090909090909091,0.08002114164904864,-0.03382663847780121,True
NFL-H027,dc_prior_games,>=,58.5,1.2321724838659254,43,0.22906976744186044,4,6,33,0.3084848484848485,0.07941508104298803,-0.03382663847780121,True
NFL-H027,dc_prior_role_seasons,>=,4.75,0.9015141179635697,43,0.22906976744186044,4,6,33,0.3084848484848485,0.07941508104298803,-0.03382663847780121,True
NFL-H087,adv_dc_prior_win_pct,<=,-0.08994708994708994,1.4203333086071757,42,0.11047619047619045,4,11,27,0.18296296296296297,0.07248677248677252,-0.023809523809523725,True
NFL-H043,adv_hc_prior_games,<=,0.0,0.5449037318153067,32,0.1771875,7,9,16,0.249375,0.07218750000000002,-0.03125,True
NFL-H019,adv_hc_prior_games,<=,-26.0,0.9453490259740261,33,0.29363636363636364,6,7,20,0.36550000000000005,0.07186363636363641,-0.034848484848484906,True
NFL-H081,adv_dc_tenure_seasons,>=,1.0,1.223714220890043,38,0.15868421052631582,1,3,34,0.22911764705882354,0.07043343653250772,-0.026315789473684292,True
NFL-H035,adv_oc_prior_win_pct,<=,-0.06399816849816851,0.640643256893257,52,0.15423076923076923,3,6,43,0.2241860465116279,0.06995527728085868,-0.03085867620751337,True
NFL-H091,adv_dc_prior_role_seasons,>=,3.0,1.015860790063826,37,0.12810810810810808,2,4,31,0.19774193548387092,0.06963382737576285,-0.02441150828247607,True
NFL-H009,dc_prior_games,>=,61.0,1.0159541502425204,92,0.19532608695652173,11,15,66,0.2628787878787879,0.06755270092226615,-0.030303030303030276,True
NFL-H035,adv_oc_prior_win_pct,<=,-0.13894661534490632,0.49990840840840833,52,0.15423076923076923,2,5,45,0.22111111111111115,0.06688034188034192,-0.030341880341880234,True
NFL-H079,adv_oc_prior_role_seasons,>=,1.0,0.8215855047476666,93,0.1241935483870968,10,16,67,0.1882089552238806,0.06401540683678379,-0.025999037072701014,True
NFL-H079,adv_oc_prior_role_seasons,>=,0.3999999999999986,0.8215855047476666,93,0.1241935483870968,10,16,67,0.1882089552238806,0.06401540683678379,-0.025999037072701014,True
NFL-H079,adv_oc_prior_games,>=,13.0,0.8587178384136348,93,0.1241935483870968,10,16,67,0.18671641791044777,0.06252286952335097,-0.025999037072701014,True
NFL-H044,adv_oc_prior_win_pct,<=,-0.07381744271988172,1.1124523809523812,40,0.16025000000000006,5,7,28,0.22250000000000006,0.06225,-0.025000000000000022,True
NFL-H044,adv_oc_prior_win_pct,<=,-0.09460360875455218,1.0519181929181929,40,0.16025000000000006,5,7,28,0.22250000000000006,0.06225,-0.025000000000000022,True
NFL-H023,oc_tenure_seasons,>=,3.0,0.7203902041585866,40,0.254,1,3,36,0.31611111111111106,0.06211111111111106,-0.02777777777777779,True
NFL-H051,adv_full_staff_overhaul,<=,-0.10000000000000009,1.1325483654518669,50,0.24320000000000003,2,4,44,0.30250000000000005,0.05930000000000002,-0.022727272727272707,True
NFL-H006,adv_oc_prior_games,>=,29.55000000000002,1.1513072418145085,76,0.2681578947368421,3,6,67,0.32641791044776114,0.058260015710919044,-0.024155538098978746,True
NFL-H017,adv_hc_prior_games_current_stint,>=,13.0,0.5915925632735337,102,0.18235294117647058,12,15,75,0.2386666666666667,0.056313725490196115,-0.020000000000000018,True
NFL-H082,adv_dc_prior_games,<=,-25.0,0.6657951963968918,60,0.11199999999999997,7,10,43,0.16651162790697677,0.05451162790697679,-0.028294573643410814,True
NFL-H042,hc_prior_games,<=,13.0,0.8501269978621602,45,0.152,1,3,41,0.20463414634146343,0.052634146341463434,-0.023306233062330595,True
NFL-H042,oc_prior_games,<=,7.3,1.1225940176844433,45,0.152,1,3,41,0.20341463414634145,0.051414634146341454,-0.023306233062330595,True
NFL-H029,adv_oc_changed_season,<=,-1.0,0.6834781240169178,60,0.21783333333333338,2,4,54,0.2688888888888889,0.05105555555555552,-0.020370370370370372,True
NFL-H022,dc_prior_role_seasons,>=,2.0,0.7498729916657547,40,0.21100000000000002,10,11,19,0.26,0.04899999999999999,-0.02631578947368418,True
NFL-H029,oc_prior_games,<=,7.0,0.5505263006986483,60,0.21783333333333338,3,5,52,0.26423076923076927,0.04639743589743589,-0.021794871794871717,True
NFL-H051,adv_hc_tenure_seasons,<=,-1.0,1.0566565334033187,50,0.24320000000000003,13,14,23,0.28956521739130436,0.046365217391304336,-0.021739130434782594,True
NFL-H001,dc_prior_win_pct,<=,0.41801075268817206,1.0849968253968254,37,0.4289189189189189,2,5,30,0.4696666666666667,0.04074774774774775,-0.021621621621621623,True
NFL-H001,adv_dc_prior_win_pct,<=,-0.21895604395604398,0.990711111111111,37,0.4289189189189189,2,5,30,0.4696666666666667,0.04074774774774775,-0.021621621621621623,True
NFL-H009,adv_hc_tenure_seasons,<=,-1.0,0.43917994175787445,92,0.19532608695652173,22,24,46,0.23282608695652177,0.03750000000000003,-0.021739130434782594,True
NFL-H053,hc_prior_games_current_stint,<=,22.799999999999997,0.8028625649293657,57,0.23912280701754382,8,18,31,0.2719354838709677,0.0328126768534239,-0.021505376344086113,True
NFL-H010,dc_prior_win_pct,<=,0.5,0.6334600779967159,40,0.32175,9,9,22,0.440909090909091,0.11915909090909099,-0.040909090909090895,False
NFL-H005,oc_prior_win_pct,<=,0.47976119402985073,0.6936949463726325,41,0.3602439024390244,7,7,27,0.4411111111111111,0.08086720867208674,-0.031616982836494945,False
NFL-H049,adv_hc_prior_games_current_stint,<=,-25.95,1.0506208993010984,42,0.29380952380952385,11,11,20,0.35850000000000004,0.06469047619047619,-0.02619047619047621,False
NFL-H004,adv_dc_prior_role_seasons,>=,1.0,1.171186320791584,34,0.4758823529411765,4,4,26,0.5399999999999999,0.06411764705882345,-0.02714932126696834,False
NFL-H004,adv_dc_prior_games,>=,13.0,0.9710074500688106,34,0.4758823529411765,4,4,26,0.5399999999999999,0.06411764705882345,-0.02714932126696834,False
NFL-H016,adv_staff_change_count,>=,1.0,0.38570127877237853,45,0.2613333333333333,5,6,34,0.32294117647058823,0.061607843137254925,-0.018300653594771288,False
NFL-H003,adv_dc_prior_role_seasons,>=,1.0,1.1060615069407786,43,0.43744186046511624,5,5,33,0.49575757575757573,0.05831571529245949,-0.02466525722339674,False
NFL-H003,adv_dc_prior_games,>=,11.899999999999999,0.9903330400054152,43,0.43744186046511624,5,5,33,0.49575757575757573,0.05831571529245949,-0.02466525722339674,False
NFL-H029,adv_hc_prior_games_current_stint,>=,12.5,0.532629986717643,60,0.21783333333333338,14,14,32,0.2734375,0.05560416666666662,-0.014583333333333282,False
NFL-H019,adv_oc_prior_role_seasons,<=,-1.0,1.1122801849051849,33,0.29363636363636364,6,6,21,0.3476190476190476,0.053982683982683966,-0.008658008658008698,False
NFL-H002,oc_prior_games,<=,6.75,1.2104255374011954,47,0.49489361702127654,3,3,41,0.5458536585365854,0.05096004151530886,-0.020238713025428123,False
NFL-H019,adv_hc_prior_games_current_stint,<=,-7.0,1.053054512516469,33,0.29363636363636364,9,9,15,0.3433333333333334,0.04969696969696974,-0.018181818181818188,False
NFL-H019,adv_hc_prior_games_current_stint,<=,-0.15000000000000036,0.9389986157105723,33,0.29363636363636364,9,9,15,0.3433333333333334,0.04969696969696974,-0.018181818181818188,False
NFL-H027,dc_prior_games,>=,74.5,0.5931172624471696,43,0.22906976744186044,3,4,36,0.27666666666666667,0.04759689922480623,-0.016149870801033583,False
NFL-H091,hc_prior_games_current_stint,>=,29.5,1.1852551566080978,37,0.12810810810810808,7,9,21,0.17380952380952383,0.045701415701415754,-0.016731016731016735,False
NFL-H080,oc_prior_win_pct,<=,0.4719840478564307,0.3706174242424244,29,0.1617241379310345,5,6,18,0.2055555555555556,0.04383141762452111,-0.01724137931034475,False
NFL-H079,adv_oc_prior_games,>=,38.0,0.7529803100829124,93,0.1241935483870968,4,8,81,0.16790123456790126,0.043707686180804464,-0.017522899243329282,False
NFL-H035,adv_hc_prior_games_current_stint,>=,1.0,0.5649656995051734,52,0.15423076923076923,8,10,34,0.1976470588235294,0.04341628959276017,-0.019230769230769162,False
NFL-H017,adv_hc_prior_games_current_stint,>=,1.0,0.6708054740957967,102,0.18235294117647058,15,17,70,0.2248571428571429,0.042504201680672316,-0.014285714285714235,False
NFL-H005,dc_prior_win_pct,<=,0.4964788732394366,0.5837977839590226,41,0.3602439024390244,8,7,26,0.40269230769230774,0.04244840525328336,-0.015947467166979257,False
NFL-H015,adv_hc_tenure_seasons,<=,-2.0,0.7191937984496123,30,0.3353333333333333,6,6,18,0.37777777777777777,0.04244444444444445,-0.022222222222222254,False
NFL-H096,adv_dc_prior_role_seasons,<=,-3.0,1.3499880952380952,31,0.11580645161290325,1,2,28,0.1582142857142857,0.04240783410138245,-0.016129032258064502,False
NFL-H022,adv_hc_tenure_seasons,>=,1.0,0.7902383226067435,40,0.21100000000000002,6,7,27,0.25296296296296295,0.041962962962962924,-0.01851851851851849,False
NFL-H006,adv_hc_changed_season,<=,-0.15000000000000036,0.9133364014373756,76,0.2681578947368421,10,11,55,0.3096363636363636,0.0414784688995215,-0.01411483253588508,False
NFL-H008,oc_prior_games,>=,64.30000000000001,0.5547615629984051,64,0.24453125000000003,5,7,52,0.28365384615384615,0.03912259615384611,-0.019230769230769273,False
NFL-H003,adv_dc_prior_games,>=,37.2,0.9123253230846547,43,0.43744186046511624,4,4,35,0.4759999999999999,0.038558139534883684,-0.018604651162790642,False
NFL-H017,adv_staff_change_count,>=,1.0,0.6157121360452399,102,0.18235294117647058,5,8,89,0.22089887640449443,0.03854593522802385,-0.016853932584269704,False
NFL-H017,adv_major_staff_changes,>=,1.0,0.6157121360452399,102,0.18235294117647058,5,8,89,0.22089887640449443,0.03854593522802385,-0.016853932584269704,False
NFL-H020,oc_prior_role_seasons,>=,3.75,1.0176620209059233,34,0.26676470588235296,1,2,31,0.30322580645161284,0.036461100569259886,-0.016129032258064502,False
NFL-H057,adv_dc_prior_win_pct,<=,-0.18203488831004813,0.8052921734904006,66,0.125,2,4,60,0.1605,0.035500000000000004,-0.012121212121212088,False
NFL-H065,adv_hc_tenure_seasons,<=,-2.0,0.49387217577176695,120,0.10175000000000001,21,29,70,0.13585714285714287,0.034107142857142864,-0.015476190476190421,False
NFL-H033,dc_prior_games,>=,65.95,0.6227450371077198,88,0.16147727272727272,9,12,67,0.19388059701492533,0.03240332428765261,-0.018826322930800554,False
NFL-H043,dc_prior_role_seasons,>=,5.0,0.9319121351766511,32,0.1771875,1,2,29,0.20931034482758615,0.03212284482758615,-0.014008620689655249,False
NFL-H044,adv_dc_tenure_seasons,<=,-1.2999999999999998,0.7642698412698412,40,0.16025000000000006,2,3,35,0.1922857142857143,0.03203571428571425,-0.010714285714285787,False
NFL-H062,oc_prior_role_seasons,>=,3.0,0.48622999575240367,86,0.1197674418604651,13,14,59,0.15152542372881356,0.03175798186834845,-0.0031533307055577886,False
NFL-H014,oc_prior_games,<=,11.25,0.9381309805290637,40,0.33275,6,6,28,0.3639285714285715,0.0311785714285715,-0.021428571428571352,False
NFL-H051,adv_staff_change_count,>=,1.0999999999999979,1.1325483654518669,50,0.24320000000000003,2,3,45,0.27355555555555555,0.030355555555555525,-0.011111111111111072,False
NFL-H051,adv_major_staff_changes,>=,1.0999999999999979,1.1325483654518669,50,0.24320000000000003,2,3,45,0.27355555555555555,0.030355555555555525,-0.011111111111111072,False
NFL-H005,adv_oc_prior_win_pct,<=,-0.21328766289124346,0.5544334480321869,41,0.3602439024390244,3,3,35,0.388,0.027756097560975634,-0.010452961672473782,False
NFL-H092,adv_full_staff_overhaul,>=,0.0,1.0381512344976676,50,0.1276,7,9,34,0.15500000000000003,0.027400000000000035,-0.010588235294117676,False
NFL-H092,adv_both_coords_changed,>=,0.0,0.9984789315448658,50,0.1276,7,9,34,0.15500000000000003,0.027400000000000035,-0.010588235294117676,False
NFL-H028,oc_prior_win_pct,<=,0.47258225324027914,0.6148548644338117,43,0.23348837209302323,6,6,31,0.26064516129032256,0.02715678919729933,-0.004501125281320295,False
NFL-H004,dc_prior_role_seasons,>=,3.0,1.2775474158368898,34,0.4758823529411765,6,5,23,0.5026086956521738,0.02672634271099733,-0.020460358056266004,False
NFL-H062,hc_prior_games_current_stint,<=,7.75,0.4917136113943162,86,0.1197674418604651,6,8,72,0.14555555555555555,0.025788113695090445,-0.011627906976744207,False
NFL-H036,adv_hc_prior_win_pct,<=,-0.09163876193492916,0.39624209124209114,46,0.17282608695652174,7,8,31,0.19774193548387092,0.024915848527349183,-0.016129032258064502,False
NFL-H001,dc_prior_win_pct,<=,0.43845338983050847,0.6975129544290835,37,0.4289189189189189,3,6,28,0.45249999999999996,0.023581081081081035,-0.014478764478764394,False
NFL-H033,adv_staff_change_count,>=,1.0,0.472049947369128,88,0.16147727272727272,8,10,70,0.18457142857142853,0.023094155844155806,-0.011363636363636354,False
NFL-H033,adv_major_staff_changes,>=,1.0,0.472049947369128,88,0.16147727272727272,8,10,70,0.18457142857142853,0.023094155844155806,-0.011363636363636354,False
NFL-H087,adv_dc_prior_win_pct,<=,-0.26244725738396624,1.0516248488998257,42,0.11047619047619045,2,6,34,0.13264705882352942,0.022170868347338973,-0.014005602240896309,False
NFL-H087,dc_prior_win_pct,<=,0.4175,1.2684111551647603,42,0.11047619047619045,2,6,34,0.1326470588235294,0.022170868347338946,-0.014005602240896309,False
NFL-H042,oc_prior_games,<=,9.5,1.0821153019557275,45,0.152,3,4,38,0.17342105263157892,0.021421052631578924,-0.011111111111111072,False
NFL-H069,dc_prior_games,>=,65.04999999999998,0.3452784128764767,136,0.11845588235294117,16,19,101,0.13851485148514853,0.020058969132207352,-0.004659289458357585,False
NFL-H009,dc_tenure_seasons,>=,3.0,0.5329047363989413,92,0.19532608695652173,10,11,71,0.21380281690140845,0.01847672994488672,-0.007042253521126751,False
NFL-H016,oc_prior_games,>=,61.599999999999994,0.540013465216072,45,0.2613333333333333,3,4,38,0.2794736842105263,0.018140350877193012,-0.01520467836257311,False
NFL-H043,dc_prior_role_seasons,>=,3.5,1.1576605027511055,32,0.1771875,2,3,27,0.19518518518518516,0.017997685185185158,-0.0127314814814814,False
NFL-H014,oc_prior_games,<=,6.75,0.8484203436872059,40,0.33275,2,2,36,0.3491666666666667,0.01641666666666669,-0.005555555555555536,False
NFL-H091,adv_oc_prior_games,>=,53.0,1.0482323232323234,37,0.12810810810810808,2,3,32,0.14406249999999998,0.015954391891891906,-0.00929054054054057,False
NFL-H002,hc_prior_win_pct,>=,0.5875179340028694,0.6683533036164615,47,0.49489361702127654,8,5,34,0.5070588235294117,0.012165206508135129,-0.008760951188986232,False
NFL-H081,adv_dc_prior_games,>=,31.59999999999998,0.950775641025641,38,0.15868421052631582,4,5,29,0.16931034482758617,0.010626134301270351,-0.009074410163339541,False
NFL-H009,adv_oc_tenure_seasons,<=,-1.0,0.4585087577533571,92,0.19532608695652173,17,16,59,0.20237288135593218,0.007046794399410444,0.008474576271186418,False
NFL-H058,adv_full_staff_overhaul,<=,-0.34999999999999964,0.5458065124881404,130,0.13838461538461538,9,11,110,0.14454545454545453,0.006160839160839149,-0.0006993006993007977,False
NFL-H062,oc_prior_role_seasons,>=,2.0,0.5512815670704806,86,0.1197674418604651,19,19,48,0.12520833333333334,0.005440891472868234,0.009205426356589053,False
NFL-H051,adv_both_coords_changed,<=,-0.10000000000000009,1.1325483654518669,50,0.24320000000000003,1,1,48,0.24854166666666666,0.0053416666666666335,0.0,False
NFL-H033,dc_tenure_seasons,>=,3.0,0.6543115156585018,88,0.16147727272727272,10,11,67,0.1661194029850746,0.004642130257801885,-0.003900949796472153,False
NFL-H001,hc_prior_games,<=,13.25,1.0404253968253967,37,0.4289189189189189,3,6,28,0.43321428571428566,0.00429536679536674,-0.014478764478764394,False
NFL-H079,adv_full_staff_stable,>=,1.0,0.9628180562785587,93,0.1241935483870968,3,4,86,0.1280232558139535,0.0038297074268566905,-0.0018754688672166786,False
NFL-H028,adv_oc_prior_win_pct,>=,0.17474082934609253,0.7479411764705883,43,0.23348837209302323,3,3,37,0.23729729729729732,0.0038089252042740884,-0.0018856065367692798,False
NFL-H081,adv_dc_changed_season,>=,1.0,0.8694199411699413,38,0.15868421052631582,1,1,36,0.1608333333333333,0.002149122807017484,0.0014619883040934978,False
NFL-H086,adv_hc_prior_games,>=,19.39999999999995,0.8775096212951334,52,0.1182692307692308,9,9,34,0.12029411764705884,0.00202488687782805,0.010180995475113197,False
NFL-H010,adv_oc_prior_win_pct,>=,0.22992701795358345,0.8190163479184778,40,0.32175,1,1,38,0.32289473684210523,0.001144736842105254,-0.0026315789473684292,False
NFL-H023,adv_dc_changed_season,<=,-0.5,0.8651865842490842,40,0.254,5,5,30,0.25366666666666665,-0.00033333333333335213,0.0,False
NFL-H023,adv_dc_changed_season,<=,-1.0,0.8651865842490842,40,0.254,5,5,30,0.25366666666666665,-0.00033333333333335213,0.0,False
NFL-H043,adv_dc_tenure_seasons,<=,-1.0,0.5361061827956988,32,0.1771875,6,7,19,0.1768421052631579,-0.0003453947368420862,-0.004934210526315708,False
NFL-H049,adv_hc_prior_games_current_stint,<=,-24.25,0.6294467629799032,42,0.29380952380952385,12,11,19,0.2931578947368421,-0.0006516290726817364,-0.0025062656641603454,False
NFL-H058,adv_hc_prior_win_pct,<=,-0.18752144082332764,0.46013103187065807,130,0.13838461538461538,12,15,103,0.13728155339805825,-0.00110306198655713,-0.0024645257654967168,False
NFL-H004,adv_hc_prior_win_pct,<=,-0.1395348837209303,0.8298796700148244,34,0.4758823529411765,6,4,24,0.47458333333333336,-0.0012990196078431215,0.004901960784313708,False
NFL-H039,adv_oc_prior_games,<=,-11.0,0.6256642857142856,36,0.2222222222222222,6,6,24,0.22041666666666668,-0.0018055555555555325,0.0,False
NFL-H049,adv_hc_tenure_seasons,<=,-2.0,0.6243094844614576,42,0.29380952380952385,12,11,19,0.29157894736842105,-0.002230576441102805,-0.0025062656641603454,False
NFL-H086,hc_prior_games,>=,59.85,0.7975047592755946,52,0.1182692307692308,8,8,36,0.11583333333333333,-0.0024358974358974633,0.008547008547008628,False
NFL-H027,adv_dc_prior_games,>=,37.199999999999996,0.7354894681036255,43,0.22906976744186044,2,2,39,0.22641025641025642,-0.0026595110316040282,-0.0011926058437685683,False
NFL-H028,adv_oc_prior_win_pct,>=,0.2539198606271777,0.803790293040293,43,0.23348837209302323,1,1,41,0.23024390243902443,-0.0032444696539987994,-0.0005672149744753163,False
NFL-H083,adv_hc_prior_win_pct,>=,-0.002125506072874444,0.5403843393518171,50,0.114,12,12,26,0.11038461538461539,-0.0036153846153846175,0.018461538461538418,False
NFL-H002,hc_prior_win_pct,>=,0.6488168911539861,0.9568727312787462,47,0.49489361702127654,3,2,42,0.4907142857142857,-0.00417933130699083,-0.00455927051671734,False
NFL-H033,adv_hc_prior_games_current_stint,>=,12.0,0.4082137462895058,88,0.16147727272727272,17,17,54,0.1524074074074074,-0.009069865319865311,0.007154882154882247,False
NFL-H020,adv_oc_prior_games,>=,24.000000000000007,1.537188272432175,34,0.26676470588235296,2,2,30,0.25666666666666665,-0.010098039215686305,0.0,False
NFL-H029,adv_hc_prior_win_pct,>=,0.165625,0.573430912627245,60,0.21783333333333338,6,5,49,0.20673469387755103,-0.01109863945578235,0.006462585034013646,False
NFL-H017,adv_full_staff_stable,<=,-1.0,0.6920337977131306,102,0.18235294117647058,4,3,95,0.17010526315789473,-0.012247678018575847,0.0052631578947368585,False
NFL-H028,adv_oc_changed_season,<=,-1.0,0.6504213250517599,43,0.23348837209302323,5,4,34,0.22088235294117647,-0.012606019151846753,0.011627906976744207,False
NFL-H042,adv_hc_prior_win_pct,>=,0.0,0.9254705841004833,45,0.152,11,11,23,0.13652173913043478,-0.015478260869565219,0.010628019323671523,False
NFL-H082,adv_hc_prior_win_pct,<=,-0.18761544011544012,0.5946608309838224,60,0.11199999999999997,4,4,52,0.09615384615384616,-0.015846153846153815,0.002564102564102555,False
NFL-H049,adv_dc_prior_games,<=,-13.75,0.6897531504728656,42,0.29380952380952385,5,4,33,0.2775757575757576,-0.016233766233766267,0.008658008658008698,False
NFL-H016,adv_full_staff_stable,<=,-1.0,0.5418990914859807,45,0.2613333333333333,4,3,38,0.24263157894736845,-0.01870175438596486,0.011111111111111072,False
NFL-H058,adv_dc_tenure_seasons,>=,1.0,0.6490424761998357,130,0.13838461538461538,14,16,100,0.11960000000000003,-0.018784615384615358,0.0038461538461538325,False
NFL-H037,adv_hc_prior_games_current_stint,<=,-12.75,0.43123962553800116,47,0.16531914893617017,7,7,33,0.1433333333333333,-0.021985815602836856,0.004513217279174642,False
NFL-H043,dc_prior_games,>=,61.0,0.789241327723235,32,0.1771875,2,2,28,0.1525,-0.0246875,0.004464285714285698,False
NFL-H062,adv_hc_prior_games_current_stint,>=,1.0,0.4457066021871666,86,0.1197674418604651,20,20,46,0.0947826086956522,-0.024984833164812897,0.010111223458038388,False
NFL-H083,hc_prior_games_current_stint,<=,21.5,0.5362949943180746,50,0.114,10,11,29,0.08862068965517239,-0.025379310344827613,-0.0027586206896552667,False
NFL-H002,oc_prior_win_pct,>=,0.6867341040462427,0.6578842558885903,47,0.49489361702127654,5,2,40,0.46950000000000003,-0.025393617021276516,0.013297872340425565,False
NFL-H082,adv_dc_changed_season,<=,-1.0,0.5919811046498382,60,0.11199999999999997,6,6,48,0.08479166666666667,-0.027208333333333307,0.004166666666666652,False
NFL-H023,adv_full_staff_stable,<=,-1.0,0.5833850931677018,40,0.254,3,2,35,0.22628571428571428,-0.02771428571428572,0.014285714285714235,False
NFL-H015,adv_hc_prior_games_current_stint,<=,-25.7,0.834873917748918,30,0.3353333333333333,6,5,19,0.30526315789473685,-0.03007017543859647,0.007017543859649145,False
NFL-H031,oc_prior_win_pct,<=,0.3701951507983442,0.731669968318575,76,0.18289473684210528,6,5,65,0.1521538461538461,-0.030740890688259165,0.012145748987854144,False
NFL-H096,adv_hc_tenure_seasons,<=,-0.75,1.460994515288633,31,0.11580645161290325,5,5,21,0.08476190476190477,-0.031044546850998472,0.007680491551459334,False
NFL-H014,hc_prior_win_pct,<=,0.36617647058823527,0.9512343533490416,40,0.33275,6,4,30,0.3,-0.03275,0.01666666666666672,False
NFL-H003,adv_both_coords_changed,>=,0.9499999999999993,0.9665421988741485,43,0.43744186046511624,1,0,42,0.4045238095238095,-0.03291805094130673,0.009966777408637939,False
NFL-H031,adv_dc_prior_win_pct,<=,-0.21116130836641922,0.7240073555690059,76,0.18289473684210528,2,0,74,0.14594594594594593,-0.03694879089615935,0.014224751066856278,False
NFL-H065,adv_hc_changed_season,<=,-1.0,0.5716420921357104,120,0.10175000000000001,16,17,87,0.0627586206896552,-0.03899137931034481,0.016379310344827536,False
NFL-H059,adv_hc_changed_season,<=,-0.7999999999999998,1.0938869047619049,37,0.2424324324324324,4,3,30,0.20299999999999999,-0.03943243243243241,0.007207207207207245,False
NFL-H023,adv_hc_changed_season,<=,-1.0,0.5903679653679654,40,0.254,6,5,29,0.21413793103448275,-0.03986206896551725,0.01724137931034475,False
NFL-H006,hc_changed_season,>=,1.0,0.7713808059252312,76,0.2681578947368421,15,12,49,0.2281632653061225,-0.0399946294307196,0.02336197636949522,False
NFL-H010,adv_dc_prior_win_pct,<=,-0.0068181818181818205,0.9303330721003136,40,0.32175,10,8,22,0.28090909090909094,-0.04084090909090904,0.00454545454545463,False
NFL-H083,hc_prior_games_current_stint,<=,8.0,0.7924143572729636,50,0.114,4,3,43,0.0727906976744186,-0.0412093023255814,0.014883720930232602,False
NFL-H081,dc_prior_games,>=,94.99999999999999,0.9509184981684982,38,0.15868421052631582,2,1,35,0.11742857142857141,-0.041255639097744407,0.016541353383458635,False
NFL-H086,adv_hc_prior_games,>=,0.05000000000000426,0.916564736009641,52,0.1182692307692308,12,11,29,0.07517241379310345,-0.04309681697612734,0.03249336870026531,False
NFL-H033,hc_prior_win_pct,<=,0.35949855351976856,0.9013054129561726,88,0.16147727272727272,7,4,77,0.11818181818181818,-0.04329545454545454,0.02110389610389618,False
NFL-H039,adv_oc_prior_win_pct,<=,-0.14236111111111116,0.9264697802197801,36,0.2222222222222222,4,3,29,0.17758620689655175,-0.044636015325670464,0.01724137931034475,False
NFL-H014,dc_tenure_seasons,>=,3.0,0.8437989950208797,40,0.33275,7,5,28,0.2867857142857143,-0.04596428571428568,0.014285714285714346,False
NFL-H014,dc_tenure_seasons,>=,2.75,0.8437989950208797,40,0.33275,7,5,28,0.2867857142857143,-0.04596428571428568,0.014285714285714346,False
NFL-H093,adv_oc_prior_win_pct,<=,-0.01010101010101011,0.7619589988958411,28,0.13178571428571426,4,3,21,0.08571428571428572,-0.04607142857142854,0.023809523809523836,False
NFL-H056,dc_tenure_seasons,>=,2.799999999999997,0.721982389937107,33,0.2884848484848485,4,3,26,0.24230769230769234,-0.046177156177156176,0.015151515151515138,False
NFL-H095,oc_prior_games,>=,43.250000000000014,0.8927296866828318,33,0.10030303030303032,4,4,25,0.05320000000000001,-0.04710303030303031,0.014545454545454639,False
NFL-H095,oc_prior_role_seasons,>=,3.0,0.6998617398333541,33,0.10030303030303032,4,4,25,0.05320000000000001,-0.04710303030303031,0.014545454545454639,False
NFL-H059,adv_hc_prior_games_current_stint,<=,-13.5,0.8228392857142857,37,0.2424324324324324,7,5,25,0.1948,-0.0476324324324324,0.020540540540540553,False
NFL-H029,adv_hc_prior_win_pct,>=,0.016617318266964776,0.5457791292518419,60,0.21783333333333338,13,10,37,0.16972972972972977,-0.048103603603603606,0.030180180180180205,False
NFL-H093,adv_dc_tenure_seasons,<=,-2.0,1.4604214864083285,28,0.13178571428571426,1,0,27,0.08333333333333333,-0.04845238095238093,0.0185185185185186,False
NFL-H057,adv_hc_prior_games_current_stint,<=,-23.0,0.7370486934499827,66,0.125,10,10,46,0.075,-0.05,0.01976284584980248,False
NFL-H001,dc_prior_win_pct,<=,0.3766283524904214,0.7667338217338215,37,0.4289189189189189,2,3,32,0.3778125,-0.05110641891891893,0.0033783783783783994,False
NFL-H069,adv_oc_changed_season,<=,-0.8499999999999996,0.42070471917612284,136,0.11845588235294117,11,8,117,0.06726495726495728,-0.051190925087983896,0.017596782302664704,False
NFL-H059,adv_hc_tenure_seasons,<=,-1.0,1.056788736263736,37,0.2424324324324324,9,7,21,0.19047619047619047,-0.05195624195624193,0.016731016731016735,False
NFL-H058,adv_dc_changed_season,>=,1.0,0.5271557227437014,130,0.13838461538461538,7,3,120,0.08433333333333333,-0.054051282051282054,0.02051282051282044,False
NFL-H019,adv_hc_prior_games,<=,-3.75,0.927003787878788,33,0.29363636363636364,9,8,16,0.238125,-0.055511363636363636,0.015151515151515138,False
NFL-H083,adv_hc_prior_win_pct,<=,-0.21673913043478263,0.6287166059502125,50,0.114,3,1,46,0.058260869565217394,-0.05573913043478261,0.02347826086956517,False
NFL-H075,adv_hc_prior_games,<=,-14.75,0.8662687253009833,27,0.2611111111111111,6,5,16,0.20249999999999996,-0.05861111111111117,0.01851851851851849,False
NFL-H053,hc_prior_games,<=,19.75,1.0201805776334076,57,0.23912280701754382,6,10,41,0.1804878048780488,-0.05863500213949502,0.016260162601625883,False
NFL-H042,oc_prior_role_seasons,<=,0.0,0.9541167449571704,45,0.152,6,5,34,0.09294117647058824,-0.05905882352941176,0.018300653594771288,False
NFL-H080,adv_hc_prior_win_pct,>=,0.03296262769946984,0.4866660685805423,29,0.1617241379310345,6,5,18,0.10222222222222223,-0.05950191570881226,0.03831417624521083,False
NFL-H065,dc_prior_role_seasons,>=,3.5,0.7453739108787651,120,0.10175000000000001,19,21,80,0.040500000000000015,-0.06124999999999999,0.016666666666666607,False
NFL-H056,adv_hc_changed_season,<=,-1.0,0.48578556454028154,33,0.2884848484848485,7,5,21,0.2247619047619048,-0.06372294372294371,0.038961038961038974,False
NFL-H008,adv_dc_tenure_seasons,<=,-2.0,0.6083977046345469,64,0.24453125000000003,7,4,53,0.17905660377358487,-0.06547464622641516,0.028301886792452824,False
NFL-H083,hc_prior_games,<=,8.0,0.6059726906062972,50,0.114,4,2,44,0.04840909090909091,-0.06559090909090909,0.025454545454545396,False
NFL-H092,adv_staff_change_count,<=,0.0,1.2523103720920992,50,0.1276,7,6,37,0.06135135135135136,-0.06624864864864863,0.027567567567567508,False
NFL-H092,adv_major_staff_changes,<=,0.0,1.2523103720920992,50,0.1276,7,6,37,0.06135135135135136,-0.06624864864864863,0.027567567567567508,False
NFL-H008,dc_prior_games,>=,61.0,0.5381913554281976,64,0.24453125000000003,10,8,46,0.17760869565217388,-0.06692255434782615,0.021739130434782594,False
NFL-H095,oc_prior_games,>=,30.0,0.7210327184892402,33,0.10030303030303032,6,6,21,0.03238095238095238,-0.06792207792207794,0.025974025974025983,False
NFL-H062,adv_hc_prior_games,>=,25.14999999999999,0.5435510821082883,86,0.1197674418604651,20,18,48,0.05145833333333331,-0.06830910852713179,0.030038759689922534,False
NFL-H069,adv_oc_tenure_seasons,<=,-1.0,0.4086833549903954,136,0.11845588235294117,20,17,99,0.0491919191919192,-0.06926396316102197,0.02614379084967322,False
NFL-H028,oc_prior_win_pct,>=,0.6781609195402298,0.4432524366471736,43,0.23348837209302323,5,3,35,0.16314285714285715,-0.07034551495016608,0.02591362126245844,False
NFL-H001,hc_prior_games_current_stint,<=,17.95,0.7222167905623789,37,0.4289189189189189,6,11,20,0.3575,-0.07141891891891894,-0.021621621621621623,False
NFL-H056,adv_oc_prior_win_pct,>=,0.16963330786860203,0.73257807773817,33,0.2884848484848485,3,1,29,0.21586206896551724,-0.07262277951933127,0.03239289446185989,False
NFL-H079,hc_prior_games_current_stint,>=,30.550000000000004,0.7951608852340404,93,0.1241935483870968,19,19,55,0.05054545454545453,-0.07364809384164227,0.033431085043988285,False
NFL-H035,dc_prior_win_pct,<=,0.44494949494949493,0.4542102652464495,52,0.15423076923076923,9,8,35,0.07857142857142857,-0.07565934065934066,0.023626373626373764,False
NFL-H082,adv_dc_prior_role_seasons,<=,-1.0,0.6840727174972788,60,0.11199999999999997,11,10,39,0.03538461538461538,-0.07661538461538459,0.02179487179487183,False
NFL-H019,adv_hc_prior_win_pct,<=,-0.22531376518218627,0.9181452607470051,33,0.29363636363636364,3,1,29,0.21689655172413796,-0.07673981191222567,0.03239289446185989,False
NFL-H015,adv_hc_changed_season,<=,-1.0,0.9466820281168108,30,0.3353333333333333,5,3,22,0.25545454545454543,-0.07987878787878788,0.033333333333333326,False
NFL-H008,dc_prior_role_seasons,>=,3.0,0.5553119852537455,64,0.24453125000000003,13,11,40,0.1645,-0.08003125000000003,0.025000000000000022,False
NFL-H039,adv_oc_prior_win_pct,<=,-0.0876514321258256,0.7275208074534163,36,0.2222222222222222,5,3,28,0.13964285714285715,-0.08257936507936506,0.0357142857142857,False
NFL-H036,adv_hc_prior_win_pct,<=,0.0036361063950197947,0.3939754825784237,46,0.17282608695652174,12,11,23,0.0891304347826087,-0.08369565217391305,0.021739130434782594,False
NFL-H023,hc_changed_season,>=,1.0,0.537772657450077,40,0.254,9,7,24,0.16916666666666666,-0.08483333333333334,0.04166666666666674,False
NFL-H093,adv_oc_prior_win_pct,<=,-0.10627272727272737,1.0667838362484459,28,0.13178571428571426,3,1,24,0.04583333333333334,-0.08595238095238092,0.04166666666666674,False
NFL-H083,hc_prior_win_pct,<=,0.3525,0.6132017504353572,50,0.114,5,2,43,0.027674418604651172,-0.08632558139534884,0.038139534883720905,False
NFL-H002,adv_hc_prior_win_pct,<=,-0.18414376321353065,0.8632713707345285,47,0.49489361702127654,10,4,33,0.40727272727272723,-0.08762088974854931,0.03223726627981949,False
NFL-H049,adv_dc_prior_role_seasons,<=,-0.05000000000000071,0.8659670441693021,42,0.29380952380952385,7,4,31,0.20580645161290326,-0.0880030721966206,0.03993855606758834,False
NFL-H049,adv_dc_prior_role_seasons,<=,-1.0,0.8659670441693021,42,0.29380952380952385,7,4,31,0.20580645161290326,-0.0880030721966206,0.03993855606758834,False
NFL-H003,adv_dc_tenure_seasons,>=,1.0,1.1134181662974996,43,0.43744186046511624,6,3,34,0.34823529411764703,-0.08920656634746921,0.022571819425444617,False
NFL-H022,dc_tenure_seasons,>=,3.0,1.141277005789201,40,0.21100000000000002,6,4,30,0.11633333333333334,-0.09466666666666668,0.033333333333333326,False
NFL-H087,dc_prior_win_pct,<=,0.3357142857142857,1.1533289117831336,42,0.11047619047619045,2,2,38,0.013421052631578941,-0.0970551378446115,0.020050125313283207,False
NFL-H057,hc_changed_season,>=,1.0,1.0022272648785542,66,0.125,12,10,44,0.02681818181818185,-0.09818181818181815,0.045454545454545414,False
NFL-H096,adv_hc_tenure_seasons,<=,-2.0,1.128890749601276,31,0.11580645161290325,4,2,25,0.016800000000000034,-0.09900645161290321,0.04387096774193555,False
NFL-H057,adv_hc_changed_season,<=,-1.0,1.0615809548044166,66,0.125,9,6,51,0.024901960784313736,-0.10009803921568626,0.042780748663101664,False
NFL-H051,adv_hc_changed_season,<=,-1.0,1.0347144072234873,50,0.24320000000000003,8,5,37,0.14027027027027028,-0.10292972972972975,0.04054054054054057,False
NFL-H010,oc_prior_win_pct,>=,0.6543478260869565,0.733832292026134,40,0.32175,8,5,27,0.2185185185185185,-0.10323148148148148,0.031481481481481555,False
NFL-H022,oc_prior_win_pct,<=,0.3706200582605077,0.9261594891594891,40,0.21100000000000002,5,2,33,0.10696969696969698,-0.10403030303030304,0.045454545454545414,False
NFL-H076,adv_hc_prior_games,<=,-27.000000000000007,0.588282463918884,42,0.12666666666666665,6,4,32,0.022499999999999992,-0.10416666666666666,0.04613095238095233,False
NFL-H004,adv_dc_changed_season,>=,1.0,0.7974062675115307,34,0.4758823529411765,3,0,31,0.3687096774193548,-0.10717267552182169,0.03984819734345357,False
NFL-H020,adv_oc_prior_games,>=,11.0,1.2645851810790836,34,0.26676470588235296,4,2,28,0.15535714285714283,-0.11140756302521013,0.0357142857142857,False
NFL-H053,adv_hc_prior_games,<=,-14.5,0.8553237677765977,57,0.23912280701754382,11,20,26,0.12769230769230774,-0.11143049932523608,0.02564102564102555,False
NFL-H082,adv_hc_prior_games,>=,24.5,0.595794383638556,60,0.11199999999999997,12,9,39,-0.0028205128205128116,-0.11482051282051278,0.04743589743589749,False
NFL-H087,dc_prior_win_pct,<=,0.4845097412967103,1.2306067180621705,42,0.11047619047619045,5,10,27,-0.010370370370370396,-0.12084656084656084,0.013227513227513255,False
NFL-H039,adv_hc_prior_games_current_stint,>=,13.0,0.6346645021645021,36,0.2222222222222222,10,8,18,0.09722222222222222,-0.12499999999999999,0.05555555555555558,False
NFL-H092,dc_prior_games,>=,41.5,1.4349993766794413,50,0.1276,11,10,29,-0.001379310344827595,-0.1289793103448276,0.046206896551724164,False
NFL-H093,adv_dc_tenure_seasons,<=,-1.0,0.9765623752465857,28,0.13178571428571426,4,2,22,0.0027272727272727396,-0.1290584415584415,0.045454545454545414,False
NFL-H029,dc_tenure_seasons,>=,3.0,0.48185328851510256,60,0.21783333333333338,12,7,41,0.08731707317073173,-0.13051626016260165,0.05325203252032529,False
NFL-H015,hc_changed_season,>=,1.0,0.9636944326990837,30,0.3353333333333333,7,4,19,0.20157894736842108,-0.13375438596491224,0.05964912280701762,False
NFL-H009,adv_oc_prior_win_pct,>=,-0.06138888888888891,0.6267370727417501,92,0.19532608695652173,18,11,63,0.06015873015873017,-0.13516735679779157,0.05555555555555558,False
NFL-H065,dc_prior_games,>=,57.5,0.6623366834003613,120,0.10175000000000001,20,16,84,-0.03428571428571427,-0.13603571428571426,0.04880952380952386,False
NFL-H017,adv_hc_prior_games,>=,1.0,0.6094335858135485,102,0.18235294117647058,24,16,62,0.03967741935483874,-0.14267552182163185,0.06451612903225801,False
NFL-H027,oc_prior_games,<=,24.0,0.5668762217674193,43,0.22906976744186044,10,7,26,0.08538461538461538,-0.14368515205724508,0.05008944543828264,False
NFL-H053,hc_prior_games,<=,34.25,1.1036359722652729,57,0.23912280701754382,9,13,35,0.09342857142857144,-0.14569423558897238,0.04761904761904756,False
NFL-H076,dc_prior_games,>=,74.20000000000002,0.4575694915254238,42,0.12666666666666665,9,8,25,-0.021599999999999984,-0.14826666666666663,0.052380952380952306,False
NFL-H010,dc_tenure_seasons,>=,3.0,0.6660648384505952,40,0.32175,7,2,31,0.17032258064516126,-0.15142741935483872,0.06612903225806455,False
NFL-H031,hc_changed_season,>=,1.0,0.544546318299567,76,0.18289473684210528,13,7,56,0.026249999999999978,-0.1566447368421053,0.06296992481203001,False
NFL-H004,adv_dc_tenure_seasons,>=,1.0,1.1975599471652103,34,0.4758823529411765,6,2,26,0.3157692307692308,-0.16011312217194568,0.04977375565610864,False
NFL-H044,adv_hc_prior_games_current_stint,<=,-13.0,0.921147825354722,40,0.16025000000000006,7,4,29,-0.013448275862068947,-0.173698275862069,0.06120689655172418,False
NFL-H035,adv_hc_prior_games,>=,1.0,0.38753968253968274,52,0.15423076923076923,14,11,27,-0.019999999999999987,-0.17423076923076922,0.0733618233618234,False
NFL-H057,hc_prior_games_current_stint,<=,11.0,0.7327183363071255,66,0.125,13,8,45,-0.05044444444444442,-0.1754444444444444,0.07676767676767682,False
NFL-H028,dc_tenure_seasons,>=,2.9499999999999957,0.5383735064188041,43,0.23348837209302323,7,1,35,0.04142857142857143,-0.1920598006644518,0.0830564784053156,False
NFL-H039,adv_hc_prior_games_current_stint,>=,1.0,1.3642499999999997,36,0.2222222222222222,11,8,17,0.027647058823529396,-0.19457516339869282,0.08823529411764708,False
NFL-H022,hc_prior_games_current_stint,>=,32.0,0.7921377556653341,40,0.21100000000000002,10,6,24,0.014999999999999977,-0.19600000000000004,0.08333333333333326,False
NFL-H076,adv_hc_prior_games,<=,-11.0,0.6900830227405856,42,0.12666666666666665,9,6,27,-0.0796296296296296,-0.20629629629629626,0.08201058201058198,False
NFL-H039,adv_dc_prior_win_pct,>=,0.0,1.1268749999999998,36,0.2222222222222222,7,3,26,0.01576923076923081,-0.2064529914529914,0.07692307692307687,False
NFL-H062,adv_hc_prior_games,>=,1.0,0.4685328336634107,86,0.1197674418604651,27,21,38,-0.09421052631578943,-0.21397796817625453,0.09363525091799263,False
NFL-H053,adv_hc_prior_games,<=,-11.250000000000002,0.9014873981965212,57,0.23912280701754382,12,20,25,0.023200000000000002,-0.21592280701754382,0.05333333333333323,False
NFL-H092,adv_dc_prior_games,>=,0.0,1.1941039315448658,50,0.1276,14,12,24,-0.08999999999999998,-0.21759999999999996,0.08499999999999996,False
NFL-H086,adv_hc_prior_games,>=,0.0,0.7156356977276613,52,0.1182692307692308,16,11,25,-0.13879999999999998,-0.25706923076923077,0.12076923076923085,False
NFL-H053,oc_prior_win_pct,<=,0.45891666666666664,1.03246384991668,57,0.23912280701754382,10,9,38,-0.1531578947368421,-0.3922807017543859,0.0964912280701754,False
