event_date,favorite,opponent,market_prob,won,fight_method,fight_round,fav_age,dog_age,age_gap,reach_gap,height_gap,f_fights,o_fights,f_win_pct,o_win_pct,f_last3,o_last3,f_last5,o_last5,f_layoff,o_layoff,f_sig_diff_pm,o_sig_diff_pm,f_sig_def,o_sig_def,f_td_l15,o_td_l15,f_td_a15,o_td_a15,f_td_def,o_td_def,f_sub15,o_sub15,f_ctrl15,o_ctrl15,f_ctrl_allowed15,o_ctrl_allowed15,f_ground_l15,o_ground_l15,f_finish_win_pct,o_finish_win_pct,f_finish_loss_pct,o_finish_loss_pct,style_danger_score,division
2014-05-24,Takeya Mizugaki,Francisco Rivera,0.5817328211694409,True,Decision - Unanimous,3,30.43731219669124,32.62489989527506,2.187587698583819,-1.0,-1.0,8,3,0.75,0.6666666666666666,1.0,0.6666666666666666,0.8,0.6666666666666666,169,199,1.100436681222707,0.3843913803145021,0.5981630309988519,0.611353711790393,2.096069868995633,1.0483401281304603,3.537117903930131,2.0966802562609206,0.7352941176470589,0.6,0.131004366812227,1.5725101921956903,4.098253275109171,1.581246359930111,2.646288209606986,5.958066394874782,9.956331877729257,6.814210832847992,0.1666666666666666,1.0,0.0,1.0,3,Bantamweight
2014-06-07,Scott Jorgensen,Danny Martinez,0.6976998904709748,True,Decision - Unanimous,3,31.721390582968848,28.980745668973352,-2.740644913995496,-1.0,-1.0,8,1,0.375,0.0,0.0,0.0,0.2,0.0,76,126,-0.6741573033707865,-2.6666666666666665,0.6169527896995708,0.6403940886699507,1.4192785334121822,5.0,5.144884683619161,14.0,0.6129032258064516,,0.3548196333530455,0.0,3.545239503252514,7.5166666666666675,2.128917800118274,0.0,4.4352454169130695,0.0,0.6666666666666666,,0.6,0.0,2,Flyweight
2014-07-16,Gleison Tibau,Pat Healy,0.6135617936565805,True,Decision - Unanimous,3,30.774074758550825,30.99036941210292,0.2162946535520937,-1.0,-2.0,8,2,0.625,0.0,0.3333333333333333,0.0,0.4,0.0,200,88,-0.1500267904983032,-1.5666666666666669,0.6582278481012658,0.4533333333333333,2.41114484729416,1.0,6.268976602964816,8.0,0.972972972972973,0.5,0.6429719592784426,0.0,2.770137524557957,2.8416666666666663,2.4781210930523314,4.9,3.857831755670656,0.0,0.4,,0.3333333333333333,0.0,1,Lightweight
2014-08-16,Ross Pearson,Gray Maynard,0.606060606060606,True,KO/TKO,2,29.88699288828655,35.27245597103294,5.385463082746391,-1.0,-1.0,9,3,0.5555555555555556,0.3333333333333333,0.6666666666666666,0.3333333333333333,0.6,0.3333333333333333,70,259,0.7059888369286469,-2.0253164556962027,0.7020157756354075,0.5705882352941176,1.3576708402473978,4.556962025316456,3.122642932569015,6.835443037974684,0.7954545454545454,1.0,0.0,0.0,1.2264293256901493,5.670886075949368,1.7355558907829234,0.2658227848101265,2.1722733443958364,9.113924050632912,0.4,0.0,0.5,1.0,3,Lightweight
2014-10-25,Darren Elkins,Lucas Martins,0.6734693877551021,True,Decision - Split,3,30.44278801070521,25.952620519244064,-4.490167491461151,-1.0,-2.0,8,3,0.75,0.6666666666666666,0.6666666666666666,0.6666666666666666,0.8,0.6666666666666666,423,101,1.0357958872810358,-0.6404269513008672,0.5661971830985916,0.6153846153846154,2.7418126428027416,0.0,6.169078446306169,0.600400266844563,0.3333333333333333,0.7142857142857143,1.5993907083015992,0.0,5.917745620715918,0.200133422281521,1.7288651942117286,2.151434289526351,14.166031987814163,3.002001334222815,0.3333333333333333,1.0,1.0,1.0,0,Featherweight
2015-04-04,Dustin Poirier,Diego Ferreira,0.5798319327731092,True,KO/TKO,1,26.204507963887007,30.20732800810421,4.002820044217199,-2.0,0.0,10,3,0.8,0.6666666666666666,0.6666666666666666,0.6666666666666666,0.6,0.6666666666666666,189,161,1.9067796610169487,0.0444115470022205,0.6056971514242879,0.5968992248062015,1.9067796610169487,0.6661732050333087,5.373651771956856,1.3323464100666174,0.7222222222222222,0.5,1.386748844375963,1.998519615099926,5.350539291217258,1.0325684678016285,1.9183359013867487,6.484085862324205,7.800462249614792,7.327905255366396,0.625,1.0,0.5,0.0,2,Lightweight
2015-06-20,Dennis Siver,Tatsuya Kawajiri,0.5798319327731092,False,Decision - Unanimous,3,36.43332854199607,37.1178052937432,0.6844767517471269,1.0,-1.0,9,2,0.6666666666666666,0.5,0.6666666666666666,0.5,0.6,0.5,153,435,0.6706625627733679,-0.7200000000000001,0.6663265306122449,0.2978723404255319,0.8747772557913494,2.8800000000000003,3.0617203952697225,12.240000000000002,0.7647058823529411,0.7,0.2915924185971164,1.4400000000000002,1.987688320103677,4.968000000000001,1.4895512716669363,6.540000000000001,1.457962092985582,18.72,0.1666666666666666,1.0,0.6666666666666666,0.0,4,Featherweight
2015-07-15,Tony Ferguson,Josh Thomson,0.7065820777160983,True,Decision - Unanimous,3,31.420220812200117,36.81389761596747,5.393676803767356,5.0,1.0,8,2,0.875,0.5,1.0,0.5,1.0,0.5,137,536,0.662739322533137,-0.3557312252964427,0.7023622047244095,0.593939393939394,0.8836524300441827,2.2233201581027666,1.325478645066274,5.335968379446641,0.8095238095238095,0.0,1.5463917525773196,0.0,0.8836524300441827,4.098320158102767,2.70618556701031,2.623517786561265,1.325478645066274,4.446640316205533,0.7142857142857143,1.0,0.0,0.0,3,Lightweight
2015-08-01,Iuri Alcantara,Leandro Issa,0.6888888888888889,True,Decision - Unanimous,3,34.99045154931313,31.86649965433924,-3.1239518949738887,2.0,2.0,9,1,0.6666666666666666,0.0,0.6666666666666666,0.0,0.6,0.0,160,574,0.176034589252625,-2.604340567612688,0.5011655011655012,0.5,1.8066707844348364,3.005008347245409,2.6405188387893763,15.025041736227047,0.5,,0.5558987029030266,1.5025041736227047,3.089870290302656,2.253756260434057,6.541074737492279,6.36060100166945,9.86720197652872,4.507512520868114,0.3333333333333333,,0.0,1.0,3,Bantamweight
2016-01-30,Alex Caceres,Masio Fullen,0.7195253505933118,True,Decision - Unanimous,3,27.6117921654791,29.31750823083294,1.7057160653538403,3.0,0.0,10,1,0.4,0.0,0.0,0.0,0.4,0.0,238,224,1.4217098943323725,0.594059405940594,0.5972696245733788,,0.2881844380403458,0.0,0.2881844380403458,0.0,0.5531914893617021,0.0,1.729106628242075,0.0,2.3679154658981747,0.0,4.803073967339096,11.732673267326732,2.7377521613832854,0.0,0.5,,0.6666666666666666,1.0,0,Featherweight
2016-02-21,Donald Cerrone,Alex Oliveira,0.7065820777160984,True,Submission,1,32.9014285029809,28.000574960471468,-4.900853542509431,-3.0,2.0,16,3,0.8125,0.6666666666666666,1.0,0.6666666666666666,1.0,0.6666666666666666,274,106,-0.2866798741405431,0.5011933174224344,0.5179621162638799,0.5238095238095238,1.2585945693975062,1.6109785202863964,3.1464864234937657,4.832935560859189,0.896551724137931,0.5714285714285714,0.5244144039156275,0.5369928400954654,1.7760167812609255,4.125894988066826,0.8722759585129939,4.036396181384249,6.607621489336908,1.0739856801909309,0.6923076923076923,1.0,0.3333333333333333,1.0,3,Welterweight
2016-02-21,Chris Camozzi,Joe Riggs,0.6636481241914618,True,KO/TKO,1,29.2545363696722,33.41341711328775,4.158880743615548,5.0,2.0,12,3,0.5,0.3333333333333333,0.3333333333333333,0.3333333333333333,0.2,0.3333333333333333,197,169,0.7293713163064833,0.3843416370106762,0.5608614232209738,0.4615384615384615,0.3315324165029469,3.2028469750889683,1.5471512770137523,3.2028469750889683,0.6938775510204082,0.5,0.5525540275049117,0.0,1.946832023575639,5.530249110320285,2.252578585461689,4.3558718861209975,0.0,14.733096085409256,0.3333333333333333,0.0,0.5,0.5,3,Middleweight
2016-07-23,Edson Barboza,Gilbert Melendez,0.6935031297215627,True,Decision - Unanimous,3,30.503021964858963,34.281333634503106,3.7783116696441432,2.0,2.0,12,2,0.6666666666666666,0.5,0.6666666666666666,0.5,0.6,0.5,91,406,0.6226249634609763,2.0,0.6476190476190475,0.6958333333333333,0.2630809704764689,0.5,1.0523238819058756,1.0,0.8421052631578947,0.7647058823529411,0.1315404852382344,0.0,0.4340836012861736,0.2833333333333333,0.9536685179771996,2.3,2.36772873428822,1.0,0.5,0.0,0.75,0.0,0,Lightweight
2016-07-23,Darren Elkins,Godofredo Pepey,0.679245283018868,True,Decision - Unanimous,3,32.18683477415689,29.06014497217602,-3.126689801980873,-2.0,3.0,11,3,0.7272727272727273,0.6666666666666666,0.6666666666666666,0.6666666666666666,0.6,0.6666666666666666,140,490,1.5634884771802982,-1.8461538461538465,0.5775401069518716,0.4651162790697675,2.8468142792589246,0.0,7.862629914143696,7.912087912087912,0.3,0.6666666666666667,1.0845006778129236,1.978021978021978,6.150022593764122,1.3186813186813189,2.2955264347040214,6.197802197802198,15.589697243560776,0.0,0.25,1.0,0.6666666666666666,1.0,1,Featherweight
2016-12-10,Rustam Khabilov,Jason Saggo,0.6581196581196581,True,Decision - Unanimous,3,30.10054963483165,31.047865459249675,0.9473158244180232,2.0,-3.0,8,3,0.75,0.6666666666666666,1.0,0.6666666666666666,0.6,0.6666666666666666,98,175,0.4164497657470067,-0.0579430226943505,0.6536697247706422,0.467741935483871,4.372722540343571,3.0420086914534044,9.370119729307651,7.822308063737325,0.5714285714285714,0.1999999999999999,0.1561686621551275,0.0,3.565851119208746,5.656687590535973,1.7230609057782404,2.42636407532593,9.994794377928162,17.817479478512798,0.3333333333333333,0.5,0.5,0.0,3,Lightweight
2017-02-11,Glover Teixeira,Jared Cannonier,0.6690070210631895,True,Decision - Unanimous,3,37.29303134219046,32.909642224001864,-4.383389118188596,-1.0,3.0,8,3,0.75,0.6666666666666666,0.6666666666666666,0.6666666666666666,0.6,0.6666666666666666,175,70,1.4910745537276864,1.257050765511684,0.617283950617284,0.6698113207547169,3.1501575078753934,0.0,5.670283514175709,1.4504431909750202,0.6086956521739131,0.4,1.2600630031501574,0.0,6.142807140357019,2.3569701853344083,3.265663283164158,3.976631748589847,38.4319215960798,7.977437550362611,1.0,0.5,0.5,1.0,1,Light Heavyweight
2017-10-21,Andre Fili,Artem Lobov,0.6115107913669064,True,Decision - Unanimous,3,27.324311929745303,31.19571243762705,3.8714005078817486,9.0,2.0,8,3,0.5,0.3333333333333333,0.3333333333333333,0.3333333333333333,0.4,0.3333333333333333,84,182,0.6518960374946741,-1.945454545454545,0.5852372583479789,0.4293015332197615,2.3008095440988496,0.8181818181818181,5.368555602897316,2.454545454545454,0.5555555555555556,0.6428571428571428,0.1917341286749041,0.0,2.9015764806135493,1.6318181818181814,3.297827013208352,1.2727272727272725,8.436301661695783,1.3636363636363635,0.5,0.0,0.75,0.0,0,Featherweight
2017-11-11,Raphael Assuncao,Matthew Lopez,0.7634625062908907,True,KO/TKO,3,35.31626248314476,30.80692964263469,-4.509332840510073,-3.0,-2.0,10,3,0.8,0.6666666666666666,0.6666666666666666,0.6666666666666666,0.8,0.6666666666666666,161,161,1.313012895662368,0.0,0.706618962432916,0.4387096774193548,0.9378663540445488,3.2541322314049586,3.751465416178194,3.71900826446281,0.8148148148148149,0.6,0.1172332942555685,1.3946280991735538,1.3051973427119967,5.87293388429752,0.5568581477139508,4.517045454545455,3.751465416178194,24.173553719008265,0.125,0.5,0.5,1.0,4,Bantamweight
2018-02-10,Ross Pearson,Mizuto Hirota,0.5962732919254659,True,Decision - Unanimous,3,33.375086415189905,36.770091103855655,3.3950046886657503,2.0,1.0,20,3,0.45,0.3333333333333333,0.0,0.3333333333333333,0.2,0.3333333333333333,245,245,-0.4356761200164405,0.4666666666666667,0.6377373111197211,0.4903047091412742,0.9247842170160296,2.0,1.972872996300863,4.333333333333333,0.7402597402597403,0.5714285714285714,0.0,0.0,1.0008220304151252,3.3944444444444444,2.2492807233867658,2.694444444444444,1.6646115906288532,10.666666666666666,0.4444444444444444,0.0,0.3636363636363636,0.0,3,Lightweight
2018-11-30,Tim Means,Ricky Rainey,0.745958429561201,True,KO/TKO,1,34.77689480276803,35.42304085641731,0.6461460536492822,-2.0,1.0,11,1,0.4545454545454545,0.0,0.3333333333333333,0.0,0.4,0.0,300,230,1.3206046141607,-0.6521739130434783,0.6446700507614214,0.4791666666666666,0.5966587112171837,0.0,1.0739856801909309,1.6304347826086958,0.540983606557377,1.0,0.2386634844868735,0.0,1.1535401750198886,0.1358695652173913,3.1503579952267304,0.5434782608695652,6.324582338902148,0.0,0.8,,0.1666666666666666,1.0,0,Welterweight
2018-12-08,Chad Laprise,Dhiego Lima,0.7727272727272727,False,KO/TKO,1,32.37848826464609,29.851400097195697,-2.5270881674503904,-4.0,-4.0,8,1,0.625,0.0,0.6666666666666666,0.0,0.6,0.0,203,1302,1.0549132947976878,-4.941176470588235,0.6541554959785523,0.6666666666666667,1.300578034682081,0.0,2.384393063583815,0.0,0.8,,0.0,0.0,2.619219653179191,0.0,0.4371387283236994,2.117647058823529,6.936416184971098,0.0,0.6,,0.6666666666666666,1.0,0,Welterweight
2019-02-02,Demian Maia,Lyman Good,0.6428571428571429,True,Submission,1,41.24109324626789,33.689945720993585,-7.5511475252743026,-2.0,1.0,16,3,0.75,0.6666666666666666,0.6666666666666666,0.6666666666666666,0.8,0.6666666666666666,259,91,-0.0611668757841907,1.1530815109343937,0.6276303751143641,0.6607669616519174,3.105395232120451,0.5964214711729622,10.51599749058971,0.5964214711729622,0.5,0.8571428571428572,0.9880803011292344,0.0,7.317675658720199,0.6759443339960238,1.3256744040150563,1.003976143141153,13.197929736511917,7.753479125248508,0.4166666666666667,1.0,0.0,0.0,1,Welterweight
2019-09-14,Louis Smolka,Ryan MacDonald,0.6690070210631895,True,KO/TKO,1,28.16484938089078,26.4919881996208,-1.6728611812699796,-3.0,-2.0,12,1,0.5,0.0,0.3333333333333333,0.0,0.2,0.0,189,175,0.553309752400202,-3.6,0.5236051502145922,0.4297520661157025,1.705406771096513,0.0,4.888832743810004,3.0,0.3090909090909091,,2.160181910055583,0.0,4.932415361293581,0.7833333333333333,4.458691258211216,0.1333333333333333,22.28398180899444,0.0,0.6666666666666666,,0.3333333333333333,0.0,0,Bantamweight
2019-09-28,Alex Oliveira,Nicolas Dalby,0.5882115462252726,False,Decision - Unanimous,3,31.600922674661355,34.864507826991655,3.2635851523303003,2.0,0.0,13,3,0.6153846153846154,0.3333333333333333,0.3333333333333333,0.3333333333333333,0.4,0.3333333333333333,154,1120,1.1457455770850884,-0.8666666666666667,0.4525252525252525,0.5863013698630137,2.527379949452401,2.0,6.3184498736310015,4.0,0.5862068965517242,0.6,0.6318449873631002,0.0,5.583403538331929,1.6055555555555554,3.831086773378264,4.833333333333332,12.131423757371524,1.6666666666666663,0.875,0.0,0.8,0.0,1,Welterweight
2020-02-15,Devin Clark,Dequan Townsend,0.7727272727272727,True,Decision - Unanimous,3,29.84592428318172,33.76660711718927,3.920682834007547,-4.0,-3.0,8,1,0.5,0.0,0.3333333333333333,0.0,0.4,0.0,126,231,0.3924677898909812,-1.7757009345794394,0.4449648711943794,0.2558139534883721,3.032705649157582,0.0,7.670961347869177,0.0,0.8,0.3333333333333333,0.1783944499504459,0.0,5.589692765113974,0.0467289719626168,2.994053518334985,10.817757009345796,11.060455896927651,4.205607476635515,0.0,,1.0,1.0,1,Light Heavyweight
2020-02-22,Jake Matthews,Emil Meek,0.6428571428571429,True,Decision - Unanimous,3,25.511817491118915,31.507833836423742,5.996016345304831,-1.0,0.0,9,3,0.6666666666666666,0.3333333333333333,1.0,0.3333333333333333,0.8,0.3333333333333333,140,580,0.7671043538355218,-0.4,0.6352530541012216,0.3199999999999999,1.8659295093296475,0.3333333333333333,4.664823773324119,0.6666666666666666,0.6428571428571428,0.4848484848484848,0.6219765031098825,1.3333333333333333,4.053213545266067,2.8833333333333333,2.741879751209398,9.183333333333332,13.683483068417416,11.666666666666666,0.5,0.0,0.6666666666666666,0.0,2,Welterweight
2020-06-13,Andre Fili,Charles Jourdain,0.6734693877551021,True,Decision - Split,3,29.969130098496205,24.54533631765197,-5.423793780844235,5.0,2.0,14,2,0.5714285714285714,0.5,0.6666666666666666,0.5,0.6,0.5,147,175,0.0383754397185801,-0.0407608695652173,0.5299924069855733,0.4957983193277311,2.4944035817077066,0.0,5.468500159897665,0.0,0.6976744186046512,0.0,0.1918771985929005,0.0,2.486408698433002,0.2139945652173913,2.622321714102974,1.9259510869565215,5.180684362008313,4.891304347826087,0.375,1.0,0.5,0.0,1,Featherweight
2020-11-07,Darren Elkins,Eduardo Garagorri,0.66796875,True,Submission,3,36.47987296111487,31.44759988227,-5.032273078844874,1.0,1.0,16,1,0.75,0.0,0.6666666666666666,0.0,0.8,0.0,483,357,0.6862003780718336,-1.0126582278481011,0.5500963391136802,0.7058823529411764,2.551984877126654,0.0,6.720226843100188,0.0,0.5555555555555556,0.3333333333333333,1.0207939508506616,0.0,5.651228733459357,0.189873417721519,2.52930056710775,4.177215189873418,14.716446124763705,0.0,0.3333333333333333,,0.5,1.0,0,Featherweight
2021-03-13,Rani Yahya,Ray Rodriguez,0.7065820777160984,True,Submission,2,36.4990383101638,33.257356413889404,-3.241681896274393,-3.0,-1.0,10,1,0.6,0.0,0.6666666666666666,0.0,0.6,0.0,763,189,0.40286089621953,0.0,0.5442477876106195,0.6666666666666667,2.101882936797548,23.07692307692308,7.619325645891111,23.07692307692308,0.15,,1.8391475696978543,0.0,4.630710845132096,4.615384615384616,4.34608086410743,0.0,7.487957962341264,0.0,0.8333333333333334,,0.0,1.0,2,Bantamweight
2021-06-26,Charles Rosa,Justin Jaynes,0.6053006554573952,True,Decision - Split,3,34.83986666392876,31.877451282367197,-2.9624153815615664,1.0,2.0,8,3,0.5,0.3333333333333333,0.6666666666666666,0.3333333333333333,0.6,0.3333333333333333,378,203,-0.4881940012763242,-3.0303030303030303,0.4993849938499385,0.6090909090909091,2.0102105934907466,0.0,6.030631780472239,0.9090909090909092,0.4545454545454546,0.5,0.8615188257817485,0.9090909090909092,2.4553286534779835,0.6212121212121212,4.116145500957242,1.2727272727272727,2.7281429483088706,9.09090909090909,0.5,1.0,0.25,1.0,2,Featherweight
2021-06-26,Renato Moicano,Jai Herbert,0.6781609195402298,True,Submission,2,32.099221749933264,33.12046106353998,1.0212393136067135,-5.0,-2.0,8,1,0.625,0.0,0.3333333333333333,0.0,0.4,0.0,196,336,1.1616796580336937,-0.782608695652174,0.6566347469220246,0.4827586206896551,1.584108624591401,0.0,2.941916017098315,0.0,0.75,0.3333333333333333,0.6789036962534574,0.0,1.123962786019613,4.347826086956522,0.4450590897661554,4.304347826086956,2.941916017098315,0.0,0.6,,1.0,1.0,1,Lightweight
2021-08-21,Brian Kelleher,Domingo Pilarte,0.6115107913669063,True,Decision - Unanimous,3,35.00687899135506,31.62556383772425,-3.3813151536308084,-7.0,-6.0,10,1,0.5,0.0,0.3333333333333333,0.0,0.4,0.0,189,763,-1.5780445969125214,-0.8,0.5363288718929254,0.4523809523809523,0.8576329331046312,2.0,3.7735849056603774,5.0,0.5925925925925926,0.75,0.5145797598627787,1.0,2.1040594625500284,6.166666666666666,2.773013150371641,6.633333333333334,4.631217838765008,0.0,0.8,,0.6,0.0,3,Bantamweight
2021-08-21,Alexandre Pantoja,Brandon Royval,0.6115107913669063,True,Submission,2,31.34903523001841,29.013600553057216,-2.335434676961196,-1.0,-4.0,8,3,0.75,0.6666666666666666,0.6666666666666666,0.6666666666666666,0.8,0.6666666666666666,196,273,1.2029546253957089,0.890829694323144,0.5579227696404794,0.4711538461538461,0.9497010200492436,0.7860262008733624,2.690819556806191,0.7860262008733624,0.625,0.5384615384615384,0.7914175167077031,2.358078602620087,3.149841716496659,2.816593886462882,1.75167077031305,6.720524017467249,5.856489623637003,4.716157205240174,0.5,1.0,0.0,1.0,2,Flyweight
2021-10-09,Randy Brown,Jared Gooden,0.725752508361204,True,Decision - Unanimous,3,31.255946391780803,27.84451426107312,-3.4114321307076807,1.0,3.0,10,3,0.6,0.3333333333333333,0.6666666666666666,0.3333333333333333,0.6,0.3333333333333333,168,70,0.6831683168316832,-2.505353319057816,0.5285481239804242,0.4935344827586206,0.891089108910891,0.9635974304068524,2.0792079207920797,0.9635974304068524,0.6857142857142857,0.8333333333333334,0.7425742574257426,0.0,3.5420792079207915,0.698608137044968,4.752475247524752,2.1520342612419703,7.574257425742574,2.890792291220557,0.6666666666666666,1.0,0.75,0.0,0,Welterweight
2021-11-13,Cortney Casey,Liana Jojua,0.7489200863930886,True,Decision - Unanimous,3,34.52774526513207,26.648048899019145,-7.879696366112924,5.0,3.0,10,3,0.4,0.3333333333333333,0.3333333333333333,0.3333333333333333,0.4,0.3333333333333333,511,385,0.2426297938951213,-2.3325062034739457,0.5544388609715243,0.4895833333333333,0.1174015131750587,1.488833746898263,0.9392121054004696,2.2332506203473947,0.3939393939393939,0.5,0.7044090790503523,2.2332506203473947,0.8120271327941561,2.382133995037221,4.670623532481086,6.066997518610421,6.222280198278112,1.488833746898263,0.5,1.0,0.1666666666666666,1.0,2,Women's Flyweight
2021-12-18,Gerald Meerschaert,Dustin Stoltzfus,0.6704377766847024,True,Submission,3,34.00206711979028,30.09233591381069,-3.9097312059795897,2.0,1.0,12,2,0.5833333333333334,0.0,0.6666666666666666,0.0,0.6,0.0,112,154,-0.0332532791428043,-0.5204460966542751,0.533715925394548,0.4619047619047619,2.8265287271383706,0.0,6.318123037132828,5.576208178438662,0.4615384615384615,0.5454545454545454,1.82893035285424,0.0,3.5636430814705347,1.20817843866171,3.33641234066137,6.04089219330855,5.3205246628486975,1.1152416356877324,1.0,,0.6,0.5,0,Middleweight
2022-04-30,Darren Elkins,Tristan Connelly,0.6040343668285394,True,Decision - Unanimous,3,37.95560483788168,36.38130830886329,-1.5742965290183903,3.0,0.0,19,2,0.7368421052631579,0.5,0.6666666666666666,0.5,0.6,0.5,133,371,0.5107661492238357,0.8333333333333334,0.5427603725656224,0.5166666666666666,2.8542814221332,0.5,7.811717576364545,3.5,0.5172413793103448,0.7,0.9764646970455682,0.5,5.784927391086629,3.525,2.6089133700550824,6.508333333333333,14.3465197796695,14.0,0.4285714285714285,0.0,0.6,0.0,3,Featherweight
2022-04-30,Andre Fili,Joanderson Brito,0.6912521440823327,False,KO/TKO,1,31.84733430529032,27.214795649465767,-4.632538655824554,2.0,3.0,16,1,0.5625,0.0,0.3333333333333333,0.0,0.6,0.0,546,105,-0.1663536356318755,-1.2666666666666666,0.5229658792650919,0.5,2.4953045344781324,2.0,5.0711027636168495,4.0,0.6428571428571428,0.0,0.1609873893211698,0.0,2.273946874161524,4.9,3.039978535014757,5.033333333333333,4.829621679635094,0.0,0.3333333333333333,,0.4285714285714285,0.0,2,Featherweight
2022-06-18,Ricardo Ramos,Danny Chavez,0.7421289355322339,True,KO/TKO,1,26.88077099461317,35.264242250011975,8.383471255398806,5.0,1.0,9,2,0.6666666666666666,0.5,0.3333333333333333,0.5,0.6,0.5,231,483,-0.5220952055963146,-1.2333333333333334,0.578177727784027,0.537037037037037,2.6104760279815733,2.5,4.453164988909743,2.5,0.7272727272727273,0.8461538461538461,0.6142296536427231,0.0,1.7710288346698515,1.125,1.6225900017061934,3.583333333333333,3.6853779218563383,4.5,0.3333333333333333,0.0,0.6666666666666666,0.0,2,Featherweight
2022-07-30,Drew Dober,Rafael Alves,0.5990922844175491,True,KO/TKO,3,33.77755874521722,31.707701047933902,-2.0698576972833145,2.0,0.0,15,2,0.6666666666666666,0.5,0.6666666666666666,0.5,0.8,0.5,140,259,0.2944785276073619,-1.369047619047619,0.5271512113617377,0.5755395683453237,0.9815950920245398,0.0,5.521472392638036,0.8928571428571428,0.5681818181818181,0.5,0.1226993865030674,1.7857142857142856,2.985685071574641,0.238095238095238,2.820040899795501,6.889880952380952,8.098159509202453,0.0,0.7,1.0,0.4,0.0,1,Lightweight
2022-08-13,Gabriel Benitez,Charlie Ontiveros,0.7555791710945803,True,KO/TKO,1,34.16086572619561,31.11083732041041,-3.0500284057851985,-3.0,-6.0,8,2,0.375,0.0,0.3333333333333333,0.0,0.2,0.0,175,308,0.2085596350206387,-3.789473684210526,0.6406417112299465,0.2622950819672131,0.0,0.0,0.1955246578318488,0.0,0.4864864864864865,0.2857142857142857,0.5865739734955464,0.0,0.4040842928524876,0.2105263157894736,3.8257658049098415,12.842105263157894,4.301542472300674,1.5789473684210529,0.6666666666666666,,0.6,1.0,0,Lightweight
2022-09-17,Trevin Giles,Louis Cosce,0.6489208633093525,True,Decision - Unanimous,3,30.114239169866597,27.05873495006742,-3.055504219799172,3.0,3.0,9,1,0.5555555555555556,0.0,0.3333333333333333,0.0,0.6,0.0,238,665,0.8943089430894309,-2.0338983050847457,0.5909090909090908,0.4725738396624472,1.371951219512195,1.1734028683181226,2.1341463414634148,10.560625814863103,0.7586206896551724,0.0,0.4573170731707316,0.0,2.990345528455284,1.0365058670143417,3.30030487804878,3.833116036505867,10.97560975609756,29.335071707953063,0.6,,1.0,1.0,2,Welterweight
2022-10-15,Alexa Grasso,Viviane Araujo,0.6547884187082404,True,Decision - Unanimous,5,29.183350787490504,35.89943667563331,6.716085888142807,-2.0,1.0,8,3,0.75,0.6666666666666666,1.0,0.6666666666666666,0.8,0.6666666666666666,203,154,1.1289582377237264,-0.2222222222222222,0.6329555361813426,0.5865800865800865,0.5507113354749885,3.0,0.96374483708123,5.333333333333333,0.6285714285714286,0.875,0.6883891693437356,1.0,2.16154199173933,5.161111111111111,2.567691601652134,0.5555555555555555,2.89123451124369,3.333333333333333,0.1666666666666666,0.0,0.0,0.0,3,Women's Flyweight
2023-03-25,Holly Holm,Yana Santos,0.6805555555555556,True,Decision - Unanimous,3,41.43548464376407,33.36687269416894,-8.06861194959513,1.0,2.0,8,3,0.75,0.6666666666666666,0.6666666666666666,0.6666666666666666,0.8,0.6666666666666666,308,959,0.8826548067054396,1.627620221948212,0.5876068376068376,0.5151515151515151,1.0263427984946971,2.219482120838471,3.284296955183031,3.699136868064119,0.7619047619047619,0.5,0.1026342798494697,0.3699136868064118,3.689702360588437,9.99383477188656,0.579883681149504,1.7632552404438964,3.48956551488197,5.548705302096177,0.1666666666666666,0.0,0.0,1.0,3,Women's Bantamweight
2023-05-13,Ji Yeon Kim,Mandy Bohm,0.6777862016679302,False,Decision - Split,3,33.5667399056791,33.785772466238186,0.2190325605590857,1.0,0.0,9,1,0.3333333333333333,0.0,0.0,0.0,0.2,0.0,287,294,0.0153865880241056,0.8666666666666667,0.5629370629370629,0.6454545454545455,0.0,0.0,0.3461982305423772,1.0,0.4285714285714286,0.6666666666666667,0.0,1.0,1.0635978971663034,0.9166666666666669,1.9002436209770484,7.1,0.4615976407231696,0.0,0.3333333333333333,,0.0,0.0,1,Women's Flyweight
2023-05-20,Joaquin Buckley,Andre Fialho,0.6734574519933716,True,KO/TKO,2,29.062882879183007,29.11764101932278,0.0547581401397714,2.0,-2.0,9,3,0.5555555555555556,0.0,0.3333333333333333,0.0,0.6,0.0,161,182,0.33984375,-3.8863976083707024,0.5500747384155455,0.4559585492227979,1.23046875,0.0,4.04296875,0.0,0.6666666666666667,0.7142857142857143,0.0,0.0,1.2861328125,0.4857997010463377,1.7666015624999998,1.726457399103139,2.8125,0.8968609865470851,0.8,,0.75,0.6666666666666666,0,Welterweight
2023-06-03,Tim Elliott,Victor Altamirano,0.609708848498661,True,Decision - Unanimous,3,36.44154226301704,32.35932291559717,-4.082219347419866,-4.0,-1.0,14,1,0.5,0.0,1.0,0.0,0.6,0.0,455,462,0.9616195698017714,-0.3333333333333333,0.5697445972495088,0.5116279069767442,4.555040067482075,1.0,9.39477013918178,4.0,0.6904761904761905,0.7777777777777778,1.1387600168705188,0.0,5.361661746098694,1.4500000000000002,2.80894137494728,1.3666666666666667,13.000843525938423,0.0,0.1428571428571428,,0.5714285714285714,0.0,1,Flyweight
2023-07-15,JunYong Park,Albert Duraev,0.5823742190069056,True,Submission,2,32.37848826464609,34.52226945111809,2.1437811864720047,-2.0,-1.0,8,2,0.75,0.5,1.0,0.5,0.8,0.5,161,112,1.2108868728013331,-0.48,0.5322128851540616,0.6715686274509804,2.332901314571376,2.4,4.499166820959082,7.199999999999999,0.7073170731707317,,0.8331790409183484,0.0,4.88520644325125,3.5,2.324569524162192,0.2199999999999999,6.998703943714127,6.6,0.3333333333333333,0.0,1.0,1.0,3,Middleweight
2024-02-10,Michael Johnson,Darrius Flowers,0.5829926410466068,True,Decision - Unanimous,3,37.68728995119681,29.46261730220333,-8.22467264899348,2.0,1.0,23,1,0.5217391304347826,0.0,0.3333333333333333,0.0,0.2,0.0,266,196,0.5693680015183147,-3.1509846827133483,0.5883023167489556,0.4059405940594059,0.5693680015183147,1.9693654266958425,1.2526096033402925,5.908096280087527,0.8571428571428572,1.0,0.0569368001518314,0.0,1.0239134560637693,2.067833698030635,1.9396469918390584,2.461706783369803,2.562156006832416,0.0,0.4166666666666667,,0.5454545454545454,1.0,1,Lightweight
2024-03-30,Julio Arce,Herbert Burns,0.7408716136631331,True,KO/TKO,2,34.4237047988665,36.15679993429024,1.7330951354237314,-3.0,-2.0,9,2,0.5555555555555556,0.5,0.3333333333333333,0.5,0.4,0.5,504,1323,0.9907300115874856,-3.5675675675675675,0.6808510638297872,0.2738095238095238,0.5214368482039398,4.864864864864865,1.6946697566628042,6.081081081081081,0.95,0.5,0.3910776361529548,1.2162162162162162,1.0689455388180766,5.148648648648649,1.9966685979142529,8.22972972972973,0.9125144843568946,4.864864864864865,0.6,1.0,0.25,1.0,4,Featherweight
2024-07-27,Molly McCann,Bruna Brasil,0.7307110438729199,False,Decision - Unanimous,3,34.23205130837731,30.88632894583736,-3.345722362539952,-3.0,-2.0,10,1,0.5,0.0,0.3333333333333333,0.0,0.6,0.0,371,469,0.5031446540880504,-5.064935064935065,0.6150375939849624,0.4193548387096774,1.5965166908563138,0.0,5.079825834542817,1.948051948051948,0.4333333333333333,0.0,0.5805515239477504,0.0,1.7779390420899857,2.564935064935065,4.932268988872763,7.564935064935065,6.821480406386068,0.0,0.4,,0.6,1.0,0,Women's Strawweight
2024-11-16,Mickey Gall,Ramiz Brahimaj,0.6037569709421778,False,KO/TKO,1,32.81929129277124,31.99791919067469,-0.8213721020965501,2.0,4.0,10,3,0.5,0.0,0.3333333333333333,0.0,0.4,0.0,952,182,-1.3038416763678695,-2.1640903686087998,0.4909344490934448,0.4483870967741935,1.2223515715948778,0.7134363852556481,4.016298020954598,3.9239001189060647,0.3636363636363636,0.4444444444444444,1.7462165308498254,0.356718192627824,3.070430733410942,1.5873959571938172,4.452852153667055,7.740784780023782,7.334109429569266,0.0,0.8,,0.4,0.3333333333333333,0,Welterweight
