family,rule,n,wins,win_rate,roi,profit100,pre2020_n,pre2020_roi,recent_n,recent_roi,existing_overlap,worst_era_roi,novelty,score
BATTLE_TESTED_VS_THIN_SAMPLE,mkt 0.575-0.775; fav_fights>=8; opp_fights<=3; career_gap>=0.05,52,45,0.8653846153846154,0.26345641155737193,1369.9733400983341,24,0.2829442228824996,28,0.24675257327869113,0.1346153846153846,0.24675257327869113,0.8653846153846154,0.3649238557853098
BATTLE_TESTED_VS_THIN_SAMPLE,mkt 0.575-0.800; fav_fights>=8; opp_fights<=3; career_gap>=0.05,56,49,0.875,0.25991365231106617,1455.5164529419706,26,0.27754589477206176,30,0.24463237551153663,0.14285714285714285,0.24463237551153663,0.8571428571428572,0.3613164395346955
BATTLE_TESTED_VS_THIN_SAMPLE,mkt 0.575-0.725; fav_fights>=8; opp_fights<=4; career_gap>=0.05,59,50,0.847457627118644,0.2710742471667827,1599.3380582840177,28,0.33359462652691924,31,0.21460422709956253,0.1016949152542373,0.21460422709956253,0.8983050847457628,0.3364293661503094
BATTLE_TESTED_VS_THIN_SAMPLE,mkt 0.575-0.700; fav_fights>=8; opp_fights<=4; career_gap>=0.05,52,43,0.8269230769230769,0.25749448124203383,1338.971302458576,23,0.3251183793582636,29,0.20386173446019648,0.057692307692307696,0.20386173446019648,0.9423076923076923,0.3222540336641391
BATTLE_TESTED_VS_THIN_SAMPLE,mkt 0.600-0.800; fav_fights>=8; opp_fights<=3; career_gap>=0.00,50,44,0.88,0.2430654028921082,1215.327014460541,22,0.28340324659059757,28,0.21137138284329512,0.16,0.21137138284329512,0.84,0.32164427385553296
BATTLE_TESTED_VS_THIN_SAMPLE,mkt 0.575-0.750; fav_fights>=8; opp_fights<=3; career_gap>=0.00,51,43,0.8431372549019608,0.2427781441752018,1238.1685352935292,23,0.28349526430042254,28,0.2093319383580562,0.09803921568627451,0.2093319383580562,0.9019607843137255,0.32136311234878856
BATTLE_TESTED_VS_THIN_SAMPLE,mkt 0.550-0.725; fav_fights>=8; opp_fights<=4; career_gap>=0.05,64,52,0.8125,0.2245732957448088,1437.2690927667763,33,0.23393817841155526,31,0.21460422709956253,0.09375,0.21460422709956253,0.90625,0.3203923806102456
BATTLE_TESTED_VS_THIN_SAMPLE,mkt 0.575-0.750; fav_fights>=10; opp_fights<=5; career_gap>=0.00,51,42,0.8235294117647058,0.23119971470238304,1179.1185449821535,20,0.2614204481878731,31,0.21170246729238945,0.11764705882352941,0.21170246729238945,0.8823529411764706,0.31909295567351764
BATTLE_TESTED_VS_THIN_SAMPLE,mkt 0.575-0.775; fav_fights>=10; opp_fights<=5; career_gap>=0.00,53,44,0.8301886792452831,0.23241256559437848,1231.786597650206,22,0.2615949768380903,31,0.21170246729238945,0.1509433962264151,0.21170246729238945,0.8490566037735849,0.31851856336362944
BATTLE_TESTED_VS_THIN_SAMPLE,mkt 0.575-0.800; fav_fights>=10; opp_fights<=5; career_gap>=0.00,56,47,0.8392857142857143,0.23190899500028914,1298.6903720016192,24,0.2583505661424867,32,0.21207781664364098,0.16071428571428573,0.21207781664364098,0.8392857142857143,0.3184245363223136
BATTLE_TESTED_VS_THIN_SAMPLE,mkt 0.575-0.775; fav_fights>=8; opp_fights<=3; career_gap>=0.00,55,46,0.8363636363636363,0.22144969819969706,1217.973340098334,25,0.23162645396719958,30,0.2129690683934451,0.12727272727272726,0.2129690683934451,0.8727272727272728,0.31665828094515724
BATTLE_TESTED_VS_THIN_SAMPLE,mkt 0.575-0.800; fav_fights>=8; opp_fights<=3; career_gap>=0.00,59,50,0.847457627118644,0.22093499202406278,1303.5164529419703,27,0.2302293801508743,32,0.2130928520420656,0.13559322033898305,0.2130928520420656,0.864406779661017,0.31635230264031805
BATTLE_TESTED_VS_THIN_SAMPLE,mkt 0.575-0.725; fav_fights>=8; opp_fights<=4; career_gap>=0.00,69,56,0.8115942028985508,0.21439632257486835,1479.3346257665917,33,0.21952496432707452,36,0.209695067635346,0.11594202898550725,0.209695067635346,0.8840579710144928,0.31125551966698467
BATTLE_TESTED_VS_THIN_SAMPLE,mkt 0.550-0.800; fav_fights>=10; opp_fights<=4; career_gap>=0.00,51,42,0.8235294117647058,0.2176509395868819,1110.0197918930976,23,0.2076565375603623,28,0.22586062696580875,0.13725490196078433,0.2076565375603623,0.8627450980392157,0.30971671935694745
BATTLE_TESTED_VS_THIN_SAMPLE,mkt 0.550-0.725; fav_fights>=10; opp_fights<=5; career_gap>=0.00,52,43,0.8269230769230769,0.2643172477231277,1374.449688160264,23,0.18861879145209323,29,0.32435395442084475,0.09615384615384616,0.18861879145209323,0.9038461538461539,0.30824521277057254
BATTLE_TESTED_VS_THIN_SAMPLE,mkt 0.550-0.750; fav_fights>=8; opp_fights<=3; career_gap>=0.05,52,43,0.8269230769230769,0.22291039471825164,1159.1340525349085,26,0.20038639428167349,26,0.2454343951548298,0.09615384615384616,0.20038639428167349,0.9038461538461539,0.3055204170484462
BATTLE_TESTED_VS_THIN_SAMPLE,mkt 0.550-0.700; fav_fights>=8; opp_fights<=4; career_gap>=0.05,57,45,0.7894736842105263,0.20647409420023413,1176.9023369413346,28,0.20917975250241605,29,0.20386173446019648,0.05263157894736842,0.20386173446019648,0.9473684210526316,0.30454872006185735
BATTLE_TESTED_VS_THIN_SAMPLE,mkt 0.550-0.800; fav_fights>=10; opp_fights<=5; career_gap>=0.00,62,51,0.8225806451612904,0.22307880720576026,1383.0886046757137,28,0.20015551693282813,34,0.24195681095993976,0.14516129032258066,0.20015551693282813,0.8548387096774194,0.3038782607451668
BATTLE_TESTED_VS_THIN_SAMPLE,mkt 0.575-0.700; fav_fights>=8; opp_fights<=4; career_gap>=0.00,60,48,0.8,0.2135386701474244,1281.2320208845463,26,0.23092455825822106,34,0.20024357923916816,0.06666666666666667,0.20024357923916816,0.9333333333333333,0.3029821137907667
BATTLE_TESTED_VS_THIN_SAMPLE,mkt 0.575-0.725; fav_fights>=8; opp_fights<=5; career_gap>=0.00,82,66,0.8048780487804879,0.21038434397557507,1725.1516205997154,38,0.21904919150891877,44,0.20290106656041454,0.12195121951219512,0.20290106656041454,0.8780487804878049,0.3028770503665
BATTLE_TESTED_VS_THIN_SAMPLE,mkt 0.550-0.775; fav_fights>=10; opp_fights<=5; career_gap>=0.00,59,48,0.8135593220338984,0.22308217463123742,1316.1848303243007,26,0.19842424527451905,33,0.24250963412440948,0.13559322033898305,0.19842424527451905,0.864406779661017,0.3024352097852826
BATTLE_TESTED_VS_THIN_SAMPLE,mkt 0.550-0.750; fav_fights>=10; opp_fights<=5; career_gap>=0.00,57,46,0.8070175438596491,0.22166961011513123,1263.516777656248,24,0.19301457710237369,33,0.24250963412440948,0.10526315789473684,0.19301457710237369,0.8947368421052632,0.2974410459058275
BATTLE_TESTED_VS_THIN_SAMPLE,mkt 0.575-0.700; fav_fights>=8; opp_fights<=5; career_gap>=0.00,72,57,0.7916666666666666,0.20746051144226899,1493.7156823843368,30,0.2250083545308623,42,0.19492633780755952,0.06944444444444445,0.19492633780755952,0.9305555555555556,0.2954541834790203
BATTLE_TESTED_VS_THIN_SAMPLE,mkt 0.600-0.725; fav_fights>=8; opp_fights<=4; career_gap>=0.00,55,45,0.8181818181818182,0.20395060251564187,1121.7283138360303,26,0.23049387282270845,29,0.18015318775758232,0.14545454545454545,0.18015318775758232,0.8545454545454545,0.2771722622744206
BATTLE_TESTED_VS_THIN_SAMPLE,mkt 0.575-0.800; fav_fights>=8; opp_fights<=4; career_gap>=0.05,75,63,0.84,0.21796592749093818,1634.7444561820364,34,0.28068633330656634,41,0.16595388364383187,0.14666666666666667,0.16595388364383187,0.8533333333333333,0.26784195826566026
BATTLE_TESTED_VS_THIN_SAMPLE,mkt 0.575-0.750; fav_fights>=8; opp_fights<=4; career_gap>=0.05,66,55,0.8333333333333334,0.23456362769529007,1548.1199427889144,29,0.33223335137284693,37,0.15801168211017785,0.12121212121212122,0.15801168211017785,0.8787878787878788,0.26647258816716574
BATTLE_TESTED_VS_THIN_SAMPLE,mkt 0.575-0.775; fav_fights>=8; opp_fights<=4; career_gap>=0.05,70,58,0.8285714285714286,0.21827496394195986,1527.924747593719,31,0.28725927290589776,39,0.16344128245780407,0.14285714285714285,0.16344128245780407,0.8571428571428572,0.2655518055517757
BATTLE_TESTED_VS_THIN_SAMPLE,mkt 0.600-0.725; fav_fights>=8; opp_fights<=5; career_gap>=0.00,62,50,0.8064516129032258,0.184933836402823,1146.5897856975025,29,0.19933515452652442,33,0.172278132597146,0.16129032258064516,0.172278132597146,0.8387096774193549,0.26216626566071466
BATTLE_TESTED_VS_THIN_SAMPLE,mkt 0.550-0.800; fav_fights>=8; opp_fights<=3; career_gap>=0.05,60,50,0.8333333333333334,0.20408032836389164,1224.4819701833499,30,0.16352828121624666,30,0.24463237551153663,0.13333333333333333,0.16352828121624666,0.8666666666666667,0.26095639614360877
BATTLE_TESTED_VS_THIN_SAMPLE,mkt 0.575-0.800; fav_fights>=8; opp_fights<=5; career_gap>=0.00,103,84,0.8155339805825242,0.1841260515583703,1896.498331051214,48,0.20000508139226972,55,0.17026798915787625,0.1941747572815534,0.17026798915787625,0.8058252427184466,0.25888686448485926
BATTLE_TESTED_VS_THIN_SAMPLE,mkt 0.575-0.725; fav_fights>=8; opp_fights<=5; career_gap>=0.05,66,54,0.8181818181818182,0.22693827329372165,1497.792603738563,32,0.3060998436655997,34,0.15243326588489528,0.10606060606060606,0.15243326588489528,0.8939393939393939,0.2586798433558797
BATTLE_TESTED_VS_THIN_SAMPLE,mkt 0.550-0.775; fav_fights>=8; opp_fights<=3; career_gap>=0.05,56,46,0.8214285714285714,0.20338193881066308,1138.9388573397132,28,0.16001130434263505,28,0.24675257327869113,0.125,0.16001130434263505,0.875,0.25744498292636714
BATTLE_TESTED_VS_THIN_SAMPLE,mkt 0.575-0.750; fav_fights>=8; opp_fights<=5; career_gap>=0.00,91,73,0.8021978021978022,0.19041845758011766,1732.8079639790708,40,0.223025430685701,51,0.16484436102671898,0.15384615384615385,0.16484436102671898,0.8461538461538461,0.25687543656437556
BATTLE_TESTED_VS_THIN_SAMPLE,mkt 0.575-0.775; fav_fights>=8; opp_fights<=5; career_gap>=0.00,97,78,0.8041237113402062,0.18210544417622768,1766.4228085094085,44,0.19839517943076448,53,0.16858189038000843,0.18556701030927836,0.16858189038000843,0.8144329896907216,0.25675178553240974
BATTLE_TESTED_VS_THIN_SAMPLE,mkt 0.550-0.800; fav_fights>=8; opp_fights<=4; career_gap>=0.05,80,65,0.8125,0.18408443633309937,1472.675490664795,39,0.20314476095514986,41,0.16595388364383187,0.1375,0.16595388364383187,0.8625,0.2562584363604166
BATTLE_TESTED_VS_THIN_SAMPLE,mkt 0.575-0.800; fav_fights>=8; opp_fights<=4; career_gap>=0.00,86,70,0.813953488372093,0.17940814392431595,1542.9100377491172,40,0.19321749383270123,46,0.1674000135691984,0.16279069767441862,0.1674000135691984,0.8372093023255813,0.2553091430124764
BATTLE_TESTED_VS_THIN_SAMPLE,mkt 0.550-0.775; fav_fights>=8; opp_fights<=4; career_gap>=0.05,75,60,0.8,0.1821141042768637,1365.8557820764777,36,0.20234299458084495,39,0.16344128245780407,0.13333333333333333,0.16344128245780407,0.8666666666666667,0.25318121895470636
BATTLE_TESTED_VS_THIN_SAMPLE,mkt 0.550-0.750; fav_fights>=8; opp_fights<=4; career_gap>=0.05,71,57,0.8028169014084507,0.1952184475030525,1386.0509772716728,34,0.23570816278353374,37,0.15801168211017785,0.11267605633802817,0.15801168211017785,0.8873239436619719,0.2529578570461054
BATTLE_TESTED_VS_THIN_SAMPLE,mkt 0.575-0.775; fav_fights>=8; opp_fights<=4; career_gap>=0.00,81,65,0.8024691358024691,0.1772951023655309,1436.0903291608001,37,0.19163248326939522,44,0.16523866842364496,0.16049382716049382,0.16523866842364496,0.8395061728395061,0.252477139436766
BATTLE_TESTED_VS_THIN_SAMPLE,mkt 0.575-0.750; fav_fights>=8; opp_fights<=4; career_gap>=0.00,76,61,0.8026315789473685,0.18791006714098527,1428.116510271488,34,0.22171886676036123,42,0.16054103887768095,0.13157894736842105,0.16054103887768095,0.868421052631579,0.25236219395597315
BATTLE_TESTED_VS_THIN_SAMPLE,mkt 0.575-0.800; fav_fights>=10; opp_fights<=6; career_gap>=0.00,67,54,0.8059701492537313,0.18737674609032842,1255.4241988052004,31,0.16026190388443443,36,0.21072563798984828,0.14925373134328357,0.16026190388443443,0.8507462686567164,0.25136615307575083
BATTLE_TESTED_VS_THIN_SAMPLE,mkt 0.600-0.700; fav_fights>=8; opp_fights<=5; career_gap>=0.00,52,41,0.7884615384615384,0.17599112451579307,915.153847482124,21,0.20033813523124577,31,0.15949798822467992,0.09615384615384616,0.15949798822467992,0.9038461538461539,0.2482102664205921
BATTLE_TESTED_VS_THIN_SAMPLE,mkt 0.550-0.750; fav_fights>=8; opp_fights<=3; career_gap>=0.00,55,44,0.8,0.18311528227907428,1007.1340525349085,27,0.15592763893790781,28,0.2093319383580562,0.09090909090909091,0.15592763893790781,0.9090909090909091,0.2472907150083111
BATTLE_TESTED_VS_THIN_SAMPLE,mkt 0.575-0.775; fav_fights>=10; opp_fights<=6; career_gap>=0.00,64,51,0.796875,0.18570631632090429,1188.5204244537874,29,0.15595844563571634,35,0.21035455203148856,0.140625,0.15595844563571634,0.859375,0.24673690634803283
BATTLE_TESTED_VS_THIN_SAMPLE,mkt 0.575-0.725; fav_fights>=10; opp_fights<=6; career_gap>=0.00,57,46,0.8070175438596491,0.21873426005083346,1246.7852822897507,26,0.14238449037293938,31,0.282769550748422,0.10526315789473684,0.14238449037293938,0.8947368421052632,0.24578358665388897
BATTLE_TESTED_VS_THIN_SAMPLE,mkt 0.600-0.725; fav_fights>=8; opp_fights<=6; career_gap>=0.05,60,50,0.8333333333333334,0.21772338969089067,1306.340338145344,30,0.2944938771890755,30,0.1409529021927058,0.15,0.1409529021927058,0.85,0.2426560885845175
BATTLE_TESTED_VS_THIN_SAMPLE,mkt 0.575-0.700; fav_fights>=8; opp_fights<=5; career_gap>=0.05,58,46,0.7931034482758621,0.20760215768617038,1204.0925145797883,26,0.2922667248635455,32,0.13881219685455307,0.05172413793103448,0.13881219685455307,0.9482758620689655,0.23992122790678166
BATTLE_TESTED_VS_THIN_SAMPLE,mkt 0.550-0.800; fav_fights>=10; opp_fights<=6; career_gap>=0.00,76,61,0.8026315789473685,0.2045119202925421,1554.2905942233199,36,0.14202224021826987,40,0.2607526323593871,0.13157894736842105,0.14202224021826987,0.868421052631579,0.23965404389960698
BATTLE_TESTED_VS_THIN_SAMPLE,mkt 0.575-0.750; fav_fights>=10; opp_fights<=6; career_gap>=0.00,62,49,0.7903225806451613,0.18320199544931204,1135.8523717857347,27,0.14800423691686102,35,0.21035455203148856,0.11290322580645161,0.14800423691686102,0.8870967741935484,0.2387378385499267
BATTLE_TESTED_VS_THIN_SAMPLE,mkt 0.550-0.775; fav_fights>=10; opp_fights<=6; career_gap>=0.00,73,58,0.7945205479452054,0.2037516191605352,1487.386819871907,34,0.1372787220845889,39,0.26170234994469355,0.1232876712328767,0.1372787220845889,0.8767123287671232,0.23489315865378993
BATTLE_TESTED_VS_THIN_SAMPLE,mkt 0.550-0.725; fav_fights>=10; opp_fights<=6; career_gap>=0.00,66,53,0.803030303030303,0.2341896481375561,1545.6516777078702,31,0.1240863992624733,35,0.33170966856977235,0.09090909090909091,0.1240863992624733,0.9090909090909091,0.2333255033833452
BATTLE_TESTED_VS_THIN_SAMPLE,mkt 0.600-0.725; fav_fights>=8; opp_fights<=5; career_gap>=0.05,53,44,0.8301886792452831,0.2176264848223035,1153.4203695582087,24,0.3282102167178952,29,0.12610891359836562,0.1320754716981132,0.12610891359836562,0.8679245283018868,0.22831591913522847
BATTLE_TESTED_VS_THIN_SAMPLE,mkt 0.550-0.750; fav_fights>=10; opp_fights<=6; career_gap>=0.00,71,56,0.7887323943661971,0.2020730658033598,1434.7187672038544,32,0.12939987575610926,39,0.26170234994469355,0.09859154929577464,0.12939987575610926,0.9014084507042254,0.22716770230841193
BATTLE_TESTED_VS_THIN_SAMPLE,mkt 0.550-0.800; fav_fights>=10; opp_fights<=6; career_gap>=0.05,57,44,0.7719298245614035,0.14647560153331046,834.9109287398696,31,0.1428194735640001,26,0.15083483103518053,0.14035087719298245,0.1428194735640001,0.8596491228070176,0.2198754077848693
BATTLE_TESTED_VS_THIN_SAMPLE,mkt 0.600-0.800; fav_fights>=8; opp_fights<=4; career_gap>=0.00,72,59,0.8194444444444444,0.1646255174747995,1185.3037258185564,33,0.19627929163348512,39,0.13784155472514242,0.19444444444444445,0.13784155472514242,0.8055555555555556,0.21962715250798892
BATTLE_TESTED_VS_THIN_SAMPLE,mkt 0.600-0.700; fav_fights>=8; opp_fights<=6; career_gap>=0.05,50,40,0.8,0.1887349463490379,943.6747317451895,22,0.27040459056415744,28,0.12456594018001552,0.06,0.12456594018001552,0.94,0.21882317140217877
BATTLE_TESTED_VS_THIN_SAMPLE,mkt 0.575-0.725; fav_fights>=8; opp_fights<=6; career_gap>=0.00,101,77,0.7623762376237624,0.14594071873715594,1474.001259245275,49,0.1518633521903655,52,0.14035977567547767,0.1188118811881188,0.14035977567547767,0.8811881188118812,0.21787467079783868
BATTLE_TESTED_VS_THIN_SAMPLE,mkt 0.600-0.800; fav_fights>=8; opp_fights<=5; career_gap>=0.00,83,68,0.8192771084337349,0.15878752965650617,1317.9364961490012,39,0.18095113104510874,44,0.13914251933479027,0.24096385542168675,0.13914251933479027,0.7590361445783133,0.21748923905191683
BATTLE_TESTED_VS_THIN_SAMPLE,mkt 0.550-0.775; fav_fights>=10; opp_fights<=6; career_gap>=0.05,55,42,0.7636363636363637,0.14386599424399002,791.2629683419451,30,0.1404879241012398,25,0.14791967841529025,0.14545454545454545,0.1404879241012398,0.8545454545454545,0.21647738572299993
BATTLE_TESTED_VS_THIN_SAMPLE,mkt 0.575-0.800; fav_fights>=8; opp_fights<=5; career_gap>=0.05,84,69,0.8214285714285714,0.18953255482274292,1592.0734605110406,39,0.2641259253845901,45,0.12488496700247538,0.16666666666666666,0.12488496700247538,0.8333333333333334,0.2162213611904354
BATTLE_TESTED_VS_THIN_SAMPLE,mkt 0.600-0.775; fav_fights>=8; opp_fights<=4; career_gap>=0.00,67,54,0.8059701492537313,0.16096776376570732,1078.484017230239,30,0.19463062505215278,37,0.1336735519118326,0.19402985074626866,0.1336735519118326,0.8059701492537313,0.2141913737074421
BATTLE_TESTED_VS_THIN_SAMPLE,mkt 0.600-0.725; fav_fights>=8; opp_fights<=6; career_gap>=0.00,74,59,0.7972972972972973,0.17084549035731586,1264.2566286441374,37,0.21346363408805963,37,0.12822734662657215,0.16216216216216217,0.12822734662657215,0.8378378378378378,0.2131584033867678
BATTLE_TESTED_VS_THIN_SAMPLE,mkt 0.600-0.775; fav_fights>=8; opp_fights<=5; career_gap>=0.00,77,62,0.8051948051948052,0.1542676589100254,1187.8609736071955,35,0.1767496599681123,42,0.1355326580282863,0.23376623376623376,0.1355326580282863,0.7662337662337663,0.2125133516338082
BATTLE_TESTED_VS_THIN_SAMPLE,mkt 0.600-0.750; fav_fights>=8; opp_fights<=4; career_gap>=0.00,62,50,0.8064516129032258,0.17266293521627862,1070.5101983409274,27,0.2328503089055275,35,0.12623267551314374,0.16129032258064516,0.12623267551314374,0.8387096774193549,0.21182599316142192
BATTLE_TESTED_VS_THIN_SAMPLE,mkt 0.550-0.800; fav_fights>=8; opp_fights<=3; career_gap>=0.00,63,51,0.8095238095238095,0.17023523336243646,1072.4819701833496,31,0.1259951108544322,32,0.2130928520420656,0.12698412698412698,0.1259951108544322,0.873015873015873,0.21176791872176115
BATTLE_TESTED_VS_THIN_SAMPLE,mkt 0.550-0.750; fav_fights>=10; opp_fights<=6; career_gap>=0.05,54,41,0.7592592592592593,0.1415251743175774,764.235941314918,29,0.13601267078506632,25,0.14791967841529025,0.12962962962962962,0.13601267078506632,0.8703703703703703,0.21165759290732952
BATTLE_TESTED_VS_THIN_SAMPLE,mkt 0.575-0.775; fav_fights>=8; opp_fights<=5; career_gap>=0.05,79,64,0.810126582278481,0.18800680404085107,1485.2537519227235,36,0.2684059227127386,43,0.1206959139899685,0.16455696202531644,0.1206959139899685,0.8354430379746836,0.21156158654350687
BATTLE_TESTED_VS_THIN_SAMPLE,mkt 0.650-0.800; fav_fights>=8; opp_fights<=5; career_gap>=0.00,59,50,0.847457627118644,0.15472969463102973,912.9051983230754,30,0.17148753636976927,29,0.1373939962806095,0.3389830508474576,0.1373939962806095,0.6610169491525424,0.21137989787604616
BATTLE_TESTED_VS_THIN_SAMPLE,mkt 0.600-0.750; fav_fights>=8; opp_fights<=5; career_gap>=0.00,71,57,0.8028169014084507,0.16256987733476874,1154.246129076858,31,0.20573765907607527,40,0.12911484648525615,0.19718309859154928,0.12911484648525615,0.8028169014084507,0.21009881059467872
BATTLE_TESTED_VS_THIN_SAMPLE,mkt 0.575-0.750; fav_fights>=8; opp_fights<=5; career_gap>=0.05,75,61,0.8133333333333334,0.2007265262823891,1505.4489471179184,34,0.30565714551142115,41,0.1137108908241675,0.14666666666666667,0.1137108908241675,0.8533333333333333,0.2095651750230037
BATTLE_TESTED_VS_THIN_SAMPLE,mkt 0.600-0.800; fav_fights>=8; opp_fights<=4; career_gap>=0.05,64,54,0.84375,0.19641232635442946,1257.0388886683486,27,0.30710563714889694,37,0.11563612658549383,0.171875,0.11563612658549383,0.828125,0.20922419080954413
BATTLE_TESTED_VS_THIN_SAMPLE,mkt 0.550-0.725; fav_fights>=8; opp_fights<=4; career_gap>=0.00,77,60,0.7792207792207793,0.17678828626668752,1361.269804253494,39,0.11855472224669346,38,0.23655431249773412,0.1038961038961039,0.11855472224669346,0.8961038961038961,0.20731373932315095
BATTLE_TESTED_VS_THIN_SAMPLE,mkt 0.575-0.700; fav_fights>=8; opp_fights<=6; career_gap>=0.00,89,66,0.7415730337078652,0.1318651464930918,1173.599803788517,39,0.13277001137182237,50,0.13115935188768196,0.056179775280898875,0.13115935188768196,0.9438202247191011,0.20562675990183715
BATTLE_TESTED_VS_THIN_SAMPLE,mkt 0.550-0.775; fav_fights>=8; opp_fights<=3; career_gap>=0.00,59,47,0.7966101694915254,0.16727777243045985,986.9388573397132,29,0.12001091453771659,30,0.2129690683934451,0.11864406779661017,0.12001091453771659,0.8813559322033898,0.2049988128544792
BATTLE_TESTED_VS_THIN_SAMPLE,mkt 0.550-0.750; fav_fights>=8; opp_fights<=4; career_gap>=0.00,84,65,0.7738095238095238,0.1559585343759989,1310.0516887583908,40,0.12294379536699672,44,0.1859719334750918,0.11904761904761904,0.12294379536699672,0.8809523809523809,0.20395785382716775
BATTLE_TESTED_VS_THIN_SAMPLE,mkt 0.650-0.775; fav_fights>=8; opp_fights<=5; career_gap>=0.00,53,44,0.8301886792452831,0.14770371241156033,782.8296757812698,26,0.16437577227760647,27,0.13164913624425661,0.33962264150943394,0.13164913624425661,0.6603773584905661,0.20315675634301972
BATTLE_TESTED_VS_THIN_SAMPLE,mkt 0.600-0.775; fav_fights>=8; opp_fights<=4; career_gap>=0.05,59,49,0.8305084745762712,0.19495240340339517,1150.2191800800315,24,0.31889809711165795,35,0.10996107057487209,0.1694915254237288,0.10996107057487209,0.8305084745762712,0.2031096660033485
BATTLE_TESTED_VS_THIN_SAMPLE,mkt 0.600-0.750; fav_fights>=8; opp_fights<=4; career_gap>=0.05,55,46,0.8363636363636363,0.21280261368640482,1170.4143752752266,22,0.381058366382251,33,0.10063211188917412,0.14545454545454545,0.10063211188917412,0.8545454545454545,0.20074939031577943
BATTLE_TESTED_VS_THIN_SAMPLE,mkt 0.600-0.700; fav_fights>=8; opp_fights<=6; career_gap>=0.00,62,48,0.7741935483870968,0.15546051180441606,963.8551731873796,27,0.20869928323819872,35,0.11439060241264086,0.08064516129032258,0.11439060241264086,0.9193548387096774,0.19638242670547681
BATTLE_TESTED_VS_THIN_SAMPLE,mkt 0.600-0.800; fav_fights>=8; opp_fights<=6; career_gap>=0.05,79,65,0.8227848101265823,0.16463559429339514,1300.6211949178216,38,0.21948769495716022,41,0.11379706197088116,0.21518987341772153,0.11379706197088116,0.7848101265822784,0.19496382377103783
BATTLE_TESTED_VS_THIN_SAMPLE,mkt 0.600-0.775; fav_fights>=8; opp_fights<=6; career_gap>=0.05,73,60,0.821917808219178,0.17723308031911017,1293.8014863295043,34,0.2559480745891665,39,0.1086097519811123,0.2054794520547945,0.1086097519811123,0.7945205479452055,0.19447694653115702
BATTLE_TESTED_VS_THIN_SAMPLE,mkt 0.625-0.800; fav_fights>=8; opp_fights<=5; career_gap>=0.00,69,58,0.8405797101449275,0.16348651480156504,1128.0569521307987,34,0.21287641795826434,35,0.11550775173505706,0.2898550724637681,0.11550775173505706,0.7101449275362319,0.19403237974169177
BATTLE_TESTED_VS_THIN_SAMPLE,mkt 0.550-0.700; fav_fights>=8; opp_fights<=4; career_gap>=0.00,68,52,0.7647058823529411,0.17105399990756603,1163.167199371449,32,0.10572965186066664,36,0.22912008706036546,0.058823529411764705,0.10572965186066664,0.9411764705882353,0.1938338459459618
BATTLE_TESTED_VS_THIN_SAMPLE,mkt 0.550-0.725; fav_fights>=8; opp_fights<=5; career_gap>=0.05,76,57,0.75,0.13252002758551223,1007.152209649893,41,0.14362905015640226,35,0.11950660114532684,0.09210526315789473,0.11950660114532684,0.9078947368421053,0.1931254529055193
BATTLE_TESTED_VS_THIN_SAMPLE,mkt 0.600-0.750; fav_fights>=8; opp_fights<=6; career_gap>=0.05,69,57,0.8260869565217391,0.1904343016702463,1313.9966815246994,32,0.29474888330504345,37,0.10021628512123251,0.18840579710144928,0.10021628512123251,0.8115942028985508,0.19121611679277523
BATTLE_TESTED_VS_THIN_SAMPLE,mkt 0.575-0.800; fav_fights>=8; opp_fights<=6; career_gap>=0.00,123,95,0.7723577235772358,0.1256380463168109,1545.3479696967738,60,0.12862798144696572,63,0.12279048904999672,0.18699186991869918,0.12279048904999672,0.8130081300813008,0.19115404916331954
BATTLE_TESTED_VS_THIN_SAMPLE,mkt 0.575-0.775; fav_fights>=8; opp_fights<=6; career_gap>=0.00,116,89,0.7672413793103449,0.13062693509956622,1515.272447154968,55,0.1426695068171388,61,0.11976887863290236,0.1724137931034483,0.11976887863290236,0.8275862068965517,0.19031589212464708
BATTLE_TESTED_VS_THIN_SAMPLE,mkt 0.550-0.800; fav_fights>=8; opp_fights<=4; career_gap>=0.00,94,74,0.7872340425531915,0.15157927832298085,1424.84521623602,46,0.11104369778555732,48,0.19042587633801175,0.14893617021276595,0.11104369778555732,0.851063829787234,0.18962836009221765
BATTLE_TESTED_VS_THIN_SAMPLE,mkt 0.600-0.800; fav_fights>=8; opp_fights<=5; career_gap>=0.05,71,59,0.8309859154929577,0.17573256708882906,1247.7012263306863,31,0.2704116546428809,40,0.1023562742344389,0.19718309859154928,0.1023562742344389,0.8028169014084507,0.18794717975778258
BATTLE_TESTED_VS_THIN_SAMPLE,mkt 0.575-0.750; fav_fights>=8; opp_fights<=6; career_gap>=0.00,110,84,0.7636363636363637,0.13469614569314822,1481.6576026246305,51,0.15761670994935367,59,0.11488345455642826,0.14545454545454545,0.11488345455642826,0.8545454545454545,0.18766346918539376
BATTLE_TESTED_VS_THIN_SAMPLE,mkt 0.625-0.775; fav_fights>=8; opp_fights<=5; career_gap>=0.00,63,52,0.8253968253968254,0.1584097507284115,997.9814295889926,30,0.21223140662352258,33,0.10948097264194695,0.2857142857142857,0.10948097264194695,0.7142857142857143,0.1863529568254624
BATTLE_TESTED_VS_THIN_SAMPLE,mkt 0.575-0.700; fav_fights>=10; opp_fights<=6; career_gap>=0.00,50,39,0.78,0.19779456097613132,988.9728048806567,21,0.0887910817307725,29,0.2767281149124256,0.06,0.0887910817307725,0.94,0.18621917807241847
BATTLE_TESTED_VS_THIN_SAMPLE,mkt 0.575-0.725; fav_fights>=8; opp_fights<=6; career_gap>=0.05,77,60,0.7792207792207793,0.1624302041981426,1250.7125723256981,40,0.21882415279354928,37,0.10146377328418944,0.11688311688311688,0.10146377328418944,0.8831168831168831,0.18480785124704582
BATTLE_TESTED_VS_THIN_SAMPLE,mkt 0.550-0.700; fav_fights>=10; opp_fights<=6; career_gap>=0.00,59,46,0.7796610169491526,0.2182778305591146,1287.8392002987762,26,0.07728055168409505,33,0.32936659573337246,0.05084745762711865,0.07728055168409505,0.9491525423728814,0.1821523686509716
BATTLE_TESTED_VS_THIN_SAMPLE,mkt 0.550-0.775; fav_fights>=8; opp_fights<=4; career_gap>=0.00,89,69,0.7752808988764045,0.1480927536682812,1318.0255076477026,43,0.10394679594872581,46,0.18935962718873514,0.14606741573033707,0.10394679594872581,0.8539325842696629,0.18139723726071413
BATTLE_TESTED_VS_THIN_SAMPLE,mkt 0.625-0.750; fav_fights>=8; opp_fights<=5; career_gap>=0.00,57,47,0.8245614035087719,0.169187120185729,964.3665850586553,26,0.2522527511992339,31,0.09951917159375716,0.24561403508771928,0.09951917159375716,0.7543859649122807,0.18136624260613074
BATTLE_TESTED_VS_THIN_SAMPLE,mkt 0.600-0.775; fav_fights>=8; opp_fights<=5; career_gap>=0.05,66,54,0.8181818181818182,0.17286083602157104,1140.881517742369,28,0.2765879793424601,38,0.09643030936407393,0.19696969696969696,0.09643030936407393,0.803030303030303,0.18102251106253286
BATTLE_TESTED_VS_THIN_SAMPLE,mkt 0.650-0.800; fav_fights>=8; opp_fights<=5; career_gap>=0.05,50,43,0.86,0.17140598050277148,857.0299025138575,24,0.2498587109890346,26,0.09898807543852865,0.28,0.09898807543852865,0.72,0.18058016861449866
BATTLE_TESTED_VS_THIN_SAMPLE,mkt 0.600-0.800; fav_fights>=8; opp_fights<=6; career_gap>=0.00,96,77,0.8020833333333334,0.13912534782246208,1335.603339095636,48,0.1703026893905883,48,0.1079480062543359,0.23958333333333334,0.1079480062543359,0.7604166666666666,0.1794543779921976
BATTLE_TESTED_VS_THIN_SAMPLE,mkt 0.650-0.800; fav_fights>=8; opp_fights<=6; career_gap>=0.05,56,48,0.8571428571428571,0.1701441096353813,952.8070139581353,30,0.23181267260598698,26,0.09898807543852865,0.30357142857142855,0.09898807543852865,0.6964285714285714,0.17943137095376924
BATTLE_TESTED_VS_THIN_SAMPLE,mkt 0.650-0.800; fav_fights>=8; opp_fights<=4; career_gap>=0.00,50,42,0.84,0.14665448559852612,733.2724279926306,24,0.19019785850995197,26,0.10646060291105611,0.28,0.10646060291105611,0.72,0.17938967287054025
BATTLE_TESTED_VS_THIN_SAMPLE,mkt 0.600-0.775; fav_fights>=8; opp_fights<=6; career_gap>=0.00,89,71,0.797752808988764,0.14668851871391353,1305.5278165538305,43,0.19310867625285882,46,0.10329576275359514,0.2247191011235955,0.10329576275359514,0.7752808988764045,0.177895171269757
BATTLE_TESTED_VS_THIN_SAMPLE,mkt 0.575-0.800; fav_fights>=10; opp_fights<=6; career_gap>=0.05,50,39,0.78,0.13600973546517883,680.0486773258941,26,0.16472007896322133,24,0.10490686334229941,0.16,0.10490686334229941,0.84,0.177710270755112
BATTLE_TESTED_VS_THIN_SAMPLE,mkt 0.600-0.750; fav_fights>=8; opp_fights<=5; career_gap>=0.05,62,51,0.8225806451612904,0.1872704375705749,1161.0767129375645,26,0.32593050581994665,36,0.08712705494602864,0.1774193548387097,0.08712705494602864,0.8225806451612903,0.17734912745056858
BATTLE_TESTED_VS_THIN_SAMPLE,mkt 0.650-0.775; fav_fights>=8; opp_fights<=6; career_gap>=0.05,50,43,0.86,0.1891974610739636,945.9873053698179,26,0.2813877809938148,24,0.08932461449412489,0.3,0.08932461449412489,0.7,0.17654372587001213
BATTLE_TESTED_VS_THIN_SAMPLE,mkt 0.600-0.750; fav_fights>=8; opp_fights<=6; career_gap>=0.00,83,66,0.7951807228915663,0.15324252674981842,1271.9129720234928,39,0.2178282669576239,44,0.09599607520199088,0.1927710843373494,0.09599607520199088,0.8072289156626506,0.17384782703430685
BATTLE_TESTED_VS_THIN_SAMPLE,mkt 0.575-0.800; fav_fights>=8; opp_fights<=4; career_gap>=0.10,56,44,0.7857142857142857,0.1340911585308925,750.9104877729981,24,0.18413768354974722,32,0.09655626476675148,0.125,0.09655626476675148,0.875,0.16973817025256385
BATTLE_TESTED_VS_THIN_SAMPLE,mkt 0.550-0.700; fav_fights>=8; opp_fights<=5; career_gap>=0.05,68,49,0.7205882352941176,0.10491942948398798,713.4521204911183,35,0.10550088301615672,33,0.10430273634380903,0.04411764705882353,0.10430273634380903,0.9558823529411765,0.16970100725144013
RING_RUST_EDGE,mkt 0.550-0.750; layoff_gap>=90; opp_layoff>=300; fav_layoff<=120,52,38,0.7307692307692307,0.1295420410759108,673.6186135947362,20,0.18041716998883633,32,0.09774508550533238,0.17307692307692307,0.09774508550533238,0.8269230769230769,0.16789249218959346
RING_RUST_EDGE,mkt 0.550-0.750; layoff_gap>=120; opp_layoff>=300; fav_layoff<=120,52,38,0.7307692307692307,0.1295420410759108,673.6186135947362,20,0.18041716998883633,32,0.09774508550533238,0.17307692307692307,0.09774508550533238,0.8269230769230769,0.16789249218959346
RING_RUST_EDGE,mkt 0.550-0.750; layoff_gap>=180; opp_layoff>=300; fav_layoff<=120,52,38,0.7307692307692307,0.1295420410759108,673.6186135947362,20,0.18041716998883633,32,0.09774508550533238,0.17307692307692307,0.09774508550533238,0.8269230769230769,0.16789249218959346
BATTLE_TESTED_VS_THIN_SAMPLE,mkt 0.550-0.800; fav_fights>=8; opp_fights<=5; career_gap>=0.05,94,72,0.7659574468085106,0.11717373047046498,1101.4330664223708,48,0.1332188989398399,46,0.10043094598068243,0.14893617021276595,0.10043094598068243,0.851063829787234,0.1669736665389622
BATTLE_TESTED_VS_THIN_SAMPLE,mkt 0.625-0.800; fav_fights>=8; opp_fights<=5; career_gap>=0.05,59,50,0.847457627118644,0.17280509786003595,1019.5500773742122,27,0.28012834791670577,32,0.08225110562472082,0.23728813559322035,0.08225110562472082,0.7627118644067796,0.1656142458079368
BATTLE_TESTED_VS_THIN_SAMPLE,mkt 0.575-0.775; fav_fights>=8; opp_fights<=4; career_gap>=0.10,52,40,0.7692307692307693,0.12816579689190855,666.4621438379245,21,0.1800479301358813,31,0.09301983566212062,0.11538461538461539,0.09301983566212062,0.8846153846153846,0.16441632611275014
BATTLE_TESTED_VS_THIN_SAMPLE,mkt 0.575-0.700; fav_fights>=8; opp_fights<=6; career_gap>=0.05,67,50,0.746268656716418,0.1325443232724692,888.0469659255436,32,0.1833453371400365,35,0.08609768202212198,0.04477611940298507,0.08609768202212198,0.9552238805970149,0.16114491158539665
BATTLE_TESTED_VS_THIN_SAMPLE,mkt 0.550-0.775; fav_fights>=8; opp_fights<=5; career_gap>=0.05,89,67,0.7528089887640449,0.11175430986899476,994.6133578340533,45,0.12791576170604196,44,0.09522555230837829,0.14606741573033707,0.09522555230837829,0.8539325842696629,0.15995753829061635
BATTLE_TESTED_VS_THIN_SAMPLE,mkt 0.625-0.800; fav_fights>=8; opp_fights<=6; career_gap>=0.05,66,55,0.8333333333333334,0.15383745285128633,1015.3271888184898,34,0.22121283847628925,32,0.08225110562472082,0.25757575757575757,0.08225110562472082,0.7424242424242424,0.1583669413953983
BATTLE_TESTED_VS_THIN_SAMPLE,mkt 0.575-0.800; fav_fights>=8; opp_fights<=6; career_gap>=0.05,96,75,0.78125,0.12968681553105996,1244.9934290981755,48,0.17205587925920401,48,0.0873177518029159,0.17708333333333334,0.0873177518029159,0.8229166666666666,0.15739563723878688
BATTLE_TESTED_VS_THIN_SAMPLE,mkt 0.625-0.725; fav_fights>=8; opp_fights<=6; career_gap>=0.00,57,46,0.8070175438596491,0.15811716507516765,901.2678409284556,30,0.23063982318445778,27,0.07753643384262311,0.21052631578947367,0.07753643384262311,0.7894736842105263,0.15656165214524756
BATTLE_TESTED_VS_THIN_SAMPLE,mkt 0.625-0.775; fav_fights>=8; opp_fights<=5; career_gap>=0.05,54,45,0.8333333333333334,0.16902414236775828,912.7303687858947,24,0.28854864672544284,30,0.07340453888161062,0.24074074074074073,0.07340453888161062,0.7592592592592593,0.1553407664881038
BATTLE_TESTED_VS_THIN_SAMPLE,mkt 0.550-0.750; fav_fights>=8; opp_fights<=5; career_gap>=0.05,85,64,0.7529411764705882,0.11938924153285277,1014.8085530292485,43,0.15083579084887486,42,0.0871939648521635,0.12941176470588237,0.0871939648521635,0.8705882352941177,0.1550978464474855
BATTLE_TESTED_VS_THIN_SAMPLE,mkt 0.575-0.775; fav_fights>=8; opp_fights<=6; career_gap>=0.05,90,70,0.7777777777777778,0.13757485783442866,1238.173720509858,44,0.1959178257295765,46,0.0817685407173308,0.16666666666666666,0.0817685407173308,0.8333333333333334,0.15491974095938083
BATTLE_TESTED_VS_THIN_SAMPLE,mkt 0.625-0.775; fav_fights>=8; opp_fights<=6; career_gap>=0.05,60,50,0.8333333333333334,0.16808458003836207,1008.5074802301725,30,0.26276462119511357,30,0.07340453888161062,0.25,0.07340453888161062,0.75,0.15473414189503734
BATTLE_TESTED_VS_THIN_SAMPLE,mkt 0.550-0.725; fav_fights>=8; opp_fights<=6; career_gap>=0.05,91,66,0.7252747252747253,0.09610333417374207,874.5403409810529,51,0.08994711591364729,40,0.10395251245536292,0.0989010989010989,0.08994711591364729,0.9010989010989011,0.15061624990742406
BATTLE_TESTED_VS_THIN_SAMPLE,mkt 0.575-0.750; fav_fights>=8; opp_fights<=6; career_gap>=0.05,86,67,0.7790697674418605,0.1463219669424481,1258.3689157050535,42,0.22262176337693088,44,0.07349034307316905,0.1511627906976744,0.07349034307316905,0.8488372093023255,0.15016814778209567
BATTLE_TESTED_VS_THIN_SAMPLE,mkt 0.625-0.800; fav_fights>=8; opp_fights<=4; career_gap>=0.00,59,49,0.8305084745762712,0.1517668104746362,895.4241818003536,28,0.23778288299024133,31,0.0740748740089284,0.23728813559322035,0.0740748740089284,0.7627118644067796,0.15007461360725446
BATTLE_TESTED_VS_THIN_SAMPLE,mkt 0.550-0.750; fav_fights>=8; opp_fights<=5; career_gap>=0.00,104,78,0.75,0.12367035710524472,1286.171713894545,50,0.08029226573082682,54,0.163835256526002,0.1346153846153846,0.08029226573082682,0.8653846153846154,0.14953842917920093
BATTLE_TESTED_VS_THIN_SAMPLE,mkt 0.550-0.800; fav_fights>=8; opp_fights<=5; career_gap>=0.00,116,89,0.7672413793103449,0.12498811042816277,1449.8620809666882,58,0.08092827527486633,58,0.16904794558145922,0.1724137931034483,0.08092827527486633,0.8275862068965517,0.14950170013161984
BATTLE_TESTED_VS_THIN_SAMPLE,mkt 0.575-0.800; fav_fights>=8; opp_fights<=5; career_gap>=0.10,62,48,0.7741935483870968,0.11472093469875896,711.2697951323056,27,0.1558215997434341,35,0.08301470737858095,0.14516129032258066,0.08301470737858095,0.8548387096774194,0.14881219581346916
BATTLE_TESTED_VS_THIN_SAMPLE,mkt 0.625-0.750; fav_fights>=8; opp_fights<=5; career_gap>=0.05,50,42,0.84,0.18658511279621798,932.9255639810899,22,0.3479498750518345,28,0.05979851388109073,0.22,0.05979851388109073,0.78,0.14850330335976702
BATTLE_TESTED_VS_THIN_SAMPLE,mkt 0.625-0.750; fav_fights>=8; opp_fights<=6; career_gap>=0.05,56,47,0.8392857142857143,0.18369690632595856,1028.702675425368,28,0.30759529877082636,28,0.05979851388109073,0.23214285714285715,0.05979851388109073,0.7678571428571428,0.14712814538089053
BATTLE_TESTED_VS_THIN_SAMPLE,mkt 0.625-0.800; fav_fights>=8; opp_fights<=4; career_gap>=0.05,53,45,0.8490566037735849,0.17526183768148573,928.8877397118744,23,0.3248937522974767,30,0.06054403647589268,0.20754716981132076,0.06054403647589268,0.7924528301886793,0.14565926457007305
BATTLE_TESTED_VS_THIN_SAMPLE,mkt 0.550-0.725; fav_fights>=8; opp_fights<=5; career_gap>=0.00,95,71,0.7473684210526316,0.13458056531738838,1278.5153705151895,48,0.07119719450942112,47,0.19931251848297193,0.10526315789473684,0.07119719450942112,0.8947368421052632,0.14514249763366494
BATTLE_TESTED_VS_THIN_SAMPLE,mkt 0.575-0.725; fav_fights>=8; opp_fights<=6; career_gap>=0.10,55,41,0.7454545454545455,0.10556050964973966,580.5828030735681,27,0.13131858708071534,28,0.08072236355558456,0.10909090909090909,0.08072236355558456,0.8909090909090909,0.14439581466026616
BATTLE_TESTED_VS_THIN_SAMPLE,mkt 0.575-0.800; fav_fights>=8; opp_fights<=4; career_gap>=0.15,51,39,0.7647058823529411,0.09875013784082616,503.6257029882134,20,0.12434985489433135,31,0.08223419135469377,0.11764705882352941,0.08223419135469377,0.8823529411764706,0.14326732783427704
BATTLE_TESTED_VS_THIN_SAMPLE,mkt 0.575-0.775; fav_fights>=8; opp_fights<=5; career_gap>=0.10,58,44,0.7586206896551724,0.10807266399952274,626.8214511972319,24,0.14870355503051233,34,0.0793920350364713,0.13793103448275862,0.0793920350364713,0.8620689655172413,0.1430795364018215
BATTLE_TESTED_VS_THIN_SAMPLE,mkt 0.550-0.750; fav_fights>=8; opp_fights<=4; career_gap>=0.10,52,38,0.7307692307692307,0.08761978005278828,455.6228562744991,23,0.09566919282595783,29,0.08123576302579177,0.07692307692307693,0.08123576302579177,0.9230769230769231,0.13959499373657536
BATTLE_TESTED_VS_THIN_SAMPLE,mkt 0.625-0.775; fav_fights>=8; opp_fights<=4; career_gap>=0.00,54,44,0.8148148148148148,0.14603786540963634,788.6044732120363,25,0.24078491405545324,29,0.06435937519772526,0.24074074074074073,0.06435937519772526,0.7592592592592593,0.13825040586887577
BATTLE_TESTED_VS_THIN_SAMPLE,mkt 0.550-0.775; fav_fights>=8; opp_fights<=5; career_gap>=0.00,110,83,0.7545454545454545,0.11998059622044384,1319.7865584248823,54,0.07079599914938772,56,0.16740860053896223,0.16363636363636364,0.07079599914938772,0.8363636363636364,0.13788011691745214
BATTLE_TESTED_VS_THIN_SAMPLE,mkt 0.575-0.750; fav_fights>=8; opp_fights<=5; career_gap>=0.10,54,41,0.7592592592592593,0.11981789748007911,647.0166463924272,22,0.1953915932028193,32,0.0678609816706952,0.1111111111111111,0.0678609816706952,0.8888888888888888,0.13646391245538955
BATTLE_TESTED_VS_THIN_SAMPLE,mkt 0.550-0.775; fav_fights>=8; opp_fights<=6; career_gap>=0.05,104,76,0.7307692307692307,0.08288475857357819,862.0014891652131,55,0.0809949296719165,49,0.0850059950958515,0.14423076923076922,0.0809949296719165,0.8557692307692308,0.13567767209574577
BATTLE_TESTED_VS_THIN_SAMPLE,mkt 0.550-0.750; fav_fights>=8; opp_fights<=6; career_gap>=0.05,100,73,0.73,0.08821966843604084,882.1966843604084,53,0.09781982757896486,47,0.07739395706210524,0.13,0.07739395706210524,0.87,0.13437084101471952
BATTLE_TESTED_VS_THIN_SAMPLE,mkt 0.550-0.800; fav_fights>=8; opp_fights<=4; career_gap>=0.10,60,45,0.75,0.08664600083572956,519.8760050143774,28,0.07531998491456167,32,0.09655626476675148,0.11666666666666667,0.07531998491456167,0.8833333333333333,0.132146085207067
BATTLE_TESTED_VS_THIN_SAMPLE,mkt 0.625-0.800; fav_fights>=8; opp_fights<=6; career_gap>=0.00,79,64,0.810126582278481,0.12311576599746257,972.6145513799544,41,0.1755016908542382,38,0.06659411023094151,0.2911392405063291,0.06659411023094151,0.7088607594936709,0.13095045111486353
RING_RUST_EDGE,mkt 0.550-0.775; layoff_gap>=90; opp_layoff>=300; fav_layoff<=120,57,42,0.7368421052631579,0.12077261831836038,688.4039244146542,24,0.19817485449899608,33,0.0644800829142617,0.21052631578947367,0.0644800829142617,0.7894736842105263,0.13043470985200362
RING_RUST_EDGE,mkt 0.550-0.775; layoff_gap>=120; opp_layoff>=300; fav_layoff<=120,57,42,0.7368421052631579,0.12077261831836038,688.4039244146542,24,0.19817485449899608,33,0.0644800829142617,0.21052631578947367,0.0644800829142617,0.7894736842105263,0.13043470985200362
RING_RUST_EDGE,mkt 0.550-0.775; layoff_gap>=180; opp_layoff>=300; fav_layoff<=120,57,42,0.7368421052631579,0.12077261831836038,688.4039244146542,24,0.19817485449899608,33,0.0644800829142617,0.21052631578947367,0.0644800829142617,0.7894736842105263,0.13043470985200362
BATTLE_TESTED_VS_THIN_SAMPLE,mkt 0.650-0.800; fav_fights>=8; opp_fights<=6; career_gap>=0.00,67,55,0.8208955223880597,0.12069885220408257,808.6823097673532,36,0.16951103348710717,31,0.06401373845605406,0.34328358208955223,0.06401373845605406,0.6567164179104478,0.12595982926479637
BATTLE_TESTED_VS_THIN_SAMPLE,mkt 0.625-0.775; fav_fights>=8; opp_fights<=6; career_gap>=0.00,72,58,0.8055555555555556,0.13090819844974286,942.5390288381486,36,0.20346425869856824,36,0.05835213820091751,0.2777777777777778,0.05835213820091751,0.7222222222222222,0.12583667432499418
BATTLE_TESTED_VS_THIN_SAMPLE,mkt 0.550-0.800; fav_fights>=8; opp_fights<=6; career_gap>=0.05,110,81,0.7363636363636363,0.07898374525032095,868.8211977535304,59,0.06937320346264125,51,0.0901018230046955,0.15454545454545454,0.06937320346264125,0.8454545454545455,0.12238115066388995
BATTLE_TESTED_VS_THIN_SAMPLE,mkt 0.650-0.775; fav_fights>=8; opp_fights<=6; career_gap>=0.00,60,49,0.8166666666666667,0.1297677978709246,778.6067872255476,31,0.20101745786001765,29,0.05360436822741133,0.3333333333333333,0.05360436822741133,0.6666666666666667,0.11902309748223494
BATTLE_TESTED_VS_THIN_SAMPLE,mkt 0.550-0.700; fav_fights>=8; opp_fights<=5; career_gap>=0.00,85,62,0.7294117647058823,0.12318581556468362,1047.0794322998108,40,0.04609616737597923,45,0.1917099472879764,0.058823529411764705,0.04609616737597923,0.9411764705882353,0.11744649694126555
BATTLE_TESTED_VS_THIN_SAMPLE,mkt 0.625-0.750; fav_fights>=8; opp_fights<=6; career_gap>=0.00,66,53,0.803030303030303,0.13771578550118352,908.9241843078113,32,0.23488570767571437,34,0.046261741101625065,0.24242424242424243,0.046261741101625065,0.7575757575757576,0.11718953875431201
BATTLE_TESTED_VS_THIN_SAMPLE,mkt 0.550-0.775; fav_fights>=8; opp_fights<=4; career_gap>=0.10,56,41,0.7321428571428571,0.07775493947844714,435.42766107930396,25,0.05882646821069204,31,0.09301983566212062,0.10714285714285714,0.05882646821069204,0.8928571428571429,0.11282641131386283
RING_RUST_EDGE,mkt 0.550-0.800; layoff_gap>=90; opp_layoff>=300; fav_layoff<=120,63,46,0.7301587301587301,0.09257669985476724,583.2332090850336,25,0.15024786031903622,38,0.05463514691774823,0.2698412698412698,0.05463514691774823,0.7301587301587302,0.10894175377167867
RING_RUST_EDGE,mkt 0.550-0.800; layoff_gap>=120; opp_layoff>=300; fav_layoff<=120,63,46,0.7301587301587301,0.09257669985476724,583.2332090850336,25,0.15024786031903622,38,0.05463514691774823,0.2698412698412698,0.05463514691774823,0.7301587301587302,0.10894175377167867
RING_RUST_EDGE,mkt 0.550-0.800; layoff_gap>=180; opp_layoff>=300; fav_layoff<=120,63,46,0.7301587301587301,0.09257669985476724,583.2332090850336,25,0.15024786031903622,38,0.05463514691774823,0.2698412698412698,0.05463514691774823,0.7301587301587302,0.10894175377167867
BATTLE_TESTED_VS_THIN_SAMPLE,mkt 0.650-0.750; fav_fights>=8; opp_fights<=6; career_gap>=0.00,54,44,0.8148148148148148,0.13796147086948335,744.99194269521,27,0.23789520467166486,27,0.038027737067301885,0.2962962962962963,0.038027737067301885,0.7037037037037037,0.10742536298273217
BATTLE_TESTED_VS_THIN_SAMPLE,mkt 0.575-0.800; fav_fights>=8; opp_fights<=5; career_gap>=0.15,56,42,0.75,0.07339018041920013,410.98501034752076,23,0.09890764720719199,33,0.05560527932453917,0.14285714285714285,0.05560527932453917,0.8571428571428572,0.10700612818554493
BATTLE_TESTED_VS_THIN_SAMPLE,mkt 0.575-0.800; fav_fights>=8; opp_fights<=6; career_gap>=0.15,60,45,0.75,0.07176878275074038,430.6126965044423,27,0.09152417582720852,33,0.05560527932453917,0.15,0.05560527932453917,0.85,0.10622435328729829
BATTLE_TESTED_VS_THIN_SAMPLE,mkt 0.550-0.750; fav_fights>=8; opp_fights<=6; career_gap>=0.00,127,92,0.7244094488188977,0.09051098545544327,1149.4895152841295,63,0.04559982551223933,64,0.13472040852453465,0.12598425196850394,0.04559982551223933,0.8740157480314961,0.10349914286258935
BATTLE_TESTED_VS_THIN_SAMPLE,mkt 0.575-0.800; fav_fights>=8; opp_fights<=6; career_gap>=0.10,70,52,0.7428571428571429,0.06648289141570239,465.3802399099168,34,0.0808319894367304,36,0.05293096550695373,0.17142857142857143,0.05293096550695373,0.8285714285714285,0.10105712035959243
BATTLE_TESTED_VS_THIN_SAMPLE,mkt 0.575-0.775; fav_fights>=8; opp_fights<=6; career_gap>=0.10,65,48,0.7384615384615385,0.0739895224576682,480.93189597484326,30,0.10366632561694691,35,0.04855226260685786,0.15384615384615385,0.04855226260685786,0.8461538461538461,0.09983321085165711
BATTLE_TESTED_VS_THIN_SAMPLE,mkt 0.575-0.775; fav_fights>=8; opp_fights<=5; career_gap>=0.15,52,38,0.7307692307692307,0.06279551277162447,326.53666641244723,20,0.08182890067124945,32,0.05089964533435884,0.1346153846153846,0.05089964533435884,0.8653846153846154,0.09883961326596587
BATTLE_TESTED_VS_THIN_SAMPLE,mkt 0.575-0.775; fav_fights>=8; opp_fights<=6; career_gap>=0.15,56,41,0.7321428571428571,0.06181506295881587,346.1643525693689,24,0.0763689531247585,32,0.05089964533435884,0.14285714285714285,0.05089964533435884,0.8571428571428572,0.0982492030842301
BATTLE_TESTED_VS_THIN_SAMPLE,mkt 0.550-0.725; fav_fights>=8; opp_fights<=6; career_gap>=0.00,118,85,0.7203389830508474,0.09676552304277744,1141.8331719047737,61,0.037305591101343474,57,0.16039808178711906,0.1016949152542373,0.037305591101343474,0.8983050847457628,0.09812267670868846
BATTLE_TESTED_VS_THIN_SAMPLE,mkt 0.550-0.775; fav_fights>=8; opp_fights<=6; career_gap>=0.00,133,97,0.7293233082706767,0.0889552150236441,1183.1043598144665,67,0.04001730857905486,66,0.138634604899212,0.15037593984962405,0.04001730857905486,0.849624060150376,0.09664035564184156
BATTLE_TESTED_VS_THIN_SAMPLE,mkt 0.600-0.800; fav_fights>=8; opp_fights<=5; career_gap>=0.10,55,43,0.7818181818181819,0.10764470434404644,592.0458738922554,23,0.21371810984374154,32,0.03140444414114058,0.16363636363636364,0.03140444414114058,0.8363636363636364,0.09417099975246593
BATTLE_TESTED_VS_THIN_SAMPLE,mkt 0.550-0.800; fav_fights>=8; opp_fights<=6; career_gap>=0.00,140,103,0.7357142857142858,0.0866557058825909,1213.1798823562726,72,0.03544466231488868,68,0.14087916377780502,0.16428571428571428,0.03544466231488868,0.8357142857142857,0.09084558794522407
BATTLE_TESTED_VS_THIN_SAMPLE,mkt 0.550-0.700; fav_fights>=8; opp_fights<=6; career_gap>=0.05,81,56,0.691358024691358,0.06319441167665417,511.8747345808988,43,0.039567153217097924,38,0.08993051993352047,0.037037037037037035,0.039567153217097924,0.962962962962963,0.09057408619281578
BATTLE_TESTED_VS_THIN_SAMPLE,mkt 0.575-0.750; fav_fights>=8; opp_fights<=6; career_gap>=0.10,61,45,0.7377049180327869,0.08215198215902268,501.1270911700384,28,0.1371328392227906,33,0.03550155798370447,0.13114754098360656,0.03550155798370447,0.8688524590163934,0.09032032550985421
BATTLE_TESTED_VS_THIN_SAMPLE,mkt 0.575-0.750; fav_fights>=8; opp_fights<=6; career_gap>=0.15,53,39,0.7358490566037735,0.07422388203614927,393.3865747915911,23,0.12316760326061757,30,0.03670036243072353,0.1320754716981132,0.03670036243072353,0.8679245283018868,0.08871645699243239
EXPERIENCE_FRESHNESS,mkt 0.550-0.725; exp_gap>=5; layoff_gap>=120; fav_fights>=6,70,53,0.7571428571428571,0.16975461532945754,1188.2823073062027,25,0.001441065337912903,45,0.2632621431025379,0.1,0.001441065337912903,0.9,0.08785518070322304
BATTLE_TESTED_VS_THIN_SAMPLE,mkt 0.600-0.800; fav_fights>=8; opp_fights<=6; career_gap>=0.10,61,47,0.7704918032786885,0.08953382273276501,546.1563186698666,29,0.15367658531662645,32,0.03140444414114058,0.19672131147540983,0.03140444414114058,0.8032786885245902,0.08683964275334603
BATTLE_TESTED_VS_THIN_SAMPLE,mkt 0.600-0.775; fav_fights>=8; opp_fights<=5; career_gap>=0.10,51,39,0.7647058823529411,0.09952892744258467,507.5975299571818,20,0.21386093270328146,31,0.02576634340342544,0.1568627450980392,0.02576634340342544,0.8431372549019608,0.08589558565538888
BATTLE_TESTED_VS_THIN_SAMPLE,mkt 0.600-0.775; fav_fights>=8; opp_fights<=6; career_gap>=0.10,56,43,0.7678571428571429,0.10030499548835589,561.707974734793,25,0.19273292407366965,31,0.02576634340342544,0.17857142857142858,0.02576634340342544,0.8214285714285714,0.08551594896720713
EXPERIENCE_FRESHNESS,mkt 0.550-0.750; exp_gap>=5; layoff_gap>=120; fav_fights>=6,73,55,0.7534246575342466,0.1572598770294679,1147.9971023151156,25,0.001441065337912903,48,0.23841550811881945,0.1095890410958904,0.001441065337912903,0.8904109589041096,0.08319435106534995
EXPERIENCE_FRESHNESS,mkt 0.650-0.725; exp_gap>=3; layoff_gap>=60; fav_fights>=6,58,44,0.7586206896551724,0.06933043203427276,402.116505798782,31,0.0993894189678499,27,0.03481826185127673,0.3793103448275862,0.03481826185127673,0.6206896551724138,0.07770460271844461
RING_RUST_EDGE,mkt 0.550-0.725; layoff_gap>=240; opp_layoff>=450; fav_layoff<=300,84,59,0.7023809523809523,0.05772021142881028,484.84977600200637,28,0.11321092044307518,56,0.029974856921677846,0.14285714285714285,0.029974856921677846,0.8571428571428572,0.07589121663604716
EXPERIENCE_FRESHNESS,mkt 0.650-0.725; exp_gap>=3; layoff_gap>=90; fav_fights>=6,50,39,0.78,0.09550064603710125,477.50323018550625,27,0.15812532134500132,23,0.021984722849566384,0.38,0.021984722849566384,0.62,0.07400994896255181
BATTLE_TESTED_VS_THIN_SAMPLE,mkt 0.600-0.750; fav_fights>=8; opp_fights<=6; career_gap>=0.10,52,40,0.7692307692307693,0.11190445575576695,581.9031699299882,23,0.24121968832919433,29,0.009344098887186583,0.15384615384615385,0.009344098887186583,0.8461538461538461,0.0738952737863204
FORM_STABILITY,mkt 0.575-0.800; fav |L3-L5|<=0.20; opp |L3-L5|>=0.20; career_gap>=0.10,50,37,0.74,0.053203458470275584,266.01729235137793,19,0.0835908894689613,31,0.03457890398721014,0.38,0.03457890398721014,0.62,0.07180011445180659
FORM_STABILITY,mkt 0.550-0.800; fav |L3-L5|<=0.10; opp |L3-L5|>=0.20; career_gap>=0.00,57,41,0.7192982456140351,0.036973473133215015,210.74879685932558,22,0.039281681798374914,35,0.03552259911511452,0.24561403508771928,0.03552259911511452,0.7543859649122807,0.07109489365910819
RING_RUST_EDGE,mkt 0.550-0.725; layoff_gap>=90; opp_layoff>=450; fav_layoff<=300,88,62,0.7045454545454546,0.06148068843829985,541.0300582570387,30,0.14573321215802,58,0.017901796859134265,0.14772727272727273,0.017901796859134265,0.8522727272727273,0.06498821963072102
RING_RUST_EDGE,mkt 0.550-0.725; layoff_gap>=120; opp_layoff>=450; fav_layoff<=300,88,62,0.7045454545454546,0.06148068843829985,541.0300582570387,30,0.14573321215802,58,0.017901796859134265,0.14772727272727273,0.017901796859134265,0.8522727272727273,0.06498821963072102
RING_RUST_EDGE,mkt 0.550-0.725; layoff_gap>=180; opp_layoff>=450; fav_layoff<=300,88,62,0.7045454545454546,0.06148068843829985,541.0300582570387,30,0.14573321215802,58,0.017901796859134265,0.14772727272727273,0.017901796859134265,0.8522727272727273,0.06498821963072102
EXPERIENCE_FRESHNESS,mkt 0.650-0.800; exp_gap>=3; layoff_gap>=60; fav_fights>=6,82,63,0.7682926829268293,0.04840586318368818,396.9280781062431,45,0.06764901128608164,37,0.025002034410506985,0.4024390243902439,0.025002034410506985,0.5975609756097561,0.059870915793090534
BATTLE_TESTED_VS_THIN_SAMPLE,mkt 0.550-0.700; fav_fights>=8; opp_fights<=6; career_gap>=0.00,106,74,0.6981132075471698,0.07938035060830337,841.4317164480158,51,0.00024249496774731883,55,0.1527627258386372,0.04716981132075472,0.00024249496774731883,0.9528301886792453,0.05661052334103085
RING_RUST_EDGE,mkt 0.550-0.775; layoff_gap>=240; opp_layoff>=450; fav_layoff<=300,108,76,0.7037037037037037,0.025046841576139182,270.50588902230317,43,0.026346069245299232,65,0.02418735250269485,0.26851851851851855,0.02418735250269485,0.7314814814814814,0.054898191498788
RING_RUST_EDGE,mkt 0.550-0.725; layoff_gap>=240; opp_layoff>=300; fav_layoff<=300,116,79,0.6810344827586207,0.031041898732005815,360.08602529126745,40,0.0558704935997935,76,0.017974217222643873,0.13793103448275862,0.017974217222643873,0.8620689655172413,0.054700950744363146
BATTLE_TESTED_VS_THIN_SAMPLE,mkt 0.625-0.800; fav_fights>=8; opp_fights<=6; career_gap>=0.10,50,39,0.78,0.07536573982503138,376.8286991251569,25,0.14549300296015655,25,0.0052384766899061675,0.24,0.0052384766899061675,0.76,0.05441648562866715
FORM_STABILITY,mkt 0.550-0.775; fav |L3-L5|<=0.10; opp |L3-L5|>=0.20; career_gap>=0.00,53,37,0.6981132075471698,0.023395125460176264,123.9941649389342,20,0.020470831890357075,33,0.025167424593399955,0.20754716981132076,0.020470831890357075,0.7924528301886793,0.05243271070707914
RING_RUST_EDGE,mkt 0.550-0.800; layoff_gap>=240; opp_layoff>=450; fav_layoff<=300,115,82,0.7130434782608696,0.027077369749653402,311.3897521210141,45,0.03539359654123284,70,0.02173122395506661,0.2956521739130435,0.02173122395506661,0.7043478260869565,0.05233873815005399
RING_RUST_EDGE,mkt 0.550-0.725; layoff_gap>=240; opp_layoff>=365; fav_layoff<=300,110,75,0.6818181818181818,0.030305139354055315,333.35653289460845,37,0.060232663888311264,73,0.015136394042172185,0.12727272727272726,0.015136394042172185,0.8727272727272728,0.051925010997909735
RING_RUST_EDGE,mkt 0.550-0.725; layoff_gap>=240; opp_layoff>=180; fav_layoff<=300,117,79,0.6752136752136753,0.022229574811219434,260.0860252912674,41,0.030117554731505847,76,0.017974217222643873,0.13675213675213677,0.017974217222643873,0.8632478632478633,0.05165200430400657
RING_RUST_EDGE,mkt 0.550-0.725; layoff_gap>=240; opp_layoff>=240; fav_layoff<=300,117,79,0.6752136752136753,0.022229574811219434,260.0860252912674,41,0.030117554731505847,76,0.017974217222643873,0.13675213675213677,0.017974217222643873,0.8632478632478633,0.05165200430400657
BATTLE_TESTED_VS_THIN_SAMPLE,mkt 0.550-0.800; fav_fights>=8; opp_fights<=4; career_gap>=0.15,55,40,0.7272727272727273,0.049562040041744124,272.5912202295927,24,0.007360511262517499,31,0.08223419135469377,0.10909090909090909,0.007360511262517499,0.8909090909090909,0.05143449800440066
EXPERIENCE_FRESHNESS,mkt 0.650-0.800; exp_gap>=3; layoff_gap>=120; fav_fights>=6,62,47,0.7580645161290323,0.03244495756860167,201.15873692533035,33,0.041464784320338864,29,0.02218101678214209,0.41935483870967744,0.02218101678214209,0.5806451612903225,0.05095610676986235
RING_RUST_EDGE,mkt 0.550-0.775; layoff_gap>=240; opp_layoff>=300; fav_layoff<=120,50,35,0.7,0.05730741990011552,286.5370995005776,21,0.1300982751409915,29,0.004596800587757006,0.24,0.004596800587757006,0.76,0.047454397552797435
RING_RUST_EDGE,mkt 0.550-0.775; layoff_gap>=90; opp_layoff>=450; fav_layoff<=300,112,79,0.7053571428571429,0.029168408149762088,326.6861712773354,45,0.05188825710849695,67,0.013908808102850634,0.26785714285714285,0.013908808102850634,0.7321428571428572,0.04608203666955308
RING_RUST_EDGE,mkt 0.550-0.775; layoff_gap>=120; opp_layoff>=450; fav_layoff<=300,112,79,0.7053571428571429,0.029168408149762088,326.6861712773354,45,0.05188825710849695,67,0.013908808102850634,0.26785714285714285,0.013908808102850634,0.7321428571428572,0.04608203666955308
RING_RUST_EDGE,mkt 0.550-0.775; layoff_gap>=180; opp_layoff>=450; fav_layoff<=300,112,79,0.7053571428571429,0.029168408149762088,326.6861712773354,45,0.05188825710849695,67,0.013908808102850634,0.26785714285714285,0.013908808102850634,0.7321428571428572,0.04608203666955308
RING_RUST_EDGE,mkt 0.550-0.800; layoff_gap>=240; opp_layoff>=300; fav_layoff<=300,156,110,0.7051282051282052,0.019719208376735128,307.61965067706797,58,0.017283679347379483,98,0.02116064392472111,0.28205128205128205,0.017283679347379483,0.717948717948718,0.045723863817698315
RING_RUST_EDGE,mkt 0.550-0.700; layoff_gap>=180; opp_layoff>=180; fav_layoff<=120,54,35,0.6481481481481481,0.03528671740009495,190.54827396051274,24,0.0048565147545987725,30,0.059630879516491896,0.05555555555555555,0.0048565147545987725,0.9444444444444444,0.04554019917796534
EXPERIENCE_FRESHNESS,mkt 0.650-0.800; exp_gap>=3; layoff_gap>=90; fav_fights>=6,70,54,0.7714285714285715,0.053249770885773096,372.74839620041166,38,0.09077944975543717,32,0.00868327722804703,0.4142857142857143,0.00868327722804703,0.5857142857142856,0.04489212560949618
RING_RUST_EDGE,mkt 0.550-0.700; layoff_gap>=240; opp_layoff>=450; fav_layoff<=300,77,52,0.6753246753246753,0.031994425258611014,246.3570744913048,25,0.08514209555789831,52,0.006442660691645978,0.1038961038961039,0.006442660691645978,0.8961038961038961,0.04452382641527672
RING_RUST_EDGE,mkt 0.550-0.800; layoff_gap>=90; opp_layoff>=450; fav_layoff<=300,119,85,0.7142857142857143,0.030888238182861023,367.5700343760462,47,0.05946388163170156,72,0.012234693153756825,0.29411764705882354,0.012234693153756825,0.7058823529411764,0.04422204710599347
RING_RUST_EDGE,mkt 0.550-0.800; layoff_gap>=120; opp_layoff>=450; fav_layoff<=300,119,85,0.7142857142857143,0.030888238182861023,367.5700343760462,47,0.05946388163170156,72,0.012234693153756825,0.29411764705882354,0.012234693153756825,0.7058823529411764,0.04422204710599347
RING_RUST_EDGE,mkt 0.550-0.800; layoff_gap>=180; opp_layoff>=450; fav_layoff<=300,119,85,0.7142857142857143,0.030888238182861023,367.5700343760462,47,0.05946388163170156,72,0.012234693153756825,0.29411764705882354,0.012234693153756825,0.7058823529411764,0.04422204710599347
RING_RUST_EDGE,mkt 0.550-0.700; layoff_gap>=180; opp_layoff>=240; fav_layoff<=120,53,34,0.6415094339622641,0.026276645788388956,139.26622267846147,24,0.0048565147545987725,29,0.0440036507818705,0.05660377358490566,0.0048565147545987725,0.9433962264150944,0.042355227572987736
RING_RUST_EDGE,mkt 0.550-0.800; layoff_gap>=240; opp_layoff>=300; fav_layoff<=120,55,39,0.7090909090909091,0.05115752439471948,281.36638417095713,21,0.1300982751409915,34,0.00240000187496321,0.2909090909090909,0.00240000187496321,0.7090909090909091,0.04157786268584231
EXPERIENCE_FRESHNESS,mkt 0.625-0.725; exp_gap>=3; layoff_gap>=90; fav_fights>=6,71,51,0.7183098591549296,0.024667784548535715,175.14127029460357,34,0.009889411950860618,37,0.03824791071937229,0.2676056338028169,0.009889411950860618,0.7323943661971831,0.04049496752876361
RING_RUST_EDGE,mkt 0.550-0.775; layoff_gap>=240; opp_layoff>=180; fav_layoff<=120,51,35,0.6862745098039216,0.036575901862858355,186.5370995005776,22,0.07873017172549192,29,0.004596800587757006,0.23529411764705882,0.004596800587757006,0.7647058823529411,0.04033954271034566
RING_RUST_EDGE,mkt 0.550-0.775; layoff_gap>=240; opp_layoff>=240; fav_layoff<=120,51,35,0.6862745098039216,0.036575901862858355,186.5370995005776,22,0.07873017172549192,29,0.004596800587757006,0.23529411764705882,0.004596800587757006,0.7647058823529411,0.04033954271034566
RING_RUST_EDGE,mkt 0.550-0.750; layoff_gap>=240; opp_layoff>=300; fav_layoff<=300,131,89,0.6793893129770993,0.013218636945304087,173.16414398348354,48,0.01747468481576385,83,0.010757308056363496,0.1984732824427481,0.010757308056363496,0.8015267175572519,0.03942963251393748
RING_RUST_EDGE,mkt 0.550-0.800; layoff_gap>=240; opp_layoff>=300; fav_layoff<=240,144,102,0.7083333333333334,0.020137217191236473,289.9759275538052,54,0.03560940643708436,90,0.010853903643727727,0.2916666666666667,0.010853903643727727,0.7083333333333333,0.03915192966066049
RING_RUST_EDGE,mkt 0.550-0.775; layoff_gap>=90; opp_layoff>=450; fav_layoff<=240,96,68,0.7083333333333334,0.02633980894781672,252.86216589904052,39,0.052649628794933644,57,0.00833835326294723,0.28125,0.00833835326294723,0.71875,0.03911978639468308
RING_RUST_EDGE,mkt 0.550-0.775; layoff_gap>=120; opp_layoff>=450; fav_layoff<=240,96,68,0.7083333333333334,0.02633980894781672,252.86216589904052,39,0.052649628794933644,57,0.00833835326294723,0.28125,0.00833835326294723,0.71875,0.03911978639468308
RING_RUST_EDGE,mkt 0.550-0.775; layoff_gap>=180; opp_layoff>=450; fav_layoff<=240,96,68,0.7083333333333334,0.02633980894781672,252.86216589904052,39,0.052649628794933644,57,0.00833835326294723,0.28125,0.00833835326294723,0.71875,0.03911978639468308
RING_RUST_EDGE,mkt 0.550-0.775; layoff_gap>=240; opp_layoff>=450; fav_layoff<=240,96,68,0.7083333333333334,0.02633980894781672,252.86216589904052,39,0.052649628794933644,57,0.00833835326294723,0.28125,0.00833835326294723,0.71875,0.03911978639468308
RING_RUST_EDGE,mkt 0.550-0.800; layoff_gap>=240; opp_layoff>=365; fav_layoff<=300,147,103,0.7006802721088435,0.01354515681139212,199.11380512746416,55,0.01811349494588702,92,0.010814085100552775,0.2653061224489796,0.010814085100552775,0.7346938775510203,0.03759570631107063
RING_RUST_EDGE,mkt 0.550-0.800; layoff_gap>=90; opp_layoff>=450; fav_layoff<=240,103,74,0.7184466019417476,0.028519031941529237,293.7460289977511,41,0.06129674121487861,62,0.00684345000270144,0.3106796116504854,0.00684345000270144,0.6893203883495146,0.037504722832722104
RING_RUST_EDGE,mkt 0.550-0.800; layoff_gap>=120; opp_layoff>=450; fav_layoff<=240,103,74,0.7184466019417476,0.028519031941529237,293.7460289977511,41,0.06129674121487861,62,0.00684345000270144,0.3106796116504854,0.00684345000270144,0.6893203883495146,0.037504722832722104
RING_RUST_EDGE,mkt 0.550-0.800; layoff_gap>=180; opp_layoff>=450; fav_layoff<=240,103,74,0.7184466019417476,0.028519031941529237,293.7460289977511,41,0.06129674121487861,62,0.00684345000270144,0.3106796116504854,0.00684345000270144,0.6893203883495146,0.037504722832722104
RING_RUST_EDGE,mkt 0.550-0.800; layoff_gap>=240; opp_layoff>=450; fav_layoff<=240,103,74,0.7184466019417476,0.028519031941529237,293.7460289977511,41,0.06129674121487861,62,0.00684345000270144,0.3106796116504854,0.00684345000270144,0.6893203883495146,0.037504722832722104
RING_RUST_EDGE,mkt 0.550-0.775; layoff_gap>=240; opp_layoff>=300; fav_layoff<=300,146,101,0.6917808219178082,0.013760719377258743,200.90650290797765,56,0.009689688131078554,90,0.016293805485993074,0.2534246575342466,0.009689688131078554,0.7465753424657534,0.036903200187091714
RING_RUST_EDGE,mkt 0.550-0.800; layoff_gap>=240; opp_layoff>=180; fav_layoff<=240,145,102,0.7034482758620689,0.013101788107158978,189.97592755380518,55,0.01678014450186465,90,0.010853903643727727,0.2896551724137931,0.010853903643727727,0.7103448275862069,0.036749874308819576
RING_RUST_EDGE,mkt 0.550-0.800; layoff_gap>=240; opp_layoff>=240; fav_layoff<=240,145,102,0.7034482758620689,0.013101788107158978,189.97592755380518,55,0.01678014450186465,90,0.010853903643727727,0.2896551724137931,0.010853903643727727,0.7103448275862069,0.036749874308819576
RING_RUST_EDGE,mkt 0.550-0.800; layoff_gap>=240; opp_layoff>=180; fav_layoff<=120,56,39,0.6964285714285714,0.032386854316242344,181.36638417095713,22,0.07873017172549192,34,0.00240000187496321,0.2857142857142857,0.00240000187496321,0.7142857142857143,0.03516397231421946
RING_RUST_EDGE,mkt 0.550-0.800; layoff_gap>=240; opp_layoff>=240; fav_layoff<=120,56,39,0.6964285714285714,0.032386854316242344,181.36638417095713,22,0.07873017172549192,34,0.00240000187496321,0.2857142857142857,0.00240000187496321,0.7142857142857143,0.03516397231421946
RING_RUST_EDGE,mkt 0.550-0.725; layoff_gap>=180; opp_layoff>=365; fav_layoff<=300,135,91,0.674074074074074,0.017406341662693052,234.98561244635619,49,0.04385646403422735,86,0.0023359231021676976,0.14814814814814814,0.0023359231021676976,0.8518518518518519,0.03398369823966582
RING_RUST_EDGE,mkt 0.550-0.775; layoff_gap>=180; opp_layoff>=180; fav_layoff<=120,71,47,0.6619718309859155,0.008537624525051244,60.617134127863835,33,0.006811131865052978,38,0.010036947098207634,0.2112676056338028,0.006811131865052978,0.7887323943661972,0.03346127227980683
RING_RUST_EDGE,mkt 0.550-0.775; layoff_gap>=240; opp_layoff>=365; fav_layoff<=300,138,95,0.6884057971014492,0.008189798120246713,113.01921405940465,53,0.010120968966342925,85,0.006985656298563189,0.2391304347826087,0.006985656298563189,0.7608695652173914,0.032678172597171276
RING_RUST_EDGE,mkt 0.550-0.775; layoff_gap>=240; opp_layoff>=300; fav_layoff<=240,134,93,0.6940298507462687,0.013676326849605576,183.26277978471472,52,0.02813609770759509,82,0.004506716061612231,0.26119402985074625,0.004506716061612231,0.7388059701492538,0.0314576095634518
RING_RUST_EDGE,mkt 0.550-0.750; layoff_gap>=240; opp_layoff>=300; fav_layoff<=240,120,82,0.6833333333333333,0.015274849886499872,183.29819863799847,44,0.039982714013891134,76,0.0009702969706417637,0.20833333333333334,0.0009702969706417637,0.7916666666666666,0.030066494430916715
EXPERIENCE_FRESHNESS,mkt 0.650-0.775; exp_gap>=3; layoff_gap>=60; fav_fights>=6,73,54,0.7397260273972602,0.027000337108096076,197.10246088910137,40,0.04765014527599095,33,0.0019702666015568343,0.3972602739726027,0.0019702666015568343,0.6027397260273972,0.029502576370212377
RING_RUST_EDGE,mkt 0.550-0.775; layoff_gap>=240; opp_layoff>=180; fav_layoff<=240,135,93,0.6888888888888889,0.006167613317386286,83.26277978471487,53,0.008737303411225363,82,0.004506716061612231,0.25925925925925924,0.004506716061612231,0.7407407407407407,0.02888760294491965
RING_RUST_EDGE,mkt 0.550-0.775; layoff_gap>=240; opp_layoff>=240; fav_layoff<=240,135,93,0.6888888888888889,0.006167613317386286,83.26277978471487,53,0.008737303411225363,82,0.004506716061612231,0.25925925925925924,0.004506716061612231,0.7407407407407407,0.02888760294491965
RING_RUST_EDGE,mkt 0.550-0.750; layoff_gap>=240; opp_layoff>=365; fav_layoff<=300,123,83,0.6747967479674797,0.006933077653244756,85.2768551349105,45,0.018501637578498688,78,0.00025890846559826233,0.17886178861788618,0.00025890846559826233,0.8211382113821138,0.027319631985697344
RING_RUST_EDGE,mkt 0.550-0.750; layoff_gap>=240; opp_layoff>=180; fav_layoff<=240,121,82,0.6776859504132231,0.006884148647768476,83.29819863799855,45,0.016871987035804663,76,0.0009702969706417637,0.2066115702479339,0.0009702969706417637,0.7933884297520661,0.027181401889922713
RING_RUST_EDGE,mkt 0.550-0.750; layoff_gap>=240; opp_layoff>=240; fav_layoff<=240,121,82,0.6776859504132231,0.006884148647768476,83.29819863799855,45,0.016871987035804663,76,0.0009702969706417637,0.2066115702479339,0.0009702969706417637,0.7933884297520661,0.027181401889922713
RING_RUST_EDGE,mkt 0.550-0.800; layoff_gap>=240; opp_layoff>=180; fav_layoff<=300,157,110,0.7006369426751592,0.013224181571787758,207.6196506770678,59,4.1583087254385816e-05,98,0.02116064392472111,0.2802547770700637,4.1583087254385816e-05,0.7197452229299364,0.02626240332527819
RING_RUST_EDGE,mkt 0.550-0.800; layoff_gap>=240; opp_layoff>=240; fav_layoff<=300,157,110,0.7006369426751592,0.013224181571787758,207.6196506770678,59,4.1583087254385816e-05,98,0.02116064392472111,0.2802547770700637,4.1583087254385816e-05,0.7197452229299364,0.02626240332527819
