method,rule,season,n,wins,win_pct,roi,units
original,baseline,2007,3,3,1.0,0.19343660491760592,0.5803098147528177
original,baseline,2009,2,2,1.0,0.25324675324675316,0.5064935064935063
original,baseline,2010,4,2,0.5,-0.4269722814498934,-1.7078891257995736
original,baseline,2011,3,3,1.0,0.24148475186002774,0.7244542555800833
original,baseline,2012,7,7,1.0,0.38074623907841854,2.6652236735489296
original,baseline,2013,6,5,0.8333333333333334,0.20568919749527462,1.2341351849716478
original,baseline,2014,7,6,0.8571428571428571,0.2551619846418448,1.7861338924929138
original,baseline,2015,3,3,1.0,0.43356643356643354,1.3006993006993006
original,baseline,2016,5,4,0.8,0.0811538138087629,0.4057690690438145
original,baseline,2017,6,3,0.5,-0.33018410852713176,-1.9811046511627906
original,baseline,2018,6,5,0.8333333333333334,0.49111253073458655,2.9466751844075194
original,baseline,2019,7,6,0.8571428571428571,0.217928820143478,1.525501741004346
original,baseline,2020,6,6,1.0,0.3787295794181306,2.2723774765087836
original,baseline,2021,5,3,0.6,-0.14253143117712205,-0.7126571558856103
original,baseline,2022,3,2,0.6666666666666666,-0.008975966366636076,-0.026927899099908226
original,baseline,2023,6,6,1.0,0.327770385205324,1.9666223112319439
original,baseline,2024,6,5,0.8333333333333334,0.2271626145172657,1.362975687103594
original,baseline,2025,6,4,0.6666666666666666,-0.055635758576935035,-0.3338145514616102
original,preseason_wins_ge2_fail_closed,2007,2,2,1.0,0.1752123786407767,0.3504247572815534
original,preseason_wins_ge2_fail_closed,2009,2,2,1.0,0.25324675324675316,0.5064935064935063
original,preseason_wins_ge2_fail_closed,2010,4,2,0.5,-0.4269722814498934,-1.7078891257995736
original,preseason_wins_ge2_fail_closed,2011,3,3,1.0,0.24148475186002774,0.7244542555800833
original,preseason_wins_ge2_fail_closed,2012,5,5,1.0,0.2667673107890499,1.3338365539452495
original,preseason_wins_ge2_fail_closed,2013,5,5,1.0,0.4468270369943296,2.234135184971648
original,preseason_wins_ge2_fail_closed,2014,5,5,1.0,0.4273566486284529,2.1367832431422644
original,preseason_wins_ge2_fail_closed,2015,3,3,1.0,0.43356643356643354,1.3006993006993006
original,preseason_wins_ge2_fail_closed,2016,4,4,1.0,0.3514422672609536,1.4057690690438145
original,preseason_wins_ge2_fail_closed,2017,4,3,0.75,0.004723837209302362,0.018895348837209447
original,preseason_wins_ge2_fail_closed,2018,4,3,0.75,0.10331973949810619,0.41327895799242476
original,preseason_wins_ge2_fail_closed,2019,4,4,1.0,0.3414534319670143,1.365813727868057
original,preseason_wins_ge2_fail_closed,2021,1,1,1.0,0.7936507936507936,0.7936507936507936
original,preseason_wins_ge2_fail_closed,2022,1,1,1.0,0.2638522427440633,0.2638522427440633
original,preseason_wins_ge2_fail_closed,2023,3,3,1.0,0.4388495095482115,1.3165485286446346
original,preseason_wins_ge2_fail_closed,2024,4,4,1.0,0.4605355884425652,1.8421423537702608
original,preseason_wins_ge2_fail_closed,2025,4,3,0.75,-0.1084536378654026,-0.4338145514616104
original,preseason_wins_ge2_or_no_preseason,2007,2,2,1.0,0.1752123786407767,0.3504247572815534
original,preseason_wins_ge2_or_no_preseason,2009,2,2,1.0,0.25324675324675316,0.5064935064935063
original,preseason_wins_ge2_or_no_preseason,2010,4,2,0.5,-0.4269722814498934,-1.7078891257995736
original,preseason_wins_ge2_or_no_preseason,2011,3,3,1.0,0.24148475186002774,0.7244542555800833
original,preseason_wins_ge2_or_no_preseason,2012,5,5,1.0,0.2667673107890499,1.3338365539452495
original,preseason_wins_ge2_or_no_preseason,2013,5,5,1.0,0.4468270369943296,2.234135184971648
original,preseason_wins_ge2_or_no_preseason,2014,5,5,1.0,0.4273566486284529,2.1367832431422644
original,preseason_wins_ge2_or_no_preseason,2015,3,3,1.0,0.43356643356643354,1.3006993006993006
original,preseason_wins_ge2_or_no_preseason,2016,4,4,1.0,0.3514422672609536,1.4057690690438145
original,preseason_wins_ge2_or_no_preseason,2017,4,3,0.75,0.004723837209302362,0.018895348837209447
original,preseason_wins_ge2_or_no_preseason,2018,4,3,0.75,0.10331973949810619,0.41327895799242476
original,preseason_wins_ge2_or_no_preseason,2019,4,4,1.0,0.3414534319670143,1.365813727868057
original,preseason_wins_ge2_or_no_preseason,2020,6,6,1.0,0.3787295794181306,2.2723774765087836
original,preseason_wins_ge2_or_no_preseason,2021,1,1,1.0,0.7936507936507936,0.7936507936507936
original,preseason_wins_ge2_or_no_preseason,2022,1,1,1.0,0.2638522427440633,0.2638522427440633
original,preseason_wins_ge2_or_no_preseason,2023,3,3,1.0,0.4388495095482115,1.3165485286446346
original,preseason_wins_ge2_or_no_preseason,2024,4,4,1.0,0.4605355884425652,1.8421423537702608
original,preseason_wins_ge2_or_no_preseason,2025,4,3,0.75,-0.1084536378654026,-0.4338145514616104
original,preseason_nonlosing_or_no_preseason,2007,2,2,1.0,0.1752123786407767,0.3504247572815534
original,preseason_nonlosing_or_no_preseason,2009,2,2,1.0,0.25324675324675316,0.5064935064935063
original,preseason_nonlosing_or_no_preseason,2010,4,2,0.5,-0.4269722814498934,-1.7078891257995736
original,preseason_nonlosing_or_no_preseason,2011,3,3,1.0,0.24148475186002774,0.7244542555800833
original,preseason_nonlosing_or_no_preseason,2012,5,5,1.0,0.2667673107890499,1.3338365539452495
original,preseason_nonlosing_or_no_preseason,2013,5,5,1.0,0.4468270369943296,2.234135184971648
original,preseason_nonlosing_or_no_preseason,2014,5,5,1.0,0.4273566486284529,2.1367832431422644
original,preseason_nonlosing_or_no_preseason,2015,3,3,1.0,0.43356643356643354,1.3006993006993006
original,preseason_nonlosing_or_no_preseason,2016,4,4,1.0,0.3514422672609536,1.4057690690438145
original,preseason_nonlosing_or_no_preseason,2017,4,3,0.75,0.004723837209302362,0.018895348837209447
original,preseason_nonlosing_or_no_preseason,2018,4,3,0.75,0.10331973949810619,0.41327895799242476
original,preseason_nonlosing_or_no_preseason,2019,4,4,1.0,0.3414534319670143,1.365813727868057
original,preseason_nonlosing_or_no_preseason,2020,6,6,1.0,0.3787295794181306,2.2723774765087836
original,preseason_nonlosing_or_no_preseason,2021,2,1,0.5,-0.1031746031746032,-0.2063492063492064
original,preseason_nonlosing_or_no_preseason,2022,1,1,1.0,0.2638522427440633,0.2638522427440633
original,preseason_nonlosing_or_no_preseason,2023,3,3,1.0,0.4388495095482115,1.3165485286446346
original,preseason_nonlosing_or_no_preseason,2024,4,4,1.0,0.4605355884425652,1.8421423537702608
original,preseason_nonlosing_or_no_preseason,2025,4,3,0.75,-0.1084536378654026,-0.4338145514616104
original,preseason_positive_margin_or_no_preseason,2007,2,2,1.0,0.21202990737640887,0.42405981475281773
original,preseason_positive_margin_or_no_preseason,2009,2,2,1.0,0.25324675324675316,0.5064935064935063
original,preseason_positive_margin_or_no_preseason,2010,3,2,0.6666666666666666,-0.2359630419331912,-0.7078891257995736
original,preseason_positive_margin_or_no_preseason,2011,3,3,1.0,0.24148475186002774,0.7244542555800833
original,preseason_positive_margin_or_no_preseason,2012,4,4,1.0,0.27790358293075684,1.1116143317230274
original,preseason_positive_margin_or_no_preseason,2013,3,3,1.0,0.5827472560145827,1.748241768043748
original,preseason_positive_margin_or_no_preseason,2014,5,4,0.8,0.10829318201293939,0.5414659100646969
original,preseason_positive_margin_or_no_preseason,2015,2,2,1.0,0.2657342657342657,0.5314685314685313
original,preseason_positive_margin_or_no_preseason,2016,4,4,1.0,0.3514422672609536,1.4057690690438145
original,preseason_positive_margin_or_no_preseason,2017,2,2,1.0,0.21875,0.4375
original,preseason_positive_margin_or_no_preseason,2018,4,3,0.75,0.10331973949810619,0.41327895799242476
original,preseason_positive_margin_or_no_preseason,2019,4,4,1.0,0.3414534319670143,1.365813727868057
original,preseason_positive_margin_or_no_preseason,2020,6,6,1.0,0.3787295794181306,2.2723774765087836
original,preseason_positive_margin_or_no_preseason,2022,1,1,1.0,0.2638522427440633,0.2638522427440633
original,preseason_positive_margin_or_no_preseason,2023,3,3,1.0,0.4326720941788021,1.2980162825364063
original,preseason_positive_margin_or_no_preseason,2024,4,3,0.75,0.0994244773314541,0.3976979093258164
original,preseason_positive_margin_or_no_preseason,2025,4,3,0.75,-0.1084536378654026,-0.4338145514616104
stricter,baseline,2007,2,2,1.0,0.19306752873563215,0.3861350574712643
stricter,baseline,2009,2,2,1.0,0.25324675324675316,0.5064935064935063
stricter,baseline,2010,4,2,0.5,-0.4269722814498934,-1.7078891257995736
stricter,baseline,2011,3,3,1.0,0.24148475186002774,0.7244542555800833
stricter,baseline,2012,5,5,1.0,0.2667673107890499,1.3338365539452495
stricter,baseline,2013,4,3,0.75,-0.051603568844948156,-0.20641427537979262
stricter,baseline,2014,4,4,1.0,0.4684063371013556,1.8736253484054224
stricter,baseline,2015,2,2,1.0,0.4230769230769231,0.8461538461538461
stricter,baseline,2016,4,4,1.0,0.3514422672609536,1.4057690690438145
stricter,baseline,2017,3,2,0.6666666666666666,-0.1875,-0.5625
stricter,baseline,2018,3,3,1.0,0.9688435182577678,2.9065305547733034
stricter,baseline,2019,5,4,0.8,0.12694785553224752,0.6347392776612376
stricter,baseline,2020,4,4,1.0,0.40136199512101944,1.6054479804840778
stricter,baseline,2021,3,2,0.6666666666666666,0.009648303765950791,0.02894491129785237
stricter,baseline,2022,1,1,1.0,0.2638522427440633,0.2638522427440633
stricter,baseline,2023,6,6,1.0,0.327770385205324,1.9666223112319439
stricter,baseline,2024,4,3,0.75,0.10337018440216117,0.4134807376086447
stricter,baseline,2025,5,3,0.6,-0.28676291029232204,-1.4338145514616103
stricter,preseason_wins_ge2_fail_closed,2007,1,1,1.0,0.15625,0.15625
stricter,preseason_wins_ge2_fail_closed,2009,2,2,1.0,0.25324675324675316,0.5064935064935063
stricter,preseason_wins_ge2_fail_closed,2010,4,2,0.5,-0.4269722814498934,-1.7078891257995736
stricter,preseason_wins_ge2_fail_closed,2011,3,3,1.0,0.24148475186002774,0.7244542555800833
stricter,preseason_wins_ge2_fail_closed,2012,5,5,1.0,0.2667673107890499,1.3338365539452495
stricter,preseason_wins_ge2_fail_closed,2013,3,3,1.0,0.2645285748734025,0.7935857246202074
stricter,preseason_wins_ge2_fail_closed,2014,4,4,1.0,0.4684063371013556,1.8736253484054224
stricter,preseason_wins_ge2_fail_closed,2015,2,2,1.0,0.4230769230769231,0.8461538461538461
stricter,preseason_wins_ge2_fail_closed,2016,4,4,1.0,0.3514422672609536,1.4057690690438145
stricter,preseason_wins_ge2_fail_closed,2017,2,2,1.0,0.21875,0.4375
stricter,preseason_wins_ge2_fail_closed,2018,1,1,1.0,0.373134328358209,0.373134328358209
stricter,preseason_wins_ge2_fail_closed,2019,2,2,1.0,0.23752563226247433,0.47505126452494867
stricter,preseason_wins_ge2_fail_closed,2021,1,1,1.0,0.7936507936507936,0.7936507936507936
stricter,preseason_wins_ge2_fail_closed,2022,1,1,1.0,0.2638522427440633,0.2638522427440633
stricter,preseason_wins_ge2_fail_closed,2023,3,3,1.0,0.4388495095482115,1.3165485286446346
stricter,preseason_wins_ge2_fail_closed,2024,2,2,1.0,0.44632370213765565,0.8926474042753113
stricter,preseason_wins_ge2_fail_closed,2025,4,3,0.75,-0.1084536378654026,-0.4338145514616104
stricter,preseason_wins_ge2_or_no_preseason,2007,1,1,1.0,0.15625,0.15625
stricter,preseason_wins_ge2_or_no_preseason,2009,2,2,1.0,0.25324675324675316,0.5064935064935063
stricter,preseason_wins_ge2_or_no_preseason,2010,4,2,0.5,-0.4269722814498934,-1.7078891257995736
stricter,preseason_wins_ge2_or_no_preseason,2011,3,3,1.0,0.24148475186002774,0.7244542555800833
stricter,preseason_wins_ge2_or_no_preseason,2012,5,5,1.0,0.2667673107890499,1.3338365539452495
stricter,preseason_wins_ge2_or_no_preseason,2013,3,3,1.0,0.2645285748734025,0.7935857246202074
stricter,preseason_wins_ge2_or_no_preseason,2014,4,4,1.0,0.4684063371013556,1.8736253484054224
stricter,preseason_wins_ge2_or_no_preseason,2015,2,2,1.0,0.4230769230769231,0.8461538461538461
stricter,preseason_wins_ge2_or_no_preseason,2016,4,4,1.0,0.3514422672609536,1.4057690690438145
stricter,preseason_wins_ge2_or_no_preseason,2017,2,2,1.0,0.21875,0.4375
stricter,preseason_wins_ge2_or_no_preseason,2018,1,1,1.0,0.373134328358209,0.373134328358209
stricter,preseason_wins_ge2_or_no_preseason,2019,2,2,1.0,0.23752563226247433,0.47505126452494867
stricter,preseason_wins_ge2_or_no_preseason,2020,4,4,1.0,0.40136199512101944,1.6054479804840778
stricter,preseason_wins_ge2_or_no_preseason,2021,1,1,1.0,0.7936507936507936,0.7936507936507936
stricter,preseason_wins_ge2_or_no_preseason,2022,1,1,1.0,0.2638522427440633,0.2638522427440633
stricter,preseason_wins_ge2_or_no_preseason,2023,3,3,1.0,0.4388495095482115,1.3165485286446346
stricter,preseason_wins_ge2_or_no_preseason,2024,2,2,1.0,0.44632370213765565,0.8926474042753113
stricter,preseason_wins_ge2_or_no_preseason,2025,4,3,0.75,-0.1084536378654026,-0.4338145514616104
stricter,preseason_nonlosing_or_no_preseason,2007,1,1,1.0,0.15625,0.15625
stricter,preseason_nonlosing_or_no_preseason,2009,2,2,1.0,0.25324675324675316,0.5064935064935063
stricter,preseason_nonlosing_or_no_preseason,2010,4,2,0.5,-0.4269722814498934,-1.7078891257995736
stricter,preseason_nonlosing_or_no_preseason,2011,3,3,1.0,0.24148475186002774,0.7244542555800833
stricter,preseason_nonlosing_or_no_preseason,2012,5,5,1.0,0.2667673107890499,1.3338365539452495
stricter,preseason_nonlosing_or_no_preseason,2013,3,3,1.0,0.2645285748734025,0.7935857246202074
stricter,preseason_nonlosing_or_no_preseason,2014,4,4,1.0,0.4684063371013556,1.8736253484054224
stricter,preseason_nonlosing_or_no_preseason,2015,2,2,1.0,0.4230769230769231,0.8461538461538461
stricter,preseason_nonlosing_or_no_preseason,2016,4,4,1.0,0.3514422672609536,1.4057690690438145
stricter,preseason_nonlosing_or_no_preseason,2017,2,2,1.0,0.21875,0.4375
stricter,preseason_nonlosing_or_no_preseason,2018,1,1,1.0,0.373134328358209,0.373134328358209
stricter,preseason_nonlosing_or_no_preseason,2019,2,2,1.0,0.23752563226247433,0.47505126452494867
stricter,preseason_nonlosing_or_no_preseason,2020,4,4,1.0,0.40136199512101944,1.6054479804840778
stricter,preseason_nonlosing_or_no_preseason,2021,2,1,0.5,-0.1031746031746032,-0.2063492063492064
stricter,preseason_nonlosing_or_no_preseason,2022,1,1,1.0,0.2638522427440633,0.2638522427440633
stricter,preseason_nonlosing_or_no_preseason,2023,3,3,1.0,0.4388495095482115,1.3165485286446346
stricter,preseason_nonlosing_or_no_preseason,2024,2,2,1.0,0.44632370213765565,0.8926474042753113
stricter,preseason_nonlosing_or_no_preseason,2025,4,3,0.75,-0.1084536378654026,-0.4338145514616104
stricter,preseason_positive_margin_or_no_preseason,2007,1,1,1.0,0.2298850574712643,0.2298850574712643
stricter,preseason_positive_margin_or_no_preseason,2009,2,2,1.0,0.25324675324675316,0.5064935064935063
stricter,preseason_positive_margin_or_no_preseason,2010,3,2,0.6666666666666666,-0.2359630419331912,-0.7078891257995736
stricter,preseason_positive_margin_or_no_preseason,2011,3,3,1.0,0.24148475186002774,0.7244542555800833
stricter,preseason_positive_margin_or_no_preseason,2012,4,4,1.0,0.27790358293075684,1.1116143317230274
stricter,preseason_positive_margin_or_no_preseason,2013,1,1,1.0,0.3076923076923077,0.3076923076923077
stricter,preseason_positive_margin_or_no_preseason,2014,2,2,1.0,0.31447868298860276,0.6289573659772055
stricter,preseason_positive_margin_or_no_preseason,2015,1,1,1.0,0.0769230769230769,0.0769230769230769
stricter,preseason_positive_margin_or_no_preseason,2016,4,4,1.0,0.3514422672609536,1.4057690690438145
stricter,preseason_positive_margin_or_no_preseason,2017,2,2,1.0,0.21875,0.4375
stricter,preseason_positive_margin_or_no_preseason,2018,1,1,1.0,0.373134328358209,0.373134328358209
stricter,preseason_positive_margin_or_no_preseason,2019,2,2,1.0,0.23752563226247433,0.47505126452494867
stricter,preseason_positive_margin_or_no_preseason,2020,4,4,1.0,0.40136199512101944,1.6054479804840778
stricter,preseason_positive_margin_or_no_preseason,2022,1,1,1.0,0.2638522427440633,0.2638522427440633
stricter,preseason_positive_margin_or_no_preseason,2023,3,3,1.0,0.4326720941788021,1.2980162825364063
stricter,preseason_positive_margin_or_no_preseason,2024,3,2,0.6666666666666666,-0.03578419857489623,-0.10735259572468869
stricter,preseason_positive_margin_or_no_preseason,2025,4,3,0.75,-0.1084536378654026,-0.4338145514616104
