method_id,feature,op,threshold,pre_score,holdout_base_n,holdout_base_roi,removed_wins,removed_losses,safe_n,safe_roi,roi_change,loss_rate_change,confirmed,base_n,base_roi,retain_share,loss_win_ratio,deployment_grade
NFL-H002,dc_prior_role_seasons,>=,4.0,0.7771605937921727,47,0.4948936170212765,5,7,35,0.6602857142857144,0.1653920972644378,-0.0759878419452887,True,47,0.4948936170212765,0.7446808510638298,1.4,True
NFL-H003,dc_prior_role_seasons,>=,3.3500000000000014,1.142542610353931,43,0.4374418604651162,5,7,31,0.5658064516129031,0.1283645911477868,-0.0637659414853712,True,43,0.4374418604651162,0.7209302325581395,1.4,True
NFL-H005,oc_prior_role_seasons,>=,3.0,0.8312776816198415,41,0.3602439024390244,3,7,31,0.5680645161290322,0.2078206136900078,-0.084185680566483,True,41,0.3602439024390244,0.7560975609756098,2.3333333333333335,True
NFL-H006,adv_staff_change_count,>=,1.0,0.7271867181254204,76,0.2681578947368421,6,11,59,0.3864406779661017,0.1182827832292596,-0.0461641391614628,True,76,0.2681578947368421,0.7763157894736842,1.8333333333333333,True
NFL-H009,adv_hc_prior_games_current_stint,<=,-13.0,0.5271282818532589,92,0.1953260869565217,20,24,48,0.2810416666666667,0.0857155797101449,-0.0416666666666666,True,92,0.1953260869565217,0.5217391304347826,1.2,True
NFL-H010,adv_dc_prior_win_pct,<=,-0.1042471042471042,0.5046084850720967,40,0.32175,3,5,32,0.43125,0.1095,-0.0437499999999999,True,40,0.32175,0.8,1.6666666666666667,True
NFL-H014,adv_dc_tenure_seasons,>=,1.25,1.0955921583590205,40,0.33275,3,5,32,0.4275,0.09475,-0.0437499999999999,True,40,0.33275,0.8,1.6666666666666667,True
NFL-H015,adv_dc_prior_role_seasons,>=,1.0,0.9231719946719948,30,0.3353333333333333,4,7,19,0.6178947368421053,0.2825614035087719,-0.0982456140350876,True,30,0.3353333333333333,0.6333333333333333,1.75,True
NFL-H016,oc_prior_games,>=,23.0,0.4300163289396025,45,0.2613333333333333,7,14,24,0.6420833333333333,0.38075,-0.1555555555555555,True,45,0.2613333333333333,0.5333333333333333,2.0,True
NFL-H020,oc_prior_role_seasons,>=,2.25,1.217958863556027,34,0.2667647058823529,1,5,28,0.4428571428571427,0.1760924369747897,-0.0714285714285714,True,34,0.2667647058823529,0.8235294117647058,5.0,True
NFL-H022,hc_prior_win_pct,>=,0.600943396226415,1.035383224773469,40,0.211,5,8,27,0.3566666666666666,0.1456666666666666,-0.0555555555555555,True,40,0.211,0.675,1.6,True
NFL-H027,dc_tenure_seasons,>=,3.0,0.6560502211223783,43,0.2290697674418604,4,6,33,0.3090909090909091,0.0800211416490486,-0.0338266384778012,True,43,0.2290697674418604,0.7674418604651163,1.5,True
NFL-H031,adv_dc_tenure_seasons,>=,1.0,0.2948824585310654,76,0.1828947368421052,6,13,57,0.3070175438596491,0.1241228070175438,-0.0526315789473684,True,76,0.1828947368421052,0.75,2.1666666666666665,True
NFL-H035,oc_tenure_seasons,>=,3.0,0.3939692982456141,52,0.1542307692307692,4,7,41,0.2502439024390244,0.0960131332082551,-0.0314258911819886,True,52,0.1542307692307692,0.7884615384615384,1.75,True
NFL-H036,oc_tenure_seasons,>=,2.5,0.328897460263314,46,0.1728260869565217,3,8,35,0.3511428571428571,0.1783167701863354,-0.0714285714285714,True,46,0.1728260869565217,0.7608695652173914,2.6666666666666665,True
NFL-H042,hc_prior_win_pct,>=,0.6334688346883469,0.9167838673085034,45,0.152,2,6,37,0.2721621621621621,0.1201621621621621,-0.0516516516516516,True,45,0.152,0.8222222222222222,3.0,True
NFL-H044,adv_oc_prior_games,>=,14.75,0.6197072470013647,40,0.16025,2,7,31,0.344516129032258,0.1842661290322579,-0.0733870967741935,True,40,0.16025,0.775,3.5,True
NFL-H057,adv_hc_prior_games,<=,-25.4,0.8924599208649255,66,0.125,9,17,40,0.28975,0.16475,-0.0704545454545454,True,66,0.125,0.6060606060606061,1.8888888888888888,True
NFL-H058,oc_tenure_seasons,>=,3.0,0.4979687032790985,130,0.1383846153846153,9,19,102,0.2197058823529411,0.0813212669683257,-0.0363499245852187,True,130,0.1383846153846153,0.7846153846153846,2.111111111111111,True
NFL-H059,adv_dc_prior_games,>=,44.0,1.0675911654135335,37,0.2424324324324324,1,7,29,0.5082758620689656,0.2658434296365332,-0.1146318732525628,True,37,0.2424324324324324,0.7837837837837838,7.0,True
NFL-H065,oc_prior_role_seasons,>=,2.0,0.4748408071665571,120,0.10175,14,29,77,0.2615584415584415,0.1598084415584415,-0.0648268398268397,True,120,0.10175,0.6416666666666667,2.0714285714285716,True
NFL-H066,hc_prior_games,<=,25.0,0.8444730535422024,29,0.2524137931034483,1,7,21,0.5676190476190476,0.3152052545155993,-0.0968801313628899,True,29,0.2524137931034483,0.7241379310344828,7.0,True
NFL-H075,adv_dc_prior_games,<=,-14.0,1.0304422753172753,27,0.2611111111111111,1,5,21,0.5023809523809524,0.2412698412698412,-0.1005291005291005,True,27,0.2611111111111111,0.7777777777777778,5.0,True
NFL-H081,adv_dc_prior_win_pct,<=,-0.0655784650630011,0.9319423076923076,38,0.1586842105263158,4,8,26,0.318076923076923,0.1593927125506072,-0.0647773279352227,True,38,0.1586842105263158,0.6842105263157895,2.0,True
NFL-H082,adv_hc_changed_season,<=,-0.5999999999999996,0.5812533593606892,60,0.1119999999999999,5,12,43,0.2837209302325581,0.1717209302325581,-0.0748062015503875,True,60,0.1119999999999999,0.7166666666666667,2.4,True
NFL-H086,oc_tenure_seasons,>=,2.5,0.7021255967175604,52,0.1182692307692308,6,10,36,0.2380555555555555,0.1197863247863247,-0.0470085470085469,True,52,0.1182692307692308,0.6923076923076923,1.6666666666666667,True
NFL-H087,adv_dc_prior_win_pct,<=,-0.1532716512461449,1.0634226264101154,42,0.1104761904761904,2,9,31,0.242258064516129,0.1317818740399386,-0.0453149001536098,True,42,0.1104761904761904,0.7380952380952381,4.5,True
NFL-H091,oc_prior_role_seasons,>=,3.0,1.0603242988895163,37,0.128108108108108,2,5,30,0.2203333333333333,0.0922252252252252,-0.0405405405405405,True,37,0.128108108108108,0.8108108108108109,2.5,True
NFL-H093,adv_hc_prior_games,<=,-13.0,1.182187260956361,28,0.1317857142857142,3,7,18,0.3816666666666667,0.2498809523809524,-0.1111111111111111,True,28,0.1317857142857142,0.6428571428571429,2.3333333333333335,True
NFL-H095,adv_dc_prior_role_seasons,>=,1.0,0.8233262729995721,33,0.1003030303030303,3,6,24,0.2191666666666666,0.1188636363636363,-0.0454545454545454,True,33,0.1003030303030303,0.7272727272727273,2.0,True
NFL-H096,adv_dc_prior_role_seasons,>=,2.2999999999999936,1.1349743589743588,31,0.1158064516129032,1,7,23,0.4147826086956521,0.2989761570827489,-0.1248246844319775,True,31,0.1158064516129032,0.7419354838709677,7.0,True
