method_id,family,feature,op,threshold,confirmed,base_n,base_win_pct,base_roi,train_risk_n,train_risk_win_pct,train_risk_roi,train_safe_roi,train_loss_lift,validation_risk_n,validation_risk_win_pct,validation_risk_roi,validation_safe_roi,validation_loss_lift,holdout_risk_n,holdout_risk_win_pct,holdout_risk_roi,holdout_safe_roi,holdout_loss_lift,retained_share,veto_score
CO001,CONTEXT,adv_travel_miles,<=,-953.1368323547238,True,93,0.3655913978494624,0.36913978494623656,14,0.21428571428571427,-0.31857142857142856,0.8271428571428573,0.1071428571428571,12,0.25,-0.09249999999999999,0.6240000000000001,0.1283783783783784,7,0.0,-1.0,0.939047619047619,0.3928571428571428,0.75,11.037764976958524
CO001,CONTEXT,travel_miles,>=,953.1368323547238,True,93,0.3655913978494624,0.36913978494623656,14,0.21428571428571427,-0.31857142857142856,0.8271428571428573,0.1071428571428571,13,0.23076923076923078,-0.1623076923076923,0.6916666666666668,0.14760914760914756,9,0.1111111111111111,-0.5211111111111111,0.9163157894736842,0.28174603174603163,0.6785714285714286,10.896779179130622
CO005,CONTEXT,rank_edge_punt_return_average,<=,-3.0,True,158,0.5063291139240507,0.2689873417721519,36,0.3888888888888889,-0.017222222222222208,0.4305714285714286,0.0899843505477309,17,0.35294117647058826,-0.1323529411764706,0.3858823529411765,0.13725490196078427,14,0.35714285714285715,-0.10285714285714284,0.8463636363636362,0.22619047619047616,0.6111111111111112,10.864677881893073
CO043,CONTEXT,rank_edge_def_allowed_early_down_epa,<=,-5.9,True,94,0.3723404255319149,0.35670212765957443,10,0.2,-0.4130000000000001,0.5452941176470588,0.1333333333333333,15,0.2,-0.38266666666666665,1.0276923076923077,0.21463414634146338,12,0.16666666666666666,-0.43916666666666665,0.9057142857142857,0.17948717948717952,0.5384615384615384,10.782345491388044
CO043,CONTEXT,qb_prior_starts,<=,9.2,True,94,0.3723404255319149,0.35670212765957443,6,0.16666666666666666,-0.17,0.2933333333333333,0.16666666666666663,10,0.3,0.026999999999999958,0.6680645161290323,0.1146341463414633,10,0.1,-0.55,0.806875,0.24615384615384617,0.6153846153846154,10.757865180032733
CO005,COACH,opp_coachq_prev_dc_prior_quality,<=,0.4453125,True,158,0.5063291139240507,0.2689873417721519,18,0.3333333333333333,-0.13944444444444437,0.32,0.1455399061032865,8,0.375,-0.08875,0.26930232558139533,0.11519607843137258,4,0.25,-0.41,0.588125,0.33333333333333337,0.8888888888888888,10.741359880450071
CO061,COACH,coachq_prev_hc_recent_quality,>=,0.7615384615384617,True,97,0.3711340206185567,0.30752577319587626,10,0.2,-0.384,0.849,0.20000000000000007,9,0.2222222222222222,-0.1411111111111111,0.3603125,0.14363143631436315,6,0.0,-1.0,0.6214999999999999,0.34615384615384615,0.7692307692307693,10.737051149881047
CO061,COACH,coachq_prev_hc_recent_quality,>=,0.7692307692307693,True,97,0.3711340206185567,0.30752577319587626,10,0.2,-0.384,0.849,0.20000000000000007,9,0.2222222222222222,-0.1411111111111111,0.3603125,0.14363143631436315,6,0.0,-1.0,0.6214999999999999,0.34615384615384615,0.7692307692307693,10.737051149881047
CO043,COACH,opp_coachq_hc_recent_quality,<=,0.46153846153846156,True,94,0.3723404255319149,0.35670212765957443,9,0.2222222222222222,-0.2422222222222222,0.40666666666666657,0.11111111111111105,4,0.25,-0.20999999999999996,0.5897297297297297,0.16463414634146334,6,0.0,-1.0,0.6705,0.34615384615384615,0.7692307692307693,10.736874795417348
CO005,COACH,coachq_hc_prior_role_seasons,>=,3.0,True,158,0.5063291139240507,0.2689873417721519,23,0.391304347826087,0.0030434782608695678,0.29958333333333337,0.08756889161053283,26,0.38461538461538464,-0.059999999999999984,0.4972000000000001,0.105580693815988,16,0.4375,0.11875000000000002,0.7639999999999999,0.14583333333333337,0.5555555555555556,10.696401547116738
CO005,COACH,coachq_prev_hc_prior_role_seasons,>=,2.0,True,158,0.5063291139240507,0.2689873417721519,23,0.391304347826087,0.0030434782608695678,0.29958333333333337,0.08756889161053283,27,0.37037037037037035,-0.09481481481481485,0.5595833333333334,0.11982570806100223,16,0.4375,0.11875000000000002,0.7639999999999999,0.14583333333333337,0.5555555555555556,10.696401547116738
CO061,CONTEXT,rank_edge_penalty_yards,<=,-3.799999999999999,True,97,0.3711340206185567,0.30752577319587626,6,0.16666666666666666,-0.49833333333333335,0.6720833333333333,0.2333333333333334,21,0.2857142857142857,-0.07142857142857142,0.5879999999999999,0.08013937282229966,12,0.16666666666666666,-0.3575,0.7657142857142857,0.17948717948717952,0.5384615384615384,10.691521845851742
CO005,CONTEXT,rank_edge_punt_return_average,<=,3.5,True,158,0.5063291139240507,0.2689873417721519,46,0.3695652173913043,-0.06478260869565217,0.6972,0.10930802204531542,26,0.34615384615384615,-0.13153846153846155,0.5716,0.14404223227752644,19,0.47368421052631576,0.19631578947368422,0.7911764705882353,0.10964912280701766,0.4722222222222222,10.679060473845324
CO005,CONTEXT,recent_edge_third_down_success,>=,0.0750997368644427,True,158,0.5063291139240507,0.2689873417721519,15,0.26666666666666666,-0.34600000000000003,0.3507142857142857,0.21220657276995314,8,0.375,-0.13874999999999998,0.27860465116279076,0.11519607843137258,6,0.3333333333333333,-0.15166666666666673,0.603,0.2500000000000001,0.8333333333333334,10.667345991561183
CO005,COACH,opp_coachq_oc_prior_quality,<=,0.524609375,True,158,0.5063291139240507,0.2689873417721519,18,0.3888888888888889,-0.022777777777777737,0.28037735849056605,0.0899843505477309,10,0.4,0.01100000000000001,0.2624390243902439,0.09019607843137256,8,0.375,-0.07249999999999998,0.6342857142857142,0.20833333333333337,0.7777777777777778,10.651409483624674
CO009,COACH,coachq_hc_quality_delta_vs_departed,>=,0.04049145299145297,True,265,0.3471698113207547,0.28803773584905656,8,0.125,-0.4525,0.25904761904761897,0.1848591549295775,8,0.25,0.0625,0.32697916666666665,0.10576923076923084,5,0.0,-1.0,0.432235294117647,0.3666666666666667,0.9444444444444444,10.605308669379703
CO061,CONTEXT,recent_edge_def_allowed_early_down_epa,<=,-0.1190981963530585,True,97,0.3711340206185567,0.30752577319587626,11,0.2727272727272727,0.0890909090909091,0.64,0.12727272727272732,17,0.23529411764705882,-0.2647058823529412,0.6149999999999999,0.13055954088952648,4,0.0,-1.0,0.47409090909090906,0.34615384615384615,0.8461538461538461,10.597334366664263
CO018,CONTEXT,recent_edge_off_epa,>=,8.838128863381744,True,132,0.696969696969697,0.16232538482666328,16,0.5625,-0.07112400548698608,0.28162125840669155,0.12638888888888888,9,0.5555555555555556,-0.04258980261678105,0.23441319126939159,0.14444444444444438,13,0.38461538461538464,-0.387163169274572,0.369045261349606,0.3175122749590835,0.723404255319149,10.59657257701394
CO043,COACH,adv_staff_quality_min,>=,0.18881181318681328,True,94,0.3723404255319149,0.35670212765957443,10,0.2,-0.31799999999999995,0.48941176470588227,0.1333333333333333,7,0.2857142857142857,-0.04428571428571436,0.6261764705882352,0.12891986062717764,4,0.0,-1.0,0.5186363636363637,0.34615384615384615,0.8461538461538461,10.59270346674602
CO009,COACH,opp_coachq_oc_prior_quality,<=,0.34375,True,265,0.3471698113207547,0.28803773584905656,13,0.15384615384615385,-0.4284615384615385,0.315,0.15601300108342364,8,0.25,0.03125,0.3295833333333333,0.10576923076923084,4,0.0,-1.0,0.41558139534883715,0.3666666666666667,0.9555555555555556,10.589765881722004
CO026,COACH,adv_dc_prior_win_pct,>=,0.03426573426573432,True,109,0.5596330275229358,0.405045871559633,9,0.4444444444444444,0.11666666666666667,0.44208333333333333,0.101010101010101,12,0.4166666666666667,0.05583333333333337,0.6933333333333335,0.1785714285714285,6,0.16666666666666666,-0.6266666666666666,0.5278571428571428,0.36274509803921573,0.8235294117647058,10.567909310513196
CO005,COACH,opp_coachq_oc_prior_quality,<=,0.5625,True,158,0.5063291139240507,0.2689873417721519,25,0.36,-0.08319999999999998,0.35934782608695653,0.11887323943661976,13,0.38461538461538464,-0.027692307692307717,0.29552631578947375,0.105580693815988,11,0.45454545454545453,0.17636363636363636,0.6095999999999999,0.12878787878787878,0.6944444444444444,10.538844981460171
CO005,COACH,adv_hc_recent_quality,>=,0.028717948717948874,True,158,0.5063291139240507,0.2689873417721519,12,0.3333333333333333,-0.14833333333333334,0.27508474576271186,0.1455399061032865,9,0.3333333333333333,-0.12444444444444445,0.28547619047619055,0.15686274509803932,7,0.42857142857142855,0.09857142857142856,0.5686206896551723,0.15476190476190477,0.8055555555555556,10.534950808200481
CO043,CONTEXT,recent_edge_yards_per_play,>=,-0.1757888339600404,True,94,0.3723404255319149,0.35670212765957443,14,0.21428571428571427,-0.1271428571428572,0.5323076923076923,0.11904761904761896,19,0.3157894736842105,0.020526315789473667,0.9359090909090909,0.09884467265725283,7,0.14285714285714285,-0.5714285714285714,0.6005263157894737,0.20329670329670335,0.7307692307692307,10.520197814503526
CO043,CONTEXT,rank_edge_point_margin,<=,-10.0,True,94,0.3723404255319149,0.35670212765957443,11,0.09090909090909091,-0.7300000000000001,0.823125,0.24242424242424232,16,0.25,-0.053125000000000006,0.8732000000000001,0.16463414634146334,10,0.2,-0.322,0.664375,0.1461538461538462,0.6153846153846154,10.515365180032733
CO043,CONTEXT,qb_prior_starts,<=,13.1,True,94,0.3723404255319149,0.35670212765957443,10,0.2,-0.12200000000000003,0.3741176470588235,0.1333333333333333,14,0.2857142857142857,-0.060714285714285755,0.8085185185185186,0.12891986062717764,11,0.18181818181818182,-0.2,0.6406666666666666,0.16433566433566427,0.5769230769230769,10.505992511035066
CO018,CONTEXT,recent_edge_off_epa_per_play,>=,0.1256305872646883,True,132,0.696969696969697,0.16232538482666328,16,0.5625,-0.07112400548698608,0.28162125840669155,0.12638888888888888,10,0.6,0.01753509943260654,0.22360499038246814,0.09999999999999998,15,0.4666666666666667,-0.24634625795097478,0.35030036108068097,0.23546099290780143,0.6808510638297872,10.491521075544798
CO043,CONTEXT,recent_edge_def_allowed_early_down_epa,<=,-0.0973635786440692,True,94,0.3723404255319149,0.35670212765957443,10,0.0,-1.0,0.8905882352941176,0.33333333333333326,9,0.2222222222222222,-0.34111111111111114,0.7515625,0.19241192411924113,7,0.14285714285714285,-0.46714285714285714,0.5621052631578948,0.20329670329670335,0.7307692307692307,10.481776761871947
CO043,CONTEXT,recent_edge_penalty_yards,<=,-15.533333333333333,True,94,0.3723404255319149,0.35670212765957443,6,0.16666666666666666,-0.17,0.29333333333333333,0.16666666666666663,8,0.0,-1.0,0.8781818181818183,0.41463414634146334,7,0.14285714285714285,-0.4642857142857143,0.5610526315789474,0.20329670329670335,0.7307692307692307,10.480724130293
CO017,COACH,coachq_hc_prior_quality,<=,0.4166666666666667,True,146,0.4726027397260274,0.18308219178082194,8,0.25,-0.31375,0.2578125,0.19999999999999996,8,0.375,-0.08124999999999999,0.22978723404255316,0.09772727272727266,16,0.3125,-0.23312500000000003,0.41628571428571426,0.17769607843137258,0.6862745098039216,10.479527051916657
CO017,COACH,coachq_hc_prior_win_pct,<=,0.4166666666666667,True,146,0.4726027397260274,0.18308219178082194,8,0.25,-0.31375,0.2578125,0.19999999999999996,8,0.375,-0.08124999999999999,0.22978723404255316,0.09772727272727266,16,0.3125,-0.23312500000000003,0.41628571428571426,0.17769607843137258,0.6862745098039216,10.479527051916657
CO061,CONTEXT,rank_edge_rush_epa_per_carry,>=,5.700000000000003,True,97,0.3711340206185567,0.30752577319587626,11,0.18181818181818182,-0.3581818181818182,0.8989473684210527,0.21818181818181814,13,0.23076923076923078,-0.09076923076923081,0.40857142857142853,0.13508442776735452,7,0.14285714285714285,-0.4342857142857143,0.498421052631579,0.20329670329670335,0.7307692307692307,10.467268905809329
CO001,COACH,opp_coachq_hc_recent_quality,<=,0.5384615384615384,True,93,0.3655913978494624,0.36913978494623656,14,0.21428571428571427,-0.2585714285714286,0.7671428571428571,0.1071428571428571,14,0.21428571428571427,-0.1585714285714286,0.7265217391304348,0.1640926640926641,10,0.3,0.06000000000000001,0.6733333333333333,0.09285714285714275,0.6428571428571429,10.461336405529956
CO017,COACH,coachq_hc_quality_delta_vs_departed,<=,0.017032967032967083,True,146,0.4726027397260274,0.18308219178082194,14,0.35714285714285715,-0.08071428571428571,0.2642307692307693,0.09285714285714275,23,0.391304347826087,-0.053043478260869574,0.3553125000000001,0.08142292490118574,24,0.375,-0.07749999999999999,0.47037037037037027,0.11519607843137258,0.5294117647058824,10.45542543349151
CO018,CONTEXT,rank_edge_sack_rate_allowed,>=,18.200000000000003,True,132,0.696969696969697,0.16232538482666328,9,0.3333333333333333,-0.41185713489719733,0.2982151838910292,0.3555555555555556,6,0.3333333333333333,-0.4130015432098766,0.2753385283840991,0.3666666666666667,7,0.42857142857142855,-0.2850747136461422,0.237748517021004,0.2735562310030395,0.851063829787234,10.434085746176105
CO061,COACH,adv_staff_downgrade_count,<=,-1.0,True,97,0.3711340206185567,0.30752577319587626,7,0.2857142857142857,0.008571428571428516,0.568695652173913,0.11428571428571432,6,0.0,-1.0,0.4645714285714285,0.36585365853658536,6,0.16666666666666666,-0.5066666666666667,0.4734999999999999,0.17948717948717952,0.7692307692307693,10.42238448321438
CO001,COACH,opp_coachq_hc_recent_quality,<=,0.46153846153846156,True,93,0.3655913978494624,0.36913978494623656,10,0.2,-0.335,0.5816666666666667,0.12142857142857144,9,0.2222222222222222,-0.027777777777777776,0.5264285714285715,0.1561561561561562,7,0.2857142857142857,0.0,0.6057142857142858,0.1071428571428571,0.75,10.418717357910905
CO005,COACH,opp_coachq_dc_quality_delta_vs_departed,>=,0.05110119047619051,True,158,0.5063291139240507,0.2689873417721519,13,0.3076923076923077,-0.21769230769230768,0.29793103448275865,0.17118093174431204,8,0.375,-0.12125,0.2753488372093023,0.11519607843137258,4,0.5,0.24000000000000005,0.5068750000000001,0.08333333333333337,0.8888888888888888,10.41010988045007
CO005,COACH,adv_hc_quality_delta_vs_departed,<=,0.011799242424242434,True,158,0.5063291139240507,0.2689873417721519,13,0.38461538461538464,-0.036923076923076906,0.25741379310344825,0.09425785482123517,17,0.23529411764705882,-0.4505882352941177,0.545,0.2549019607843137,6,0.5,0.30666666666666664,0.5113333333333333,0.08333333333333337,0.8333333333333334,10.40901265822785
CO005,CONTEXT,prior_road_miles_last3,>=,1375.378719621327,True,158,0.5063291139240507,0.2689873417721519,26,0.38461538461538464,-0.03769230769230769,0.3428888888888889,0.09425785482123517,16,0.375,-0.09,0.3517142857142858,0.11519607843137258,15,0.5333333333333333,0.3486666666666666,0.569047619047619,0.050000000000000044,0.5833333333333334,10.408393610608801
CO061,CONTEXT,recent_edge_def_allowed_explosive_rate,<=,-0.033730461371670864,True,97,0.3711340206185567,0.30752577319587626,11,0.18181818181818182,-0.3054545454545454,0.868421052631579,0.21818181818181814,11,0.2727272727272727,-0.10272727272727274,0.37966666666666665,0.09312638580931265,6,0.16666666666666666,-0.45999999999999996,0.4595000000000001,0.17948717948717952,0.7692307692307693,10.408384483214379
CO017,CONTEXT,recent_edge_def_allowed_sack_or_hit_rate,<=,-0.001363829063747632,True,146,0.4726027397260274,0.18308219178082194,14,0.35714285714285715,-0.09285714285714287,0.2707692307692308,0.09285714285714275,32,0.375,-0.07531249999999999,0.5460869565217391,0.09772727272727266,19,0.3684210526315789,-0.10894736842105264,0.4034375,0.1217750257997936,0.6274509803921569,10.404875432058187
CO043,CONTEXT,rank_edge_def_allowed_early_down_epa,<=,-9.8,True,94,0.3723404255319149,0.35670212765957443,6,0.0,-1.0,0.5304761904761904,0.33333333333333326,11,0.2727272727272727,-0.1581818181818182,0.7573333333333334,0.14190687361419063,9,0.2222222222222222,-0.25222222222222224,0.5694117647058823,0.12393162393162394,0.6538461538461539,10.402025876362547
CO026,CONTEXT,rest_edge,<=,-3.0,True,109,0.5596330275229358,0.405045871559633,8,0.375,-0.06874999999999998,0.48840000000000006,0.17045454545454541,4,0.5,0.405,0.5223684210526317,0.09523809523809523,4,0.25,-0.44,0.42600000000000005,0.27941176470588236,0.8823529411764706,10.388601187263896
CO026,CONTEXT,rest_days_edge,<=,-3.0,True,109,0.5596330275229358,0.405045871559633,8,0.375,-0.06874999999999998,0.48840000000000006,0.17045454545454541,4,0.5,0.405,0.5223684210526317,0.09523809523809523,4,0.25,-0.44,0.42600000000000005,0.27941176470588236,0.8823529411764706,10.388601187263896
CO017,COACH,opp_coachq_dc_prior_win_pct,<=,0.6000000000000001,True,146,0.4726027397260274,0.18308219178082194,26,0.34615384615384615,-0.12038461538461537,0.6335714285714287,0.10384615384615381,29,0.3103448275862069,-0.21689655172413796,0.6323076923076922,0.1623824451410658,25,0.4,-0.01039999999999999,0.4269230769230769,0.09019607843137256,0.5098039215686274,10.38501735573049
CO043,CONTEXT,recent_edge_def_allowed_early_down_epa,<=,-0.1471129673249381,True,94,0.3723404255319149,0.35670212765957443,6,0.0,-1.0,0.5304761904761904,0.33333333333333326,5,0.0,-1.0,0.7216666666666668,0.41463414634146334,6,0.16666666666666666,-0.37833333333333335,0.484,0.17948717948717952,0.7692307692307693,10.383708128750682
CO026,COACH,adv_dc_prior_win_pct,>=,0.0,True,109,0.5596330275229358,0.405045871559633,13,0.38461538461538464,-0.04538461538461539,0.6125,0.16083916083916083,13,0.46153846153846156,0.15923076923076926,0.6689655172413794,0.13369963369963367,9,0.3333333333333333,-0.21666666666666667,0.5187999999999999,0.1960784313725491,0.7352941176470589,10.38336197157762
CO001,COACH,adv_dc_tenure_seasons,>=,0.0,True,93,0.3655913978494624,0.36913978494623656,15,0.13333333333333333,-0.35333333333333333,0.9553846153846154,0.1880952380952381,12,0.25,0.01999999999999998,0.57,0.1283783783783784,10,0.3,0.20099999999999998,0.5950000000000002,0.09285714285714275,0.6428571428571429,10.383003072196622
CO001,COACH,adv_dc_tenure_seasons,>=,0.0,True,93,0.3655913978494624,0.36913978494623656,15,0.13333333333333333,-0.35333333333333333,0.9553846153846154,0.1880952380952381,12,0.25,0.01999999999999998,0.57,0.1283783783783784,10,0.3,0.20099999999999998,0.5950000000000002,0.09285714285714275,0.6428571428571429,10.383003072196622
CO001,COACH,adv_dc_tenure_seasons,>=,0.0,True,93,0.3655913978494624,0.36913978494623656,15,0.13333333333333333,-0.35333333333333333,0.9553846153846154,0.1880952380952381,12,0.25,0.01999999999999998,0.57,0.1283783783783784,10,0.3,0.20099999999999998,0.5950000000000002,0.09285714285714275,0.6428571428571429,10.383003072196622
CO018,CONTEXT,rank_edge_sack_or_hit_rate,>=,9.600000000000001,True,132,0.696969696969697,0.16232538482666328,16,0.5,-0.1676370765523612,0.33486984933931224,0.18888888888888888,12,0.5833333333333334,-0.019127820343357138,0.2540369482114427,0.11666666666666659,12,0.5,-0.15624507291173956,0.268267387435944,0.2021276595744681,0.7446808510638298,10.382537747290133
CO018,COACH,coachq_prev_oc_prior_quality,<=,0.5078125,True,132,0.696969696969697,0.16232538482666328,16,0.5,-0.16949071935888932,0.33589254881877606,0.18888888888888888,11,0.5454545454545454,-0.1204082364150547,0.283034182978128,0.15454545454545454,24,0.5833333333333334,-0.03770477488172889,0.36605792532515913,0.11879432624113473,0.48936170212765956,10.371463036952397
CO009,COACH,coachq_prev_dc_prior_win_pct,>=,0.7237762237762239,True,265,0.3471698113207547,0.28803773584905656,10,0.1,-0.709,0.3244262295081968,0.20985915492957752,6,0.16666666666666666,-0.2916666666666667,0.34326530612244893,0.1891025641025642,5,0.2,-0.404,0.3971764705882353,0.16666666666666674,0.9444444444444444,10.37024984585029
CO009,COACH,coachq_hc_recent_quality,>=,0.6923076923076923,True,265,0.3471698113207547,0.28803773584905656,12,0.08333333333333333,-0.6658333333333334,0.350677966101695,0.22652582159624413,18,0.2222222222222222,-0.12833333333333335,0.3976744186046512,0.13354700854700863,5,0.2,-0.316,0.392,0.16666666666666674,0.9444444444444444,10.365073375262055
CO017,CONTEXT,recent_edge_passing_cpoe,<=,-7.419948902969396,True,146,0.4726027397260274,0.18308219178082194,8,0.0,-1.0,0.42937499999999995,0.44999999999999996,10,0.3,-0.255,0.2822222222222222,0.17272727272727262,9,0.3333333333333333,-0.1922222222222222,0.29928571428571427,0.15686274509803932,0.8235294117647058,10.355419208779402
CO018,CONTEXT,rank_edge_sack_rate_allowed,>=,7.0,True,132,0.696969696969697,0.16232538482666328,23,0.5652173913043478,-0.05102521429513045,0.3728460152177398,0.1236714975845411,21,0.6190476190476191,0.022148208757833885,0.33780991167818936,0.08095238095238089,18,0.5555555555555556,-0.06559971880345451,0.2998349180613568,0.14657210401891252,0.6170212765957447,10.345783764913179
CO017,CONTEXT,rank_edge_passing_cpoe,<=,-10.2,True,146,0.4726027397260274,0.18308219178082194,8,0.25,-0.32,0.2593749999999999,0.19999999999999996,14,0.35714285714285715,-0.07142857142857144,0.27195121951219514,0.11558441558441546,11,0.36363636363636365,-0.14,0.3095,0.12655971479500894,0.7843137254901961,10.331408895563207
CO018,CONTEXT,recent_edge_sack_or_hit_rate,>=,0.0151875901875901,True,132,0.696969696969697,0.16232538482666328,23,0.6086956521739131,0.019903476974094055,0.29869329252718696,0.0801932367149758,15,0.6,0.024469415038204257,0.26065837920908186,0.09999999999999998,25,0.6,-0.0006363961138964314,0.3422876176438444,0.10212765957446812,0.46808510638297873,10.328898403029946
CO043,COACH,opp_coachq_hc_prior_quality,<=,0.5021367521367521,True,94,0.3723404255319149,0.35670212765957443,14,0.21428571428571427,-0.3628571428571429,0.7861538461538462,0.11904761904761896,11,0.18181818181818182,-0.3845454545454546,0.8403333333333334,0.23281596452328146,9,0.2222222222222222,-0.1077777777777778,0.49294117647058827,0.12393162393162394,0.6538461538461539,10.325555288127253
CO043,COACH,opp_coachq_hc_prior_win_pct,<=,0.5021367521367521,True,94,0.3723404255319149,0.35670212765957443,14,0.21428571428571427,-0.3628571428571429,0.7861538461538462,0.11904761904761896,11,0.18181818181818182,-0.3845454545454546,0.8403333333333334,0.23281596452328146,9,0.2222222222222222,-0.1077777777777778,0.49294117647058827,0.12393162393162394,0.6538461538461539,10.325555288127253
CO061,COACH,coachq_oc_prior_role_seasons,<=,0.0,True,97,0.3711340206185567,0.30752577319587626,6,0.16666666666666666,-0.3316666666666667,0.6304166666666666,0.2333333333333334,4,0.25,-0.12250000000000005,0.29054054054054057,0.11585365853658536,5,0.2,-0.40800000000000003,0.40333333333333327,0.1461538461538462,0.8076923076923077,10.322730637060534
CO026,CONTEXT,opp_rest,>=,10.0,True,109,0.5596330275229358,0.405045871559633,8,0.375,-0.06874999999999998,0.48840000000000006,0.17045454545454541,4,0.5,0.405,0.5223684210526317,0.09523809523809523,6,0.3333333333333333,-0.2333333333333333,0.4435714285714286,0.1960784313725491,0.8235294117647058,10.316956929560813
CO026,CONTEXT,away_rest,>=,10.0,True,109,0.5596330275229358,0.405045871559633,8,0.375,-0.06874999999999998,0.48840000000000006,0.17045454545454541,4,0.5,0.405,0.5223684210526317,0.09523809523809523,6,0.3333333333333333,-0.2333333333333333,0.4435714285714286,0.1960784313725491,0.8235294117647058,10.316956929560813
CO026,CONTEXT,opp_rest_days,>=,10.0,True,109,0.5596330275229358,0.405045871559633,8,0.375,-0.06874999999999998,0.48840000000000006,0.17045454545454541,4,0.5,0.405,0.5223684210526317,0.09523809523809523,6,0.3333333333333333,-0.2333333333333333,0.4435714285714286,0.1960784313725491,0.8235294117647058,10.316956929560813
CO009,COACH,opp_coachq_dc_quality_delta_vs_departed,>=,0.1135416666666666,True,265,0.3471698113207547,0.28803773584905656,9,0.1111111111111111,-0.6611111111111111,0.30080645161290326,0.19874804381846634,11,0.2727272727272727,-0.04454545454545456,0.34817204301075266,0.08304195804195813,8,0.25,-0.03250000000000003,0.3902439024390244,0.1166666666666667,0.9111111111111111,10.309983944367746
CO001,COACH,opp_coachq_hc_recent_quality,<=,0.45454545454545453,True,93,0.3655913978494624,0.36913978494623656,6,0.16666666666666666,-0.4366666666666667,0.4427272727272728,0.15476190476190477,9,0.2222222222222222,-0.027777777777777776,0.5264285714285715,0.1561561561561562,6,0.3333333333333333,0.16666666666666666,0.5327272727272727,0.059523809523809534,0.7857142857142857,10.301682725876276
CO009,CONTEXT,rank_edge_sack_or_hit_rate,>=,9.0,True,265,0.3471698113207547,0.28803773584905656,15,0.2,-0.394,0.3323214285714285,0.10985915492957754,26,0.2692307692307692,-0.03999999999999999,0.4221794871794871,0.08653846153846168,20,0.3,0.1295,0.4164285714285714,0.06666666666666665,0.7777777777777778,10.272835280023958
CO018,CONTEXT,recent_edge_pass_epa_per_dropback,>=,0.2683922613216064,True,132,0.696969696969697,0.16232538482666328,9,0.3333333333333333,-0.46904046904046903,0.31251101742684717,0.3555555555555556,5,0.6,0.03721822541966424,0.19135455939147972,0.09999999999999998,12,0.5833333333333334,-0.05266937739425152,0.23275572040137676,0.11879432624113473,0.7446808510638298,10.263692746922231
CO026,CONTEXT,recent_edge_success_rate,>=,0.01248458517365032,True,109,0.5596330275229358,0.405045871559633,7,0.42857142857142855,0.12285714285714278,0.4153846153846154,0.11688311688311681,5,0.2,-0.492,0.6467567567567568,0.3952380952380953,10,0.4,-0.01599999999999995,0.4658333333333333,0.12941176470588234,0.7058823529411765,10.260787461773699
CO017,CONTEXT,opp_fatigue_load_index,>=,1.9168141476950513,True,146,0.4726027397260274,0.18308219178082194,14,0.2857142857142857,-0.27214285714285713,0.36730769230769234,0.16428571428571426,19,0.3684210526315789,-0.07157894736842108,0.3197222222222222,0.10430622009569368,19,0.42105263157894735,0.059999999999999984,0.303125,0.06914344685242524,0.6274509803921569,10.25193135311082
CO043,CONTEXT,rank_edge_success_rate,<=,-14.8,True,94,0.3723404255319149,0.35670212765957443,6,0.16666666666666666,-0.17,0.2933333333333333,0.16666666666666663,15,0.26666666666666666,0.008000000000000037,0.8023076923076923,0.14796747967479673,8,0.25,-0.04999999999999999,0.43388888888888894,0.09615384615384615,0.6923076923076923,10.242571376613931
CO017,CONTEXT,rank_edge_def_allowed_sack_or_hit_rate,<=,-6.399999999999999,True,146,0.4726027397260274,0.18308219178082194,8,0.25,-0.37375,0.2728124999999999,0.19999999999999996,26,0.38461538461538464,-0.025769230769230742,0.37310344827586206,0.08811188811188808,12,0.4166666666666667,0.010833333333333342,0.27461538461538465,0.07352941176470584,0.7647058823529411,10.241533192834563
CO009,COACH,opp_coachq_oc_quality_delta_vs_departed,<=,-0.014999999999999987,True,265,0.3471698113207547,0.28803773584905656,10,0.2,-0.29000000000000004,0.25573770491803277,0.10985915492957754,7,0.14285714285714285,-0.32,0.3518556701030927,0.21291208791208804,13,0.3076923076923077,0.19769230769230772,0.3788311688311688,0.05897435897435899,0.8555555555555555,10.235323347512026
CO009,CONTEXT,rank_edge_punt_return_average,>=,8.0,True,265,0.3471698113207547,0.28803773584905656,15,0.13333333333333333,-0.5526666666666668,0.3748214285714285,0.1765258215962442,29,0.2413793103448276,-0.13482758620689655,0.4773333333333333,0.11438992042440321,19,0.3157894736842105,0.20526315789473687,0.392112676056338,0.05087719298245619,0.7888888888888889,10.233841022078627
CO018,CONTEXT,recent_edge_explosive_rate,<=,-0.03321764191688082,True,132,0.696969696969697,0.16232538482666328,9,0.5555555555555556,-0.08221459452410919,0.21580454879775715,0.1333333333333333,5,0.6,0.031893180094618924,0.19211528015220042,0.09999999999999998,5,0.6,-0.02838468720821661,0.18229383622281545,0.10212765957446812,0.8936170212765957,10.21145781309828
CO061,CONTEXT,recent_edge_sack_rate_allowed,>=,0.008511912532674538,True,97,0.3711340206185567,0.30752577319587626,6,0.16666666666666666,-0.375,0.64125,0.2333333333333334,14,0.2857142857142857,-0.019285714285714288,0.38999999999999996,0.08013937282229966,7,0.2857142857142857,-0.11999999999999998,0.3826315789473684,0.06043956043956045,0.7307692307692307,10.208622289267977
CO018,CONTEXT,rank_edge_sack_rate_allowed,>=,10.600000000000001,True,132,0.696969696969697,0.16232538482666328,16,0.4375,-0.26974433062628506,0.3912048860697531,0.2513888888888889,14,0.5714285714285714,-0.04860243200935303,0.29092056745888667,0.12857142857142856,13,0.6153846153846154,0.02542471198314172,0.2112910714569507,0.08674304418985268,0.723404255319149,10.208049156352054
CO026,CONTEXT,adv_extra_rest_ge8,<=,-0.5999999999999996,True,109,0.5596330275229358,0.405045871559633,7,0.42857142857142855,0.06428571428571431,0.43115384615384617,0.11688311688311681,4,0.5,0.405,0.5223684210526317,0.09523809523809523,5,0.4,-0.07600000000000003,0.39310344827586213,0.12941176470588234,0.8529411764705882,10.202763459069171
CO061,CONTEXT,recent_edge_off_epa,>=,-0.3151624800088585,True,97,0.3711340206185567,0.30752577319587626,15,0.26666666666666666,-0.16333333333333336,1.0393333333333332,0.13333333333333341,12,0.25,-0.11500000000000003,0.40137931034482754,0.11585365853658536,4,0.25,-0.19999999999999996,0.32863636363636367,0.09615384615384615,0.8461538461538461,10.201879821209719
CO016,CONTEXT,adv_prior_road_miles_last5,>=,922.6032674753967,True,101,0.8118811881188119,0.16444041887178537,11,0.6363636363636364,-0.10314269680944926,0.23768361611835387,0.14488636363636365,6,0.6666666666666666,-0.057249061808491146,0.14938192599383318,0.10606060606060608,7,0.7142857142857143,0.02582870954402131,0.20562099462151756,0.08571428571428574,0.72,10.198894861464018
CO026,CONTEXT,rank_edge_yards_per_play,<=,-14.2,True,109,0.5596330275229358,0.405045871559633,7,0.42857142857142855,0.12571428571428572,0.41461538461538466,0.11688311688311681,12,0.4166666666666667,0.055833333333333325,0.6933333333333334,0.1785714285714285,5,0.4,-0.0020000000000000018,0.3803448275862069,0.12941176470588234,0.8529411764705882,10.190004838379515
CO018,COACH,opp_coachq_prev_dc_prior_quality,>=,0.65625,True,132,0.696969696969697,0.16232538482666328,8,0.5,-0.1559357222808177,0.22368968065537348,0.18888888888888888,10,0.6,-0.010223170552950734,0.23285774704432052,0.09999999999999998,11,0.6363636363636364,0.01992574113728277,0.20264540368908487,0.06576402321083175,0.7659574468085106,10.182679786754106
CO043,COACH,coachq_oc_changed_quality,>=,1.0,True,94,0.3723404255319149,0.35670212765957443,8,0.25,0.0037499999999999756,0.2689473684210526,0.08333333333333326,8,0.0,-1.0,0.8781818181818181,0.41463414634146334,7,0.2857142857142857,-0.03571428571428571,0.40315789473684205,0.06043956043956045,0.7307692307692307,10.179972250593751
CO043,CONTEXT,rank_edge_point_margin,<=,-13.4,True,94,0.3723404255319149,0.35670212765957443,6,0.16666666666666666,-0.505,0.38904761904761903,0.16666666666666663,8,0.125,-0.42375,0.7384848484848485,0.28963414634146334,7,0.2857142857142857,-0.03142857142857146,0.401578947368421,0.06043956043956045,0.7307692307692307,10.17839330322533
CO043,CONTEXT,recent_edge_def_allowed_rush_epa_per_carry,<=,-0.17162661262363904,True,94,0.3723404255319149,0.35670212765957443,6,0.0,-1.0,0.5304761904761904,0.33333333333333326,9,0.3333333333333333,0.2955555555555556,0.5725,0.08130081300813008,4,0.25,-0.07999999999999996,0.3513636363636364,0.09615384615384615,0.8461538461538461,10.175430739473294
CO018,COACH,opp_coachq_dc_prior_role_seasons,<=,0.8000000000000007,True,132,0.696969696969697,0.16232538482666328,8,0.5,-0.19511017126148705,0.232159831786329,0.18888888888888888,8,0.5,-0.16026047939928598,0.25517451690607496,0.19999999999999996,14,0.6428571428571429,0.05851150938099044,0.2028865622419182,0.059270516717325195,0.7021276595744681,10.170044460090025
CO026,CONTEXT,recent_edge_points_against,>=,5.86666666666667,True,109,0.5596330275229358,0.405045871559633,7,0.2857142857142857,-0.3014285714285715,0.5296153846153846,0.2597402597402597,7,0.42857142857142855,0.11857142857142858,0.5897142857142857,0.16666666666666663,7,0.42857142857142855,0.057142857142857065,0.39333333333333337,0.10084033613445376,0.7941176470588235,10.168539562614036
CO026,CONTEXT,recent_edge_point_margin,>=,4.2,True,109,0.5596330275229358,0.405045871559633,7,0.42857142857142855,0.04857142857142855,0.43538461538461537,0.11688311688311681,6,0.3333333333333333,-0.08,0.6097222222222223,0.261904761904762,7,0.42857142857142855,0.058571428571428594,0.39296296296296296,0.10084033613445376,0.7941176470588235,10.168169192243667
CO018,COACH,opp_coachq_dc_prior_role_seasons,<=,1.0,True,132,0.696969696969697,0.16232538482666328,15,0.6,-0.008761962840944852,0.23868206162054825,0.0888888888888889,10,0.5,-0.1469075705112987,0.2784192136971032,0.19999999999999996,17,0.6470588235294118,0.07435691624943006,0.2083450036358952,0.0550688360450563,0.6382978723404256,10.164918242088332
CO026,COACH,coachq_dc_prior_win_pct,>=,0.5384615384615384,True,109,0.5596330275229358,0.405045871559633,17,0.4117647058823529,0.0211764705882353,0.70625,0.1336898395721925,24,0.5,0.23125000000000004,0.8844444444444445,0.09523809523809523,13,0.46153846153846156,0.14076923076923079,0.4376190476190476,0.0678733031674208,0.6176470588235294,10.16221118510919
CO026,COACH,coachq_dc_prior_win_pct,>=,0.5384615384615385,True,109,0.5596330275229358,0.405045871559633,12,0.4166666666666667,0.04750000000000001,0.5280952380952381,0.12878787878787867,24,0.5,0.23125000000000004,0.8844444444444445,0.09523809523809523,13,0.46153846153846156,0.14076923076923079,0.4376190476190476,0.0678733031674208,0.6176470588235294,10.16221118510919
CO018,COACH,coachq_oc_prior_quality,<=,0.5729166666666667,True,132,0.696969696969697,0.16232538482666328,20,0.55,-0.06698912275122712,0.33475259444107275,0.13888888888888884,17,0.5882352941176471,-0.019972361596986593,0.3140448196934297,0.11176470588235288,20,0.65,0.0895758088288139,0.2119593151385514,0.05212765957446808,0.574468085106383,10.159208398396995
CO016,CONTEXT,adv_road_miles4_per_rest_day,>=,-48.22545682503545,True,101,0.8118811881188119,0.16444041887178537,11,0.6363636363636364,-0.10007558847918303,0.23607703556440493,0.14488636363636365,10,0.5,-0.29302712303550793,0.414740639617122,0.2727272727272727,12,0.75,0.08581656545680454,0.21939846803952395,0.050000000000000044,0.52,10.15695804916774
CO016,CONTEXT,adv_road_miles_last5_including_current,>=,181.32986357762996,True,101,0.8118811881188119,0.16444041887178537,11,0.6363636363636364,-0.11188395555070801,0.24226237069710846,0.14488636363636365,6,0.6666666666666666,-0.057249061808491146,0.14938192599383318,0.10606060606060608,8,0.75,0.059801371595211955,0.2002098763078688,0.050000000000000044,0.68,10.153769457436084
CO016,CONTEXT,prior_road_miles_last2,<=,0.0,True,101,0.8118811881188119,0.16444041887178537,10,0.7,0.02194448123211338,0.16533370278456164,0.08125000000000004,8,0.625,-0.13267376393424501,0.2220004683231675,0.1477272727272727,12,0.75,0.09359107732023893,0.2122219955501998,0.050000000000000044,0.52,10.149781576678414
CO043,COACH,opp_coachq_hc_prior_quality,<=,0.42307692307692313,True,94,0.3723404255319149,0.35670212765957443,8,0.25,-0.24750000000000003,0.3747368421052631,0.08333333333333326,5,0.2,-0.278,0.6213888888888889,0.21463414634146338,4,0.25,0.07499999999999996,0.3231818181818182,0.09615384615384615,0.8461538461538461,10.147248921291474
CO043,COACH,opp_coachq_hc_prior_quality,<=,0.4506593406593407,True,94,0.3723404255319149,0.35670212765957443,10,0.2,-0.398,0.536470588235294,0.1333333333333333,6,0.3333333333333333,0.12833333333333333,0.5774285714285714,0.08130081300813008,4,0.25,0.07499999999999996,0.3231818181818182,0.09615384615384615,0.8461538461538461,10.147248921291474
CO043,COACH,opp_coachq_hc_prior_win_pct,<=,0.42307692307692313,True,94,0.3723404255319149,0.35670212765957443,8,0.25,-0.24750000000000003,0.3747368421052631,0.08333333333333326,5,0.2,-0.278,0.6213888888888889,0.21463414634146338,4,0.25,0.07499999999999996,0.3231818181818182,0.09615384615384615,0.8461538461538461,10.147248921291474
CO043,COACH,opp_coachq_hc_prior_win_pct,<=,0.4506593406593407,True,94,0.3723404255319149,0.35670212765957443,10,0.2,-0.398,0.536470588235294,0.1333333333333333,6,0.3333333333333333,0.12833333333333333,0.5774285714285714,0.08130081300813008,4,0.25,0.07499999999999996,0.3231818181818182,0.09615384615384615,0.8461538461538461,10.147248921291474
CO016,CONTEXT,opp_fatigue_load_index,>=,1.5114121194125987,True,101,0.8118811881188119,0.16444041887178537,11,0.6363636363636364,-0.09593499223332365,0.23390815181657376,0.14488636363636365,6,0.6666666666666666,-0.05297802159664756,0.14778028591439182,0.10606060606060608,4,0.75,0.04876692430644991,0.1755671987033174,0.050000000000000044,0.84,10.145126779831532
CO048,COACH,adv_hc_prior_games,<=,19.70000000000001,True,98,0.4387755102040816,0.5313265306122449,18,0.3888888888888889,0.43666666666666665,1.272857142857143,0.11111111111111116,20,0.35,0.21800000000000003,0.9083333333333332,0.09736842105263166,17,0.29411764705882354,-0.025294117647058807,0.5554545454545455,0.06302521008403361,0.39285714285714285,10.126438939212049
CO026,CONTEXT,rank_edge_punt_return_average,<=,-7.6,True,109,0.5596330275229358,0.405045871559633,7,0.2857142857142857,-0.2842857142857143,0.525,0.2597402597402597,11,0.18181818181818182,-0.5418181818181819,0.8848387096774195,0.41341991341991335,11,0.45454545454545453,0.18999999999999997,0.3882608695652174,0.07486631016042777,0.6764705882352942,10.125728366989541
CO043,CONTEXT,prior_road_miles_last2,<=,0.0,True,94,0.3723404255319149,0.35670212765957443,8,0.25,-0.12250000000000003,0.3221052631578947,0.08333333333333326,15,0.3333333333333333,0.2626666666666667,0.6553846153846153,0.08130081300813008,7,0.2857142857142857,0.1757142857142857,0.3252631578947368,0.06043956043956045,0.7307692307692307,10.102077513751647
CO048,CONTEXT,rank_edge_sack_rate_allowed,<=,-5.5,True,98,0.4387755102040816,0.5313265306122449,16,0.375,0.43437500000000007,1.170625,0.125,17,0.29411764705882354,0.0464705882352941,0.9485714285714285,0.15325077399380804,17,0.29411764705882354,-0.004705882352941206,0.5236363636363636,0.06302521008403361,0.39285714285714285,10.094620757393866
CO048,CONTEXT,rank_edge_off_epa,<=,-8.0,True,98,0.4387755102040816,0.5313265306122449,12,0.3333333333333333,0.30833333333333335,1.0989999999999998,0.16666666666666674,14,0.2857142857142857,0.12285714285714285,0.7912499999999999,0.16165413533834594,11,0.2727272727272727,-0.14727272727272725,0.42941176470588227,0.0844155844155845,0.6071428571428571,10.043215104223506
CO048,CONTEXT,rank_edge_points_for,<=,-12.8,True,98,0.4387755102040816,0.5313265306122449,7,0.2857142857142857,0.2671428571428572,0.9524000000000001,0.2142857142857143,8,0.25,0.007500000000000007,0.6883333333333332,0.19736842105263164,5,0.2,-0.364,0.32608695652173914,0.15714285714285725,0.8214285714285714,10.034046140195208
CO048,CONTEXT,adv_fatigue_load_index,>=,-0.3867401720068306,True,98,0.4387755102040816,0.5313265306122449,11,0.2727272727272727,-0.09090909090909095,1.2704761904761905,0.2272727272727273,11,0.36363636363636365,0.11636363636363635,0.7196296296296296,0.08373205741626799,5,0.2,-0.14000000000000004,0.2773913043478261,0.15714285714285725,0.8214285714285714,9.985350488021295
CO048,CONTEXT,rank_edge_redzone_epa,<=,-8.0,True,98,0.4387755102040816,0.5313265306122449,18,0.3888888888888889,0.4588888888888889,1.2442857142857142,0.11111111111111116,12,0.3333333333333333,0.30666666666666664,0.655,0.11403508771929838,7,0.2857142857142857,-0.13857142857142854,0.3166666666666667,0.07142857142857151,0.75,9.931768707482993
CO048,CONTEXT,recent_edge_redzone_epa,<=,-0.5323276817038908,True,98,0.4387755102040816,0.5313265306122449,7,0.2857142857142857,-0.05000000000000001,1.0412000000000001,0.2142857142857143,6,0.3333333333333333,0.06166666666666668,0.635625,0.11403508771929838,4,0.25,-0.0625,0.2470833333333333,0.1071428571428572,0.8571428571428571,9.908613945578232
