method_id,split,week,n,wins,losses,win_pct,roi,units
CO001,ALL,4,6,3,3,0.5,0.8666666666666666,5.199999999999999
CO001,ALL,5,6,3,3,0.5,0.745,4.47
CO001,ALL,6,4,2,2,0.5,0.62,2.48
CO001,ALL,7,6,1,5,0.16666666666666666,-0.455,-2.73
CO001,ALL,8,7,0,7,0.0,-1.0,-7.0
CO001,ALL,9,5,2,3,0.4,0.2859999999999999,1.4299999999999997
CO001,ALL,10,9,4,5,0.4444444444444444,0.4577777777777779,4.120000000000001
CO001,ALL,11,10,2,8,0.2,-0.16700000000000004,-1.6700000000000004
CO001,ALL,12,5,3,2,0.6,1.404,7.02
CO001,ALL,13,7,4,3,0.5714285714285714,1.3014285714285714,9.11
CO001,ALL,14,6,2,4,0.3333333333333333,0.425,2.55
CO001,ALL,15,9,2,7,0.2222222222222222,-0.08444444444444442,-0.7599999999999998
CO001,ALL,16,4,2,2,0.5,0.8799999999999999,3.5199999999999996
CO001,ALL,17,8,3,5,0.375,0.44875,3.59
CO001,ALL,18,1,1,0,1.0,3.0,3.0
CO001,TRAIN,4,2,0,2,0.0,-1.0,-2.0
CO001,TRAIN,5,2,0,2,0.0,-1.0,-2.0
CO001,TRAIN,6,2,1,1,0.5,0.69,1.38
CO001,TRAIN,7,3,1,2,0.3333333333333333,0.09000000000000001,0.27
CO001,TRAIN,8,2,0,2,0.0,-1.0,-2.0
CO001,TRAIN,9,1,0,1,0.0,-1.0,-1.0
CO001,TRAIN,10,0,0,0,,,0.0
CO001,TRAIN,11,4,0,4,0.0,-1.0,-4.0
CO001,TRAIN,12,2,2,0,1.0,2.985,5.97
CO001,TRAIN,13,2,2,0,1.0,2.75,5.5
CO001,TRAIN,14,2,0,2,0.0,-1.0,-2.0
CO001,TRAIN,15,2,1,1,0.5,1.5,3.0
CO001,TRAIN,16,1,1,0,1.0,2.3,2.3
CO001,TRAIN,17,3,1,2,0.3333333333333333,0.5666666666666668,1.7000000000000002
CO001,TRAIN,18,0,0,0,,,0.0
CO001,VALIDATION,4,3,3,0,1.0,2.733333333333333,8.2
CO001,VALIDATION,5,3,2,1,0.6666666666666666,1.0533333333333335,3.16
CO001,VALIDATION,6,0,0,0,,,0.0
CO001,VALIDATION,7,1,0,1,0.0,-1.0,-1.0
CO001,VALIDATION,8,5,0,5,0.0,-1.0,-5.0
CO001,VALIDATION,9,3,1,2,0.3333333333333333,0.009999999999999934,0.029999999999999805
CO001,VALIDATION,10,4,1,3,0.25,-0.19499999999999995,-0.7799999999999998
CO001,VALIDATION,11,5,1,4,0.2,-0.288,-1.44
CO001,VALIDATION,12,1,1,0,1.0,3.05,3.05
CO001,VALIDATION,13,2,1,1,0.5,1.455,2.91
CO001,VALIDATION,14,1,1,0,1.0,3.25,3.25
CO001,VALIDATION,15,3,0,3,0.0,-1.0,-3.0
CO001,VALIDATION,16,2,1,1,0.5,1.11,2.22
CO001,VALIDATION,17,4,2,2,0.5,0.7224999999999999,2.8899999999999997
CO001,VALIDATION,18,0,0,0,,,0.0
CO001,HOLDOUT,4,1,0,1,0.0,-1.0,-1.0
CO001,HOLDOUT,5,1,1,0,1.0,3.31,3.31
CO001,HOLDOUT,6,2,1,1,0.5,0.55,1.1
CO001,HOLDOUT,7,2,0,2,0.0,-1.0,-2.0
CO001,HOLDOUT,8,0,0,0,,,0.0
CO001,HOLDOUT,9,1,1,0,1.0,2.4,2.4
CO001,HOLDOUT,10,5,3,2,0.6,0.9800000000000001,4.9
CO001,HOLDOUT,11,1,1,0,1.0,3.77,3.77
CO001,HOLDOUT,12,2,0,2,0.0,-1.0,-2.0
CO001,HOLDOUT,13,3,1,2,0.3333333333333333,0.2333333333333334,0.7000000000000002
CO001,HOLDOUT,14,3,1,2,0.3333333333333333,0.4333333333333333,1.2999999999999998
CO001,HOLDOUT,15,4,1,3,0.25,-0.18999999999999995,-0.7599999999999998
CO001,HOLDOUT,16,1,0,1,0.0,-1.0,-1.0
CO001,HOLDOUT,17,1,0,1,0.0,-1.0,-1.0
CO001,HOLDOUT,18,1,1,0,1.0,3.0,3.0
CO005,ALL,4,14,11,3,0.7857142857142857,0.9421428571428573,13.190000000000001
CO005,ALL,5,10,5,5,0.5,0.27999999999999997,2.8
CO005,ALL,6,12,8,4,0.6666666666666666,0.6375000000000001,7.650000000000001
CO005,ALL,7,12,7,5,0.5833333333333334,0.44166666666666665,5.3
CO005,ALL,8,18,6,12,0.3333333333333333,-0.17333333333333334,-3.12
CO005,ALL,9,7,2,5,0.2857142857142857,-0.32428571428571423,-2.2699999999999996
CO005,ALL,10,10,8,2,0.8,1.0610000000000002,10.610000000000001
CO005,ALL,11,9,4,5,0.4444444444444444,0.016666666666666705,0.15000000000000036
CO005,ALL,12,13,7,6,0.5384615384615384,0.38769230769230767,5.04
CO005,ALL,13,12,5,7,0.4166666666666667,0.05249999999999999,0.6299999999999999
CO005,ALL,14,11,5,6,0.45454545454545453,0.18090909090909094,1.9900000000000002
CO005,ALL,15,8,5,3,0.625,0.6325000000000001,5.0600000000000005
CO005,ALL,16,10,3,7,0.3,-0.24,-2.4
CO005,ALL,17,11,3,8,0.2727272727272727,-0.33909090909090905,-3.7299999999999995
CO005,ALL,18,1,1,0,1.0,1.6,1.6
CO005,TRAIN,4,6,5,1,0.8333333333333334,1.08,6.48
CO005,TRAIN,5,4,2,2,0.5,0.16999999999999993,0.6799999999999997
CO005,TRAIN,6,4,3,1,0.75,0.9075,3.63
CO005,TRAIN,7,8,4,4,0.5,0.22750000000000004,1.8200000000000003
CO005,TRAIN,8,10,4,6,0.4,-0.013000000000000012,-0.13000000000000012
CO005,TRAIN,9,4,1,3,0.25,-0.41,-1.64
CO005,TRAIN,10,2,2,0,1.0,1.67,3.34
CO005,TRAIN,11,3,1,2,0.3333333333333333,-0.24666666666666667,-0.74
CO005,TRAIN,12,6,2,4,0.3333333333333333,-0.10333333333333339,-0.6200000000000003
CO005,TRAIN,13,6,4,2,0.6666666666666666,0.6616666666666666,3.9699999999999998
CO005,TRAIN,14,4,2,2,0.5,0.265,1.06
CO005,TRAIN,15,4,3,1,0.75,1.0175,4.07
CO005,TRAIN,16,5,1,4,0.2,-0.49399999999999994,-2.4699999999999998
CO005,TRAIN,17,5,0,5,0.0,-1.0,-5.0
CO005,TRAIN,18,0,0,0,,,0.0
CO005,VALIDATION,4,7,5,2,0.7142857142857143,0.7042857142857144,4.930000000000001
CO005,VALIDATION,5,4,3,1,0.75,1.03,4.12
CO005,VALIDATION,6,4,3,1,0.75,0.7575000000000001,3.0300000000000002
CO005,VALIDATION,7,2,2,0,1.0,1.545,3.09
CO005,VALIDATION,8,5,1,4,0.2,-0.538,-2.69
CO005,VALIDATION,9,0,0,0,,,0.0
CO005,VALIDATION,10,6,4,2,0.6666666666666666,0.6783333333333333,4.07
CO005,VALIDATION,11,3,1,2,0.3333333333333333,-0.25666666666666665,-0.77
CO005,VALIDATION,12,2,1,1,0.5,0.29000000000000004,0.5800000000000001
CO005,VALIDATION,13,5,1,4,0.2,-0.46799999999999997,-2.34
CO005,VALIDATION,14,4,0,4,0.0,-1.0,-4.0
CO005,VALIDATION,15,4,2,2,0.5,0.24750000000000005,0.9900000000000002
CO005,VALIDATION,16,2,1,1,0.5,0.265,0.53
CO005,VALIDATION,17,3,1,2,0.3333333333333333,-0.2233333333333333,-0.6699999999999999
CO005,VALIDATION,18,0,0,0,,,0.0
CO005,HOLDOUT,4,1,1,0,1.0,1.78,1.78
CO005,HOLDOUT,5,2,0,2,0.0,-1.0,-2.0
CO005,HOLDOUT,6,4,2,2,0.5,0.24750000000000005,0.9900000000000002
CO005,HOLDOUT,7,2,1,1,0.5,0.19499999999999995,0.3899999999999999
CO005,HOLDOUT,8,3,1,2,0.3333333333333333,-0.10000000000000002,-0.30000000000000004
CO005,HOLDOUT,9,3,1,2,0.3333333333333333,-0.20999999999999996,-0.6299999999999999
CO005,HOLDOUT,10,2,2,0,1.0,1.6,3.2
CO005,HOLDOUT,11,3,2,1,0.6666666666666666,0.5533333333333333,1.6600000000000001
CO005,HOLDOUT,12,5,4,1,0.8,1.016,5.08
CO005,HOLDOUT,13,1,0,1,0.0,-1.0,-1.0
CO005,HOLDOUT,14,3,3,0,1.0,1.6433333333333333,4.93
CO005,HOLDOUT,15,0,0,0,,,0.0
CO005,HOLDOUT,16,3,1,2,0.3333333333333333,-0.15333333333333332,-0.45999999999999996
CO005,HOLDOUT,17,3,2,1,0.6666666666666666,0.6466666666666666,1.94
CO005,HOLDOUT,18,1,1,0,1.0,1.6,1.6
CO026,ALL,4,9,8,1,0.8888888888888888,1.167777777777778,10.510000000000002
CO026,ALL,5,5,3,2,0.6,0.44000000000000006,2.2
CO026,ALL,6,7,3,4,0.42857142857142855,0.10142857142857142,0.71
CO026,ALL,7,7,2,5,0.2857142857142857,-0.34142857142857136,-2.3899999999999997
CO026,ALL,8,6,4,2,0.6666666666666666,0.6033333333333332,3.619999999999999
CO026,ALL,9,12,6,6,0.5,0.2733333333333334,3.2800000000000002
CO026,ALL,10,6,4,2,0.6666666666666666,0.7116666666666668,4.2700000000000005
CO026,ALL,11,6,2,4,0.3333333333333333,-0.15833333333333333,-0.95
CO026,ALL,12,9,4,5,0.4444444444444444,0.14777777777777779,1.33
CO026,ALL,13,8,6,2,0.75,0.96125,7.69
CO026,ALL,14,8,4,4,0.5,0.22249999999999998,1.7799999999999998
CO026,ALL,15,8,5,3,0.625,0.525,4.2
CO026,ALL,16,11,6,5,0.5454545454545454,0.42181818181818187,4.640000000000001
CO026,ALL,17,6,3,3,0.5,0.285,1.71
CO026,ALL,18,1,1,0,1.0,1.55,1.55
CO026,TRAIN,4,3,3,0,1.0,1.61,4.83
CO026,TRAIN,5,2,2,0,1.0,1.33,2.66
CO026,TRAIN,6,0,0,0,,,0.0
CO026,TRAIN,7,3,2,1,0.6666666666666666,0.5366666666666667,1.6100000000000003
CO026,TRAIN,8,3,3,0,1.0,1.42,4.26
CO026,TRAIN,9,4,1,3,0.25,-0.41,-1.64
CO026,TRAIN,10,2,2,0,1.0,1.67,3.34
CO026,TRAIN,11,3,1,2,0.3333333333333333,-0.24666666666666667,-0.74
CO026,TRAIN,12,3,0,3,0.0,-1.0,-3.0
CO026,TRAIN,13,0,0,0,,,0.0
CO026,TRAIN,14,3,1,2,0.3333333333333333,-0.16,-0.48
CO026,TRAIN,15,3,1,2,0.3333333333333333,-0.18000000000000002,-0.54
CO026,TRAIN,16,2,1,1,0.5,0.37,0.74
CO026,TRAIN,17,2,1,1,0.5,0.31000000000000005,0.6200000000000001
CO026,TRAIN,18,0,0,0,,,0.0
CO026,VALIDATION,4,5,5,0,1.0,1.3359999999999999,6.68
CO026,VALIDATION,5,2,1,1,0.5,0.27,0.54
CO026,VALIDATION,6,4,2,2,0.5,0.25249999999999995,1.0099999999999998
CO026,VALIDATION,7,1,0,1,0.0,-1.0,-1.0
CO026,VALIDATION,8,1,0,1,0.0,-1.0,-1.0
CO026,VALIDATION,9,5,4,1,0.8,1.09,5.45
CO026,VALIDATION,10,2,1,1,0.5,0.16500000000000004,0.33000000000000007
CO026,VALIDATION,11,3,1,2,0.3333333333333333,-0.06999999999999999,-0.20999999999999996
CO026,VALIDATION,12,2,2,0,1.0,1.635,3.27
CO026,VALIDATION,13,4,3,1,0.75,1.04,4.16
CO026,VALIDATION,14,4,2,2,0.5,0.2025,0.81
CO026,VALIDATION,15,2,1,1,0.5,0.19999999999999996,0.3999999999999999
CO026,VALIDATION,16,5,2,3,0.4,0.06400000000000006,0.3200000000000003
CO026,VALIDATION,17,2,1,1,0.5,0.355,0.71
CO026,VALIDATION,18,0,0,0,,,0.0
CO026,HOLDOUT,4,1,0,1,0.0,-1.0,-1.0
CO026,HOLDOUT,5,1,0,1,0.0,-1.0,-1.0
CO026,HOLDOUT,6,3,1,2,0.3333333333333333,-0.10000000000000002,-0.30000000000000004
CO026,HOLDOUT,7,3,0,3,0.0,-1.0,-3.0
CO026,HOLDOUT,8,2,1,1,0.5,0.18000000000000005,0.3600000000000001
CO026,HOLDOUT,9,3,1,2,0.3333333333333333,-0.17666666666666667,-0.53
CO026,HOLDOUT,10,2,1,1,0.5,0.30000000000000004,0.6000000000000001
CO026,HOLDOUT,11,0,0,0,,,0.0
CO026,HOLDOUT,12,4,2,2,0.5,0.265,1.06
CO026,HOLDOUT,13,4,3,1,0.75,0.8825000000000001,3.5300000000000002
CO026,HOLDOUT,14,1,1,0,1.0,1.45,1.45
CO026,HOLDOUT,15,3,3,0,1.0,1.4466666666666665,4.34
CO026,HOLDOUT,16,4,3,1,0.75,0.895,3.58
CO026,HOLDOUT,17,2,1,1,0.5,0.18999999999999995,0.3799999999999999
CO026,HOLDOUT,18,1,1,0,1.0,1.55,1.55
CO009,ALL,4,18,7,11,0.3888888888888889,0.4655555555555556,8.38
CO009,ALL,5,25,14,11,0.56,1.144,28.599999999999998
CO009,ALL,6,11,5,6,0.45454545454545453,0.46545454545454545,5.12
CO009,ALL,7,20,7,13,0.35,0.1275,2.55
CO009,ALL,8,12,2,10,0.16666666666666666,-0.4608333333333334,-5.53
CO009,ALL,9,24,5,19,0.20833333333333334,-0.3120833333333333,-7.49
CO009,ALL,10,14,7,7,0.5,0.85,11.9
CO009,ALL,11,22,5,17,0.22727272727272727,-0.12090909090909085,-2.659999999999999
CO009,ALL,12,22,5,17,0.22727272727272727,-0.028181818181818207,-0.6200000000000006
CO009,ALL,13,14,6,8,0.42857142857142855,0.6207142857142858,8.690000000000001
CO009,ALL,14,15,5,10,0.3333333333333333,0.20333333333333334,3.0500000000000003
CO009,ALL,15,18,6,12,0.3333333333333333,0.2699999999999999,4.8599999999999985
CO009,ALL,16,18,8,10,0.4444444444444444,0.7205555555555556,12.97
CO009,ALL,17,28,8,20,0.2857142857142857,0.1075,3.01
CO009,ALL,18,4,2,2,0.5,0.875,3.5
CO009,TRAIN,4,4,1,3,0.25,-0.14,-0.56
CO009,TRAIN,5,4,3,1,0.75,1.9100000000000001,7.640000000000001
CO009,TRAIN,6,1,0,1,0.0,-1.0,-1.0
CO009,TRAIN,7,5,2,3,0.4,0.55,2.75
CO009,TRAIN,8,4,1,3,0.25,-0.23750000000000004,-0.9500000000000002
CO009,TRAIN,9,11,3,8,0.2727272727272727,-0.16909090909090913,-1.8600000000000003
CO009,TRAIN,10,1,0,1,0.0,-1.0,-1.0
CO009,TRAIN,11,9,0,9,0.0,-1.0,-9.0
CO009,TRAIN,12,5,3,2,0.6,1.6059999999999999,8.03
CO009,TRAIN,13,7,3,4,0.42857142857142855,0.6399999999999999,4.4799999999999995
CO009,TRAIN,14,3,2,1,0.6666666666666666,1.4666666666666668,4.4
CO009,TRAIN,15,3,2,1,0.6666666666666666,1.6366666666666667,4.91
CO009,TRAIN,16,3,2,1,0.6666666666666666,1.9533333333333331,5.859999999999999
CO009,TRAIN,17,11,0,11,0.0,-1.0,-11.0
CO009,TRAIN,18,0,0,0,,,0.0
CO009,VALIDATION,4,7,4,3,0.5714285714285714,1.1300000000000001,7.91
CO009,VALIDATION,5,10,4,6,0.4,0.4640000000000001,4.640000000000001
CO009,VALIDATION,6,7,4,3,0.5714285714285714,0.8600000000000001,6.0200000000000005
CO009,VALIDATION,7,9,4,5,0.4444444444444444,0.31888888888888883,2.8699999999999997
CO009,VALIDATION,8,4,0,4,0.0,-1.0,-4.0
CO009,VALIDATION,9,6,1,5,0.16666666666666666,-0.3383333333333333,-2.03
CO009,VALIDATION,10,4,2,2,0.5,1.0125,4.05
CO009,VALIDATION,11,7,2,5,0.2857142857142857,0.03714285714285718,0.26000000000000023
CO009,VALIDATION,12,10,1,9,0.1,-0.595,-5.95
CO009,VALIDATION,13,2,1,1,0.5,0.78,1.56
CO009,VALIDATION,14,5,1,4,0.2,-0.15,-0.75
CO009,VALIDATION,15,10,3,7,0.3,0.18499999999999997,1.8499999999999996
CO009,VALIDATION,16,9,4,5,0.4444444444444444,0.6311111111111111,5.68
CO009,VALIDATION,17,14,6,8,0.42857142857142855,0.6985714285714285,9.78
CO009,VALIDATION,18,0,0,0,,,0.0
CO009,HOLDOUT,4,7,2,5,0.2857142857142857,0.1471428571428571,1.0299999999999998
CO009,HOLDOUT,5,11,7,4,0.6363636363636364,1.4836363636363636,16.32
CO009,HOLDOUT,6,3,1,2,0.3333333333333333,0.03333333333333336,0.10000000000000009
CO009,HOLDOUT,7,6,1,5,0.16666666666666666,-0.5116666666666667,-3.0700000000000003
CO009,HOLDOUT,8,4,1,3,0.25,-0.14500000000000002,-0.5800000000000001
CO009,HOLDOUT,9,7,1,6,0.14285714285714285,-0.5142857142857143,-3.6
CO009,HOLDOUT,10,9,5,4,0.5555555555555556,0.9833333333333333,8.85
CO009,HOLDOUT,11,6,3,3,0.5,1.0133333333333334,6.08
CO009,HOLDOUT,12,7,1,6,0.14285714285714285,-0.38571428571428573,-2.7
CO009,HOLDOUT,13,5,2,3,0.4,0.53,2.6500000000000004
CO009,HOLDOUT,14,7,2,5,0.2857142857142857,-0.08571428571428566,-0.5999999999999996
CO009,HOLDOUT,15,5,1,4,0.2,-0.38,-1.9
CO009,HOLDOUT,16,6,2,4,0.3333333333333333,0.23833333333333329,1.4299999999999997
CO009,HOLDOUT,17,3,2,1,0.6666666666666666,1.4100000000000001,4.23
CO009,HOLDOUT,18,4,2,2,0.5,0.875,3.5
CO048,ALL,4,5,2,3,0.4,0.6020000000000001,3.0100000000000002
CO048,ALL,5,6,3,3,0.5,0.7983333333333333,4.79
CO048,ALL,6,7,4,3,0.5714285714285714,0.9514285714285714,6.66
CO048,ALL,7,5,2,3,0.4,0.19799999999999995,0.9899999999999998
CO048,ALL,8,8,4,4,0.5,0.7350000000000001,5.880000000000001
CO048,ALL,9,4,2,2,0.5,0.7875,3.15
CO048,ALL,10,4,4,0,1.0,2.175,8.7
CO048,ALL,11,8,3,5,0.375,0.24,1.92
CO048,ALL,12,5,0,5,0.0,-1.0,-5.0
CO048,ALL,13,5,3,2,0.6,1.0539999999999998,5.27
CO048,ALL,14,9,6,3,0.6666666666666666,1.2077777777777778,10.870000000000001
CO048,ALL,15,11,4,7,0.36363636363636365,0.519090909090909,5.709999999999999
CO048,ALL,16,10,4,6,0.4,0.44299999999999995,4.43
CO048,ALL,17,9,2,7,0.2222222222222222,-0.25666666666666665,-2.31
CO048,ALL,18,2,0,2,0.0,-1.0,-2.0
CO048,TRAIN,4,1,0,1,0.0,-1.0,-1.0
CO048,TRAIN,5,1,1,0,1.0,3.98,3.98
CO048,TRAIN,6,2,1,1,0.5,0.875,1.75
CO048,TRAIN,7,0,0,0,,,0.0
CO048,TRAIN,8,2,1,1,0.5,0.655,1.31
CO048,TRAIN,9,2,1,1,0.5,0.595,1.19
CO048,TRAIN,10,1,1,0,1.0,2.38,2.38
CO048,TRAIN,11,4,1,3,0.25,-0.24750000000000005,-0.9900000000000002
CO048,TRAIN,12,3,0,3,0.0,-1.0,-3.0
CO048,TRAIN,13,4,3,1,0.75,1.5675,6.27
CO048,TRAIN,14,3,3,0,1.0,2.3866666666666667,7.16
CO048,TRAIN,15,3,2,1,0.6666666666666666,1.95,5.85
CO048,TRAIN,16,2,1,1,0.5,0.6499999999999999,1.2999999999999998
CO048,TRAIN,17,4,1,3,0.25,-0.13,-0.52
CO048,TRAIN,18,0,0,0,,,0.0
CO048,VALIDATION,4,2,2,0,1.0,3.005,6.01
CO048,VALIDATION,5,2,1,1,0.5,0.43000000000000005,0.8600000000000001
CO048,VALIDATION,6,4,3,1,0.75,1.4775,5.91
CO048,VALIDATION,7,5,2,3,0.4,0.19799999999999995,0.9899999999999998
CO048,VALIDATION,8,4,1,3,0.25,0.11499999999999999,0.45999999999999996
CO048,VALIDATION,9,1,0,1,0.0,-1.0,-1.0
CO048,VALIDATION,10,2,2,0,1.0,2.11,4.22
CO048,VALIDATION,11,2,1,1,0.5,0.8500000000000001,1.7000000000000002
CO048,VALIDATION,12,0,0,0,,,0.0
CO048,VALIDATION,13,1,0,1,0.0,-1.0,-1.0
CO048,VALIDATION,14,2,2,0,1.0,2.255,4.51
CO048,VALIDATION,15,6,1,5,0.16666666666666666,-0.2066666666666667,-1.2400000000000002
CO048,VALIDATION,16,3,1,2,0.3333333333333333,0.02666666666666669,0.08000000000000007
CO048,VALIDATION,17,4,1,3,0.25,-0.1975,-0.79
CO048,VALIDATION,18,0,0,0,,,0.0
CO048,HOLDOUT,4,2,0,2,0.0,-1.0,-2.0
CO048,HOLDOUT,5,3,1,2,0.3333333333333333,-0.01666666666666668,-0.050000000000000044
CO048,HOLDOUT,6,1,0,1,0.0,-1.0,-1.0
CO048,HOLDOUT,7,0,0,0,,,0.0
CO048,HOLDOUT,8,2,2,0,1.0,2.055,4.11
CO048,HOLDOUT,9,1,1,0,1.0,2.96,2.96
CO048,HOLDOUT,10,1,1,0,1.0,2.1,2.1
CO048,HOLDOUT,11,2,1,1,0.5,0.605,1.21
CO048,HOLDOUT,12,2,0,2,0.0,-1.0,-2.0
CO048,HOLDOUT,13,0,0,0,,,0.0
CO048,HOLDOUT,14,4,1,3,0.25,-0.19999999999999996,-0.7999999999999998
CO048,HOLDOUT,15,2,1,1,0.5,0.55,1.1
CO048,HOLDOUT,16,5,2,3,0.4,0.61,3.05
CO048,HOLDOUT,17,1,0,1,0.0,-1.0,-1.0
CO048,HOLDOUT,18,2,0,2,0.0,-1.0,-2.0
CO043,ALL,4,7,3,4,0.42857142857142855,0.6771428571428572,4.74
CO043,ALL,5,9,2,7,0.2222222222222222,-0.1077777777777778,-0.9700000000000002
CO043,ALL,6,8,4,4,0.5,0.8575,6.86
CO043,ALL,7,10,4,6,0.4,0.267,2.67
CO043,ALL,8,2,0,2,0.0,-1.0,-2.0
CO043,ALL,9,7,3,4,0.42857142857142855,0.30571428571428566,2.1399999999999997
CO043,ALL,10,5,2,3,0.4,0.44000000000000006,2.2
CO043,ALL,11,2,0,2,0.0,-1.0,-2.0
CO043,ALL,12,5,1,4,0.2,-0.14000000000000004,-0.7000000000000002
CO043,ALL,13,5,2,3,0.4,0.634,3.17
CO043,ALL,14,5,2,3,0.4,0.48,2.4
CO043,ALL,15,11,4,7,0.36363636363636365,0.3227272727272727,3.55
CO043,ALL,16,7,5,2,0.7142857142857143,1.5314285714285714,10.719999999999999
CO043,ALL,17,8,1,7,0.125,-0.46875,-3.75
CO043,ALL,18,3,2,1,0.6666666666666666,1.5,4.5
CO043,TRAIN,4,1,0,1,0.0,-1.0,-1.0
CO043,TRAIN,5,2,1,1,0.5,1.49,2.98
CO043,TRAIN,6,2,0,2,0.0,-1.0,-2.0
CO043,TRAIN,7,4,2,2,0.5,0.6924999999999999,2.7699999999999996
CO043,TRAIN,8,1,0,1,0.0,-1.0,-1.0
CO043,TRAIN,9,4,3,1,0.75,1.285,5.14
CO043,TRAIN,10,1,0,1,0.0,-1.0,-1.0
CO043,TRAIN,11,1,0,1,0.0,-1.0,-1.0
CO043,TRAIN,12,1,0,1,0.0,-1.0,-1.0
CO043,TRAIN,13,1,0,1,0.0,-1.0,-1.0
CO043,TRAIN,14,3,2,1,0.6666666666666666,1.4666666666666668,4.4
CO043,TRAIN,15,2,1,1,0.5,0.925,1.85
CO043,TRAIN,16,0,0,0,,,0.0
CO043,TRAIN,17,4,0,4,0.0,-1.0,-4.0
CO043,TRAIN,18,0,0,0,,,0.0
CO043,VALIDATION,4,3,2,1,0.6666666666666666,1.67,5.01
CO043,VALIDATION,5,4,0,4,0.0,-1.0,-4.0
CO043,VALIDATION,6,5,4,1,0.8,1.972,9.86
CO043,VALIDATION,7,4,2,2,0.5,0.475,1.9
CO043,VALIDATION,8,1,0,1,0.0,-1.0,-1.0
CO043,VALIDATION,9,1,0,1,0.0,-1.0,-1.0
CO043,VALIDATION,10,3,1,2,0.3333333333333333,0.3666666666666667,1.1
CO043,VALIDATION,11,0,0,0,,,0.0
CO043,VALIDATION,12,1,0,1,0.0,-1.0,-1.0
CO043,VALIDATION,13,4,2,2,0.5,1.0425,4.17
CO043,VALIDATION,14,0,0,0,,,0.0
CO043,VALIDATION,15,8,3,5,0.375,0.33749999999999997,2.6999999999999997
CO043,VALIDATION,16,3,2,1,0.6666666666666666,0.9966666666666667,2.99
CO043,VALIDATION,17,4,1,3,0.25,0.0625,0.25
CO043,VALIDATION,18,0,0,0,,,0.0
CO043,HOLDOUT,4,3,1,2,0.3333333333333333,0.24333333333333332,0.73
CO043,HOLDOUT,5,3,1,2,0.3333333333333333,0.016666666666666607,0.04999999999999982
CO043,HOLDOUT,6,1,0,1,0.0,-1.0,-1.0
CO043,HOLDOUT,7,2,0,2,0.0,-1.0,-2.0
CO043,HOLDOUT,8,0,0,0,,,0.0
CO043,HOLDOUT,9,2,0,2,0.0,-1.0,-2.0
CO043,HOLDOUT,10,1,1,0,1.0,2.1,2.1
CO043,HOLDOUT,11,1,0,1,0.0,-1.0,-1.0
CO043,HOLDOUT,12,3,1,2,0.3333333333333333,0.4333333333333333,1.2999999999999998
CO043,HOLDOUT,13,0,0,0,,,0.0
CO043,HOLDOUT,14,2,0,2,0.0,-1.0,-2.0
CO043,HOLDOUT,15,1,0,1,0.0,-1.0,-1.0
CO043,HOLDOUT,16,4,3,1,0.75,1.9324999999999999,7.7299999999999995
CO043,HOLDOUT,17,0,0,0,,,0.0
CO043,HOLDOUT,18,3,2,1,0.6666666666666666,1.5,4.5
CO061,ALL,4,7,2,5,0.2857142857142857,0.23428571428571437,1.6400000000000006
CO061,ALL,5,3,1,2,0.3333333333333333,-0.0433333333333333,-0.1299999999999999
CO061,ALL,6,4,1,3,0.25,-0.0625,-0.25
CO061,ALL,7,9,3,6,0.3333333333333333,0.0011111111111110875,0.009999999999999787
CO061,ALL,8,6,2,4,0.3333333333333333,0.0016666666666666312,0.009999999999999787
CO061,ALL,9,7,3,4,0.42857142857142855,0.45428571428571424,3.1799999999999997
CO061,ALL,10,2,2,0,1.0,2.295,4.59
CO061,ALL,11,6,2,4,0.3333333333333333,0.29666666666666663,1.7799999999999998
CO061,ALL,12,4,0,4,0.0,-1.0,-4.0
CO061,ALL,13,7,2,5,0.2857142857142857,0.021428571428571415,0.1499999999999999
CO061,ALL,14,10,6,4,0.6,1.066,10.66
CO061,ALL,15,8,4,4,0.5,0.6375,5.1
CO061,ALL,16,12,6,6,0.5,1.01,12.120000000000001
CO061,ALL,17,11,2,9,0.18181818181818182,-0.3663636363636364,-4.03
CO061,ALL,18,1,0,1,0.0,-1.0,-1.0
CO061,TRAIN,4,2,0,2,0.0,-1.0,-2.0
CO061,TRAIN,5,0,0,0,,,0.0
CO061,TRAIN,6,3,1,2,0.3333333333333333,0.25,0.75
CO061,TRAIN,7,1,0,1,0.0,-1.0,-1.0
CO061,TRAIN,8,2,1,1,0.5,0.5249999999999999,1.0499999999999998
CO061,TRAIN,9,3,1,2,0.3333333333333333,0.06333333333333331,0.18999999999999995
CO061,TRAIN,10,1,1,0,1.0,2.38,2.38
CO061,TRAIN,11,3,1,2,0.3333333333333333,0.0033333333333332624,0.009999999999999787
CO061,TRAIN,12,0,0,0,,,0.0
CO061,TRAIN,13,2,1,1,0.5,0.8200000000000001,1.6400000000000001
CO061,TRAIN,14,6,4,2,0.6666666666666666,1.3766666666666667,8.26
CO061,TRAIN,15,0,0,0,,,0.0
CO061,TRAIN,16,3,2,1,0.6666666666666666,1.9533333333333331,5.859999999999999
CO061,TRAIN,17,4,0,4,0.0,-1.0,-4.0
CO061,TRAIN,18,0,0,0,,,0.0
CO061,VALIDATION,4,2,2,0,1.0,3.3200000000000003,6.640000000000001
CO061,VALIDATION,5,3,1,2,0.3333333333333333,-0.0433333333333333,-0.1299999999999999
CO061,VALIDATION,6,0,0,0,,,0.0
CO061,VALIDATION,7,7,3,4,0.42857142857142855,0.2871428571428571,2.01
CO061,VALIDATION,8,3,0,3,0.0,-1.0,-3.0
CO061,VALIDATION,9,1,1,0,1.0,2.03,2.03
CO061,VALIDATION,10,1,1,0,1.0,2.21,2.21
CO061,VALIDATION,11,1,0,1,0.0,-1.0,-1.0
CO061,VALIDATION,12,1,0,1,0.0,-1.0,-1.0
CO061,VALIDATION,13,5,1,4,0.2,-0.29800000000000004,-1.4900000000000002
CO061,VALIDATION,14,2,1,1,0.5,0.6000000000000001,1.2000000000000002
CO061,VALIDATION,15,4,1,3,0.25,-0.09750000000000003,-0.3900000000000001
CO061,VALIDATION,16,5,2,3,0.4,0.442,2.21
CO061,VALIDATION,17,6,2,4,0.3333333333333333,0.16166666666666663,0.9699999999999998
CO061,VALIDATION,18,0,0,0,,,0.0
CO061,HOLDOUT,4,3,0,3,0.0,-1.0,-3.0
CO061,HOLDOUT,5,0,0,0,,,0.0
CO061,HOLDOUT,6,1,0,1,0.0,-1.0,-1.0
CO061,HOLDOUT,7,1,0,1,0.0,-1.0,-1.0
CO061,HOLDOUT,8,1,1,0,1.0,1.96,1.96
CO061,HOLDOUT,9,3,1,2,0.3333333333333333,0.32,0.96
CO061,HOLDOUT,10,0,0,0,,,0.0
CO061,HOLDOUT,11,2,1,1,0.5,1.385,2.77
CO061,HOLDOUT,12,3,0,3,0.0,-1.0,-3.0
CO061,HOLDOUT,13,0,0,0,,,0.0
CO061,HOLDOUT,14,2,1,1,0.5,0.6000000000000001,1.2000000000000002
CO061,HOLDOUT,15,4,3,1,0.75,1.3725,5.49
CO061,HOLDOUT,16,4,2,2,0.5,1.0125,4.05
CO061,HOLDOUT,17,1,0,1,0.0,-1.0,-1.0
CO061,HOLDOUT,18,1,0,1,0.0,-1.0,-1.0
CO017,ALL,4,11,4,7,0.36363636363636365,-0.0827272727272727,-0.9099999999999997
CO017,ALL,5,8,4,4,0.5,0.29874999999999996,2.3899999999999997
CO017,ALL,6,12,8,4,0.6666666666666666,0.6216666666666667,7.46
CO017,ALL,7,13,7,6,0.5384615384615384,0.28076923076923077,3.6500000000000004
CO017,ALL,8,5,1,4,0.2,-0.49399999999999994,-2.4699999999999998
CO017,ALL,9,11,5,6,0.45454545454545453,0.13909090909090913,1.5300000000000005
CO017,ALL,10,10,6,4,0.6,0.5130000000000001,5.130000000000001
CO017,ALL,11,8,5,3,0.625,0.5425,4.34
CO017,ALL,12,14,9,5,0.6428571428571429,0.6257142857142856,8.759999999999998
CO017,ALL,13,9,2,7,0.2222222222222222,-0.4766666666666667,-4.29
CO017,ALL,14,10,5,5,0.5,0.267,2.67
CO017,ALL,15,8,3,5,0.375,-0.0050000000000000044,-0.040000000000000036
CO017,ALL,16,15,6,9,0.4,0.017333333333333333,0.26
CO017,ALL,17,7,3,4,0.42857142857142855,0.10142857142857142,0.71
CO017,ALL,18,5,1,4,0.2,-0.492,-2.46
CO017,TRAIN,4,2,1,1,0.5,0.15500000000000003,0.31000000000000005
CO017,TRAIN,5,3,1,2,0.3333333333333333,-0.18333333333333335,-0.55
CO017,TRAIN,6,3,3,0,1.0,1.5599999999999998,4.68
CO017,TRAIN,7,1,0,1,0.0,-1.0,-1.0
CO017,TRAIN,8,2,0,2,0.0,-1.0,-2.0
CO017,TRAIN,9,2,1,1,0.5,0.4,0.8
CO017,TRAIN,10,4,2,2,0.5,0.32000000000000006,1.2800000000000002
CO017,TRAIN,11,1,0,1,0.0,-1.0,-1.0
CO017,TRAIN,12,6,4,2,0.6666666666666666,0.6266666666666666,3.76
CO017,TRAIN,13,4,1,3,0.25,-0.3975,-1.59
CO017,TRAIN,14,3,0,3,0.0,-1.0,-3.0
CO017,TRAIN,15,2,2,0,1.0,1.78,3.56
CO017,TRAIN,16,6,3,3,0.5,0.24833333333333332,1.49
CO017,TRAIN,17,1,0,1,0.0,-1.0,-1.0
CO017,TRAIN,18,0,0,0,,,0.0
CO017,VALIDATION,4,5,1,4,0.2,-0.48200000000000004,-2.41
CO017,VALIDATION,5,3,3,0,1.0,1.6466666666666665,4.9399999999999995
CO017,VALIDATION,6,6,4,2,0.6666666666666666,0.5816666666666667,3.49
CO017,VALIDATION,7,5,3,2,0.6,0.45199999999999996,2.26
CO017,VALIDATION,8,3,1,2,0.3333333333333333,-0.15666666666666665,-0.47
CO017,VALIDATION,9,3,1,2,0.3333333333333333,-0.12999999999999998,-0.3899999999999999
CO017,VALIDATION,10,3,3,0,1.0,1.36,4.08
CO017,VALIDATION,11,3,2,1,0.6666666666666666,0.6733333333333333,2.02
CO017,VALIDATION,12,4,1,3,0.25,-0.355,-1.42
CO017,VALIDATION,13,3,0,3,0.0,-1.0,-3.0
CO017,VALIDATION,14,4,3,1,0.75,0.9425000000000001,3.7700000000000005
CO017,VALIDATION,15,4,0,4,0.0,-1.0,-4.0
CO017,VALIDATION,16,6,2,4,0.3333333333333333,-0.1433333333333333,-0.8599999999999999
CO017,VALIDATION,17,3,2,1,0.6666666666666666,0.7133333333333334,2.14
CO017,VALIDATION,18,0,0,0,,,0.0
CO017,HOLDOUT,4,4,2,2,0.5,0.2975,1.19
CO017,HOLDOUT,5,2,0,2,0.0,-1.0,-2.0
CO017,HOLDOUT,6,3,1,2,0.3333333333333333,-0.23666666666666666,-0.71
CO017,HOLDOUT,7,7,4,3,0.5714285714285714,0.34142857142857136,2.3899999999999997
CO017,HOLDOUT,8,0,0,0,,,0.0
CO017,HOLDOUT,9,6,3,3,0.5,0.18666666666666673,1.1200000000000003
CO017,HOLDOUT,10,3,1,2,0.3333333333333333,-0.07666666666666666,-0.22999999999999998
CO017,HOLDOUT,11,4,3,1,0.75,0.8300000000000001,3.3200000000000003
CO017,HOLDOUT,12,4,4,0,1.0,1.605,6.42
CO017,HOLDOUT,13,2,1,1,0.5,0.15000000000000002,0.30000000000000004
CO017,HOLDOUT,14,3,2,1,0.6666666666666666,0.6333333333333333,1.9
CO017,HOLDOUT,15,2,1,1,0.5,0.19999999999999996,0.3999999999999999
CO017,HOLDOUT,16,3,1,2,0.3333333333333333,-0.12333333333333336,-0.3700000000000001
CO017,HOLDOUT,17,3,1,2,0.3333333333333333,-0.1433333333333333,-0.42999999999999994
CO017,HOLDOUT,18,5,1,4,0.2,-0.492,-2.46
CO016,ALL,4,7,5,2,0.7142857142857143,0.018163761366358073,0.1271463295645065
CO016,ALL,5,8,6,2,0.75,0.08336092073774114,0.6668873659019291
CO016,ALL,6,7,6,1,0.8571428571428571,0.2549994179468696,1.7849959256280872
CO016,ALL,7,7,6,1,0.8571428571428571,0.2537310797564904,1.7761175582954327
CO016,ALL,8,5,4,1,0.8,0.1717068591210468,0.858534295605234
CO016,ALL,9,8,6,2,0.75,0.08405548950723203,0.6724439160578563
CO016,ALL,10,6,5,1,0.8333333333333334,0.18541748445311698,1.1125049067187018
CO016,ALL,11,5,4,1,0.8,0.15897559674868514,0.7948779837434257
CO016,ALL,12,5,4,1,0.8,0.15444849748132705,0.7722424874066353
CO016,ALL,13,8,8,0,1.0,0.4056603205376904,3.2452825643015233
CO016,ALL,14,6,6,0,1.0,0.44462599924773555,2.6677559954864134
CO016,ALL,15,12,8,4,0.6666666666666666,-0.06287905856353888,-0.7545487027624667
CO016,ALL,16,6,5,1,0.8333333333333334,0.20086858429952714,1.2052115057971629
CO016,ALL,17,8,7,1,0.875,0.22367231737548482,1.7893785390038786
CO016,ALL,18,3,2,1,0.6666666666666666,-0.036782788232663954,-0.11034836469799186
CO016,TRAIN,4,1,1,0,1.0,0.5263157894736842,0.5263157894736842
CO016,TRAIN,5,2,2,0,1.0,0.43544897223223944,0.8708979444644789
CO016,TRAIN,6,3,2,1,0.6666666666666666,-0.017139479905437332,-0.05141843971631199
CO016,TRAIN,7,2,1,1,0.5,-0.2596153846153846,-0.5192307692307692
CO016,TRAIN,8,1,1,0,1.0,0.4166666666666667,0.4166666666666667
CO016,TRAIN,9,2,2,0,1.0,0.4065107824506321,0.8130215649012642
CO016,TRAIN,10,2,2,0,1.0,0.38265306122448983,0.7653061224489797
CO016,TRAIN,11,1,1,0,1.0,0.5263157894736842,0.5263157894736842
CO016,TRAIN,12,4,3,1,0.75,0.0614816744832378,0.2459266979329512
CO016,TRAIN,13,2,2,0,1.0,0.4020496649586125,0.804099329917225
CO016,TRAIN,14,1,1,0,1.0,0.5347593582887701,0.5347593582887701
CO016,TRAIN,15,5,3,2,0.6,-0.13741309952217162,-0.6870654976108581
CO016,TRAIN,16,2,1,1,0.5,-0.28260869565217395,-0.5652173913043479
CO016,TRAIN,17,4,3,1,0.75,0.04410227696901829,0.17640910787607317
CO016,TRAIN,18,0,0,0,,,0.0
CO016,VALIDATION,4,0,0,0,,,0.0
CO016,VALIDATION,5,3,1,2,0.3333333333333333,-0.5294924554183814,-1.5884773662551441
CO016,VALIDATION,6,0,0,0,,,0.0
CO016,VALIDATION,7,2,2,0,1.0,0.49406152647975077,0.9881230529595015
CO016,VALIDATION,8,2,2,0,1.0,0.45777591973244147,0.9155518394648829
CO016,VALIDATION,9,2,0,2,0.0,-1.0,-2.0
CO016,VALIDATION,10,1,1,0,1.0,0.3861003861003861,0.3861003861003861
CO016,VALIDATION,11,0,0,0,,,0.0
CO016,VALIDATION,12,0,0,0,,,0.0
CO016,VALIDATION,13,2,2,0,1.0,0.41270380434782605,0.8254076086956521
CO016,VALIDATION,14,1,1,0,1.0,0.3787878787878788,0.3787878787878788
CO016,VALIDATION,15,5,4,1,0.8,0.11377608624240557,0.5688804312120278
CO016,VALIDATION,16,1,1,0,1.0,0.37593984962406013,0.37593984962406013
CO016,VALIDATION,17,3,3,0,1.0,0.3987675881537129,1.1963027644611386
CO016,VALIDATION,18,0,0,0,,,0.0
CO016,HOLDOUT,4,3,2,1,0.6666666666666666,-0.06928104575163398,-0.20784313725490194
CO016,HOLDOUT,5,1,1,0,1.0,0.5050505050505051,0.5050505050505051
CO016,HOLDOUT,6,3,3,0,1.0,0.4606229702663149,1.3818689107989446
CO016,HOLDOUT,7,1,1,0,1.0,0.4219409282700422,0.4219409282700422
CO016,HOLDOUT,8,2,1,1,0.5,-0.2368421052631579,-0.4736842105263158
CO016,HOLDOUT,9,1,1,0,1.0,0.5181347150259067,0.5181347150259067
CO016,HOLDOUT,10,2,1,1,0.5,-0.28260869565217395,-0.5652173913043479
CO016,HOLDOUT,11,2,2,0,1.0,0.44909591194968557,0.8981918238993711
CO016,HOLDOUT,12,0,0,0,,,0.0
CO016,HOLDOUT,13,2,2,0,1.0,0.39685039370078745,0.7937007874015749
CO016,HOLDOUT,14,3,3,0,1.0,0.4252466196294112,1.2757398588882336
CO016,HOLDOUT,15,1,0,1,0.0,-1.0,-1.0
CO016,HOLDOUT,16,1,1,0,1.0,0.4444444444444444,0.4444444444444444
CO016,HOLDOUT,17,0,0,0,,,0.0
CO016,HOLDOUT,18,3,2,1,0.6666666666666666,-0.036782788232663954,-0.11034836469799186
CO018,ALL,4,9,5,4,0.5555555555555556,-0.1003098041398413,-0.9027882372585716
CO018,ALL,5,9,7,2,0.7777777777777778,0.32464374972889626,2.9217937475600664
CO018,ALL,6,12,7,5,0.5833333333333334,-0.009955396611297426,-0.1194647593355691
CO018,ALL,7,11,7,4,0.6363636363636364,0.05265537909984309,0.579209170098274
CO018,ALL,8,5,4,1,0.8,0.32318963542616197,1.61594817713081
CO018,ALL,9,11,7,4,0.6363636363636364,0.05313764380178503,0.5845140818196354
CO018,ALL,10,6,5,1,0.8333333333333334,0.4203334886175987,2.5220009317055925
CO018,ALL,11,10,9,1,0.9,0.5043480405132198,5.043480405132198
CO018,ALL,12,11,8,3,0.7272727272727273,0.23133028983352186,2.5446331881687403
CO018,ALL,13,9,6,3,0.6666666666666666,0.09291403735848183,0.8362263362263365
CO018,ALL,14,12,8,4,0.6666666666666666,0.08270087553724222,0.9924105064469065
CO018,ALL,15,7,5,2,0.7142857142857143,0.18186815788786279,1.2730771052150396
CO018,ALL,16,11,8,3,0.7272727272727273,0.19312280347726152,2.124350838249877
CO018,ALL,17,8,6,2,0.75,0.3014449132450272,2.4115593059602176
CO018,ALL,18,1,0,1,0.0,-1.0,-1.0
CO018,TRAIN,4,4,2,2,0.5,-0.19245107176141657,-0.7698042870456663
CO018,TRAIN,5,3,2,1,0.6666666666666666,0.16621763209100437,0.4986528962730131
CO018,TRAIN,6,1,1,0,1.0,0.8,0.8
CO018,TRAIN,7,2,1,1,0.5,-0.13503649635036497,-0.27007299270072993
CO018,TRAIN,8,2,2,0,1.0,0.6396198830409356,1.2792397660818713
CO018,TRAIN,9,4,3,1,0.75,0.22042428301292152,0.8816971320516861
CO018,TRAIN,10,3,2,1,0.6666666666666666,0.1494300951584231,0.4482902854752693
CO018,TRAIN,11,6,5,1,0.8333333333333334,0.3943931949884331,2.3663591699305986
CO018,TRAIN,12,4,3,1,0.75,0.289080459770115,1.15632183908046
CO018,TRAIN,13,3,2,1,0.6666666666666666,0.1214896214896215,0.3644688644688645
CO018,TRAIN,14,3,3,0,1.0,0.6070629900417134,1.8211889701251402
CO018,TRAIN,15,3,2,1,0.6666666666666666,0.12645865043125315,0.37937595129375945
CO018,TRAIN,16,3,1,2,0.3333333333333333,-0.46586345381526106,-1.3975903614457832
CO018,TRAIN,17,4,2,2,0.5,-0.1322737068965517,-0.5290948275862069
CO018,TRAIN,18,0,0,0,,,0.0
CO018,VALIDATION,4,1,0,1,0.0,-1.0,-1.0
CO018,VALIDATION,5,2,2,0,1.0,0.6731108757062148,1.3462217514124295
CO018,VALIDATION,6,4,2,2,0.5,-0.09674796747967479,-0.38699186991869916
CO018,VALIDATION,7,4,2,2,0.5,-0.17466110531803963,-0.6986444212721585
CO018,VALIDATION,8,1,1,0,1.0,0.7194244604316546,0.7194244604316546
CO018,VALIDATION,9,3,2,1,0.6666666666666666,0.09614163007153313,0.2884248902145994
CO018,VALIDATION,10,2,2,0,1.0,0.6847426470588236,1.3694852941176472
CO018,VALIDATION,11,2,2,0,1.0,0.657331277834875,1.31466255566975
CO018,VALIDATION,12,4,2,2,0.5,-0.11950231481481483,-0.4780092592592593
CO018,VALIDATION,13,3,1,2,0.3333333333333333,-0.452991452991453,-1.358974358974359
CO018,VALIDATION,14,6,4,2,0.6666666666666666,0.08259097677434844,0.49554586064609063
CO018,VALIDATION,15,1,1,0,1.0,0.5649717514124294,0.5649717514124294
CO018,VALIDATION,16,4,4,0,1.0,0.6416824794433902,2.5667299177735607
CO018,VALIDATION,17,3,3,0,1.0,0.7135513778488082,2.1406541335464246
CO018,VALIDATION,18,0,0,0,,,0.0
CO018,HOLDOUT,4,4,3,1,0.75,0.21675401244677367,0.8670160497870947
CO018,HOLDOUT,5,4,3,1,0.75,0.26922977496865586,1.0769190998746234
CO018,HOLDOUT,6,7,4,3,0.5714285714285714,-0.07606755563098141,-0.5324728894168699
CO018,HOLDOUT,7,5,4,1,0.8,0.3095853168142325,1.5479265840711625
CO018,HOLDOUT,8,2,1,1,0.5,-0.19135802469135804,-0.3827160493827161
CO018,HOLDOUT,9,4,2,2,0.5,-0.14640198511166252,-0.5856079404466501
CO018,HOLDOUT,10,1,1,0,1.0,0.704225352112676,0.704225352112676
CO018,HOLDOUT,11,2,2,0,1.0,0.6812293397659251,1.3624586795318503
CO018,HOLDOUT,12,3,3,0,1.0,0.6221068694491799,1.8663206083475399
CO018,HOLDOUT,13,3,3,0,1.0,0.610243943577277,1.8307318307318308
CO018,HOLDOUT,14,3,1,2,0.3333333333333333,-0.44144144144144143,-1.3243243243243243
CO018,HOLDOUT,15,3,2,1,0.6666666666666666,0.10957646750295029,0.32872940250885085
CO018,HOLDOUT,16,4,3,1,0.75,0.23880282048052467,0.9552112819220987
CO018,HOLDOUT,17,1,1,0,1.0,0.8,0.8
CO018,HOLDOUT,18,1,0,1,0.0,-1.0,-1.0
