fight_url,event_date,fighter_1,fighter_2,f1_norm,f2_norm,pair,favorite_side_odds,market_prob,favorite_decimal_odds,snapshot_mode,snapshot_rows,orientation_reversed_rows,orientation_invalid_rows,source_values,region_values,adding_date_selected
http://ufcstats.com/fight-details/640f2ae3995b3b4f,2024-01-13,Jim Miller,Gabriel Benitez,jim miller,gabriel benitez,"('gabriel benitez', 'jim miller')",1,0.5893794380981784,1.6024096385542168,historical_import_fallback,1,0,0,zewnetrzne,us,2025-07-27 09:10:07.798897+00:00
http://ufcstats.com/fight-details/f2b407019b2a5c15,2024-01-13,Magomed Ankalaev,Johnny Walker,magomed ankalaev,johnny walker,"('johnny walker', 'magomed ankalaev')",1,0.8042929292929294,1.1923076923076923,historical_import_fallback,1,0,0,zewnetrzne,us,2025-07-27 09:10:07.798897+00:00
http://ufcstats.com/fight-details/d0d99889c6abd8e1,2024-01-13,Phil Hawes,Brunno Ferreira,phil hawes,brunno ferreira,"('brunno ferreira', 'phil hawes')",2,0.558797046641455,1.6896551724137931,historical_import_fallback,1,0,0,zewnetrzne,us,2025-07-27 09:10:07.798897+00:00
http://ufcstats.com/fight-details/5f622d812b8f407f,2024-01-13,Matthew Semelsberger,Preston Parsons,matthew semelsberger,preston parsons,"('matthew semelsberger', 'preston parsons')",1,0.5306122448979592,1.7692307692307692,historical_import_fallback,1,0,0,zewnetrzne,us,2025-07-27 09:10:07.798897+00:00
http://ufcstats.com/fight-details/7736eb6bd5c1ff4a,2024-01-20,Jasmine Jasudavicius,Priscila Cachoeira,jasmine jasudavicius,priscila cachoeira,"('jasmine jasudavicius', 'priscila cachoeira')",1,0.7768331562167907,1.2352941176470589,historical_import_fallback,1,0,0,zewnetrzne,us,2025-07-27 09:10:07.798897+00:00
http://ufcstats.com/fight-details/43d90683078fcee5,2024-01-20,Serhiy Sidey,Ramon Taveras,serhiy sidey,ramon taveras,"('ramon taveras', 'serhiy sidey')",1,0.6369041816941222,1.5050505050505052,historical_import_fallback,1,0,0,zewnetrzne,us,2025-07-27 09:10:07.798897+00:00
http://ufcstats.com/fight-details/331ddc1141e934d1,2024-01-20,Charles Jourdain,Sean Woodson,charles jourdain,sean woodson,"('charles jourdain', 'sean woodson')",1,0.6574752261956054,1.4587155963302751,historical_import_fallback,1,0,0,zewnetrzne,us,2025-07-27 09:10:07.798897+00:00
http://ufcstats.com/fight-details/a10e2d5416972b9c,2024-01-20,Yohan Lainesse,Sam Patterson,yohan lainesse,sam patterson,"('sam patterson', 'yohan lainesse')",1,0.5634920634920635,1.704225352112676,historical_import_fallback,1,0,0,zewnetrzne,us,2025-07-27 09:10:07.798897+00:00
http://ufcstats.com/fight-details/faf15b752fb8924c,2024-01-20,Raquel Pennington,Mayra Bueno Silva,raquel pennington,mayra bueno silva,"('mayra bueno silva', 'raquel pennington')",2,0.6037569709421778,1.5882352941176472,historical_import_fallback,1,0,0,zewnetrzne,us,2025-07-27 09:10:07.798897+00:00
http://ufcstats.com/fight-details/ba5005d1116fa45f,2024-01-20,Chris Curtis,Marc-Andre Barriault,chris curtis,marc andre barriault,"('chris curtis', 'marc andre barriault')",1,0.6092362344582594,1.5714285714285714,historical_import_fallback,1,0,0,zewnetrzne,us,2025-07-27 09:10:07.798897+00:00
http://ufcstats.com/fight-details/733e675fd7c0052a,2024-02-03,Renato Moicano,Drew Dober,renato moicano,drew dober,"('drew dober', 'renato moicano')",1,0.644729178800233,1.4878048780487805,historical_import_fallback,1,0,0,zewnetrzne,us,2025-07-27 09:10:07.798897+00:00
http://ufcstats.com/fight-details/af6d56860ba4d259,2024-02-03,Randy Brown,Muslim Salikhov,randy brown,muslim salikhov,"('muslim salikhov', 'randy brown')",1,0.6957699520733487,1.3773584905660377,historical_import_fallback,1,0,0,zewnetrzne,us,2025-07-27 09:10:07.798897+00:00
http://ufcstats.com/fight-details/330d86bfaa4155fe,2024-02-03,Gilbert Urbina,Charles Radtke,gilbert urbina,charles radtke,"('charles radtke', 'gilbert urbina')",1,0.6574752261956054,1.4587155963302751,historical_import_fallback,1,0,0,zewnetrzne,us,2025-07-27 09:10:07.798897+00:00
http://ufcstats.com/fight-details/767ceb4a0cb43ade,2024-02-03,Roman Dolidze,Nassourdine Imavov,roman dolidze,nassourdine imavov,"('nassourdine imavov', 'roman dolidze')",2,0.6164383561643836,1.5555555555555556,historical_import_fallback,1,0,0,zewnetrzne,us,2025-07-27 09:10:07.798897+00:00
http://ufcstats.com/fight-details/9d8473ae274ed625,2024-02-10,Rodolfo Vieira,Armen Petrosyan,rodolfo vieira,armen petrosyan,"('armen petrosyan', 'rodolfo vieira')",2,0.5108342361863489,1.869565217391304,historical_import_fallback,1,0,0,zewnetrzne,us,2025-07-27 09:10:07.798897+00:00
http://ufcstats.com/fight-details/25259e230be9cdc9,2024-02-10,Dan Ige,Andre Fili,dan ige,andre fili,"('andre fili', 'dan ige')",1,0.6224665518611737,1.5405405405405406,historical_import_fallback,1,0,0,zewnetrzne,us,2025-07-27 09:10:07.798897+00:00
http://ufcstats.com/fight-details/5304956aada097e8,2024-02-10,Michael Johnson,Darrius Flowers,michael johnson,darrius flowers,"('darrius flowers', 'michael johnson')",1,0.5829926410466068,1.6451612903225803,historical_import_fallback,1,0,0,zewnetrzne,us,2025-07-27 09:10:07.798897+00:00
http://ufcstats.com/fight-details/e7938bac3ec8b442,2024-02-10,Brad Tavares,Gregory Rodrigues,brad tavares,gregory rodrigues,"('brad tavares', 'gregory rodrigues')",2,0.6690070210631895,1.434782608695652,historical_import_fallback,1,0,0,zewnetrzne,us,2025-07-27 09:10:07.798897+00:00
http://ufcstats.com/fight-details/9ddaa62cc806958d,2024-02-17,Oban Elliott,Val Woodburn,oban elliott,val woodburn,"('oban elliott', 'val woodburn')",1,0.76,1.263157894736842,historical_import_fallback,1,0,0,zewnetrzne,us,2025-07-27 09:10:07.798897+00:00
http://ufcstats.com/fight-details/e92fb5c609e20b49,2024-02-17,Rinya Nakamura,Carlos Vera,rinya nakamura,carlos vera,"('carlos vera', 'rinya nakamura')",1,0.898858075040783,1.0689655172413792,historical_import_fallback,1,0,0,zewnetrzne,us,2025-07-27 09:10:07.798897+00:00
http://ufcstats.com/fight-details/f87a3fa07f0009c9,2024-02-17,Anthony Hernandez,Roman Kopylov,anthony hernandez,roman kopylov,"('anthony hernandez', 'roman kopylov')",1,0.6574752261956054,1.4587155963302751,historical_import_fallback,1,0,0,zewnetrzne,us,2025-07-27 09:10:07.798897+00:00
http://ufcstats.com/fight-details/aeb3e4d9710207a4,2024-02-17,Zhang Mingyang,Brendson Ribeiro,zhang mingyang,brendson ribeiro,"('brendson ribeiro', 'zhang mingyang')",1,0.5,1.9090909090909087,historical_import_fallback,1,0,0,zewnetrzne,us,2025-07-27 09:10:07.798897+00:00
http://ufcstats.com/fight-details/ef13ed466e0b42d8,2024-02-17,Josh Quinlan,Danny Barlow,josh quinlan,danny barlow,"('danny barlow', 'josh quinlan')",2,0.6369041816941222,1.5050505050505052,historical_import_fallback,1,0,0,zewnetrzne,us,2025-07-27 09:10:07.798897+00:00
http://ufcstats.com/fight-details/bec3154a11df3299,2024-02-17,Alexander Volkanovski,Ilia Topuria,alexander volkanovski,ilia topuria,"('alexander volkanovski', 'ilia topuria')",1,0.5634920634920635,1.704225352112676,historical_import_fallback,1,0,0,zewnetrzne,us,2025-07-27 09:10:07.798897+00:00
http://ufcstats.com/fight-details/8fb0092430448368,2024-02-17,Geoff Neal,Ian Machado Garry,geoff neal,ian machado garry,"('geoff neal', 'ian machado garry')",2,0.690792883054068,1.3875968992248062,historical_import_fallback,1,0,0,zewnetrzne,us,2025-07-27 09:10:07.798897+00:00
http://ufcstats.com/fight-details/a376f6d5806d0c90,2024-02-24,Claudio Puelles,Fares Ziam,claudio puelles,fares ziam,"('claudio puelles', 'fares ziam')",2,0.6574752261956054,1.4587155963302751,historical_import_fallback,1,0,0,zewnetrzne,us,2025-07-27 09:10:07.798897+00:00
http://ufcstats.com/fight-details/50dae6b76c9c6490,2024-02-24,Erik Silva,Muhammad Naimov,erik silva,muhammad naimov,"('erik silva', 'muhammad naimov')",2,0.8118668596237336,1.181818181818182,historical_import_fallback,1,0,0,zewnetrzne,us,2025-07-27 09:10:07.798897+00:00
http://ufcstats.com/fight-details/d1d3b6ab8a56e973,2024-02-24,Jesus Aguilar,Mateus Mendonca,jesus aguilar,mateus mendonca,"('jesus aguilar', 'mateus mendonca')",2,0.551441114716549,1.7407407407407407,historical_import_fallback,1,0,0,zewnetrzne,us,2025-07-27 09:10:07.798897+00:00
http://ufcstats.com/fight-details/ecbece0cbd60029e,2024-02-24,Daniel Zellhuber,Francisco Prado,daniel zellhuber,francisco prado,"('daniel zellhuber', 'francisco prado')",1,0.7408716136631331,1.2941176470588236,historical_import_fallback,1,0,0,zewnetrzne,us,2025-07-27 09:10:07.798897+00:00
http://ufcstats.com/fight-details/3b05a4ced6dd74f5,2024-02-24,Yair Rodriguez,Brian Ortega,yair rodriguez,brian ortega,"('brian ortega', 'yair rodriguez')",1,0.5996387718242023,1.6024096385542168,historical_import_fallback,1,0,0,zewnetrzne,us,2025-07-27 09:10:07.798897+00:00
http://ufcstats.com/fight-details/df3cc5ec78d05a71,2024-03-02,Vitor Petrino,Tyson Pedro,vitor petrino,tyson pedro,"('tyson pedro', 'vitor petrino')",1,0.786743515850144,1.21978021978022,historical_import_fallback,1,0,0,zewnetrzne,us,2025-07-27 09:10:07.798897+00:00
http://ufcstats.com/fight-details/4e566db7d26df001,2024-03-02,Ludovit Klein,AJ Cunningham,ludovit klein,aj cunningham,"('aj cunningham', 'ludovit klein')",1,0.7894736842105263,2.4,historical_import_fallback,1,0,0,zewnetrzne,us,2025-07-27 09:10:07.798897+00:00
http://ufcstats.com/fight-details/cde2f88251b73305,2024-03-02,Vinicius Oliveira,Benardo Sopaj,vinicius oliveira,benardo sopaj,"('benardo sopaj', 'vinicius oliveira')",1,0.5765973826020016,1.5714285714285714,historical_import_fallback,1,0,0,zewnetrzne,us,2025-07-27 09:10:07.798897+00:00
http://ufcstats.com/fight-details/f0a9dfbb6f6ac852,2024-03-09,Michel Pereira,Michal Oleksiejczuk,michel pereira,michal oleksiejczuk,"('michal oleksiejczuk', 'michel pereira')",1,0.5829926410466068,1.6451612903225803,historical_import_fallback,1,0,0,zewnetrzne,us,2025-07-27 09:10:07.798897+00:00
http://ufcstats.com/fight-details/cbdf29f36b343f6f,2024-03-09,Robelis Despaigne,Josh Parisian,robelis despaigne,josh parisian,"('josh parisian', 'robelis despaigne')",1,0.757188498402556,1.2666666666666666,historical_import_fallback,1,0,0,zewnetrzne,us,2025-07-27 09:10:07.798897+00:00
http://ufcstats.com/fight-details/6e73ebbd089aff5e,2024-03-09,Dustin Poirier,Benoit Saint Denis,dustin poirier,benoit saint denis,"('benoit saint denis', 'dustin poirier')",2,0.6574752261956054,1.4587155963302751,historical_import_fallback,1,0,0,zewnetrzne,us,2025-07-27 09:10:07.798897+00:00
http://ufcstats.com/fight-details/33658a3ca932d15d,2024-03-09,Katlyn Cerminara,Maycee Barber,katlyn cerminara,maycee barber,"('katlyn cerminara', 'maycee barber')",2,0.6224665518611737,1.5405405405405406,historical_import_fallback,1,0,0,zewnetrzne,us,2025-07-27 09:10:07.798897+00:00
http://ufcstats.com/fight-details/9861b6d04e6ed43c,2024-03-09,Petr Yan,Song Yadong,petr yan,song yadong,"('petr yan', 'song yadong')",1,0.5829926410466068,1.6451612903225803,historical_import_fallback,1,0,0,zewnetrzne,us,2025-07-27 09:10:07.798897+00:00
http://ufcstats.com/fight-details/0133019a4f1055ee,2024-03-09,Curtis Blaydes,Jailton Almeida,curtis blaydes,jailton almeida,"('curtis blaydes', 'jailton almeida')",2,0.551441114716549,1.7407407407407407,historical_import_fallback,1,0,0,zewnetrzne,us,2025-07-27 09:10:07.798897+00:00
http://ufcstats.com/fight-details/35f9beb94b4ef9e2,2024-03-16,Ovince Saint Preux,Kennedy Nzechukwu,ovince saint preux,kennedy nzechukwu,"('kennedy nzechukwu', 'ovince saint preux')",2,0.827123695976155,1.16,historical_import_fallback,1,0,0,zewnetrzne,us,2025-07-27 09:10:07.798897+00:00
http://ufcstats.com/fight-details/72f123ddb4cc9d1c,2024-03-23,Billy Quarantillo,Youssef Zalal,billy quarantillo,youssef zalal,"('billy quarantillo', 'youssef zalal')",2,0.5427435387673957,1.7692307692307692,historical_import_fallback,1,0,0,zewnetrzne,us,2025-07-27 09:10:07.798897+00:00
http://ufcstats.com/fight-details/faf19712bd7ea41e,2024-03-23,Amanda Ribas,Rose Namajunas,amanda ribas,rose namajunas,"('amanda ribas', 'rose namajunas')",2,0.6574752261956054,1.4587155963302751,historical_import_fallback,1,0,0,zewnetrzne,us,2025-07-27 09:10:07.798897+00:00
http://ufcstats.com/fight-details/cd6452a463ec8a28,2024-03-23,Karl Williams,Justin Tafa,karl williams,justin tafa,"('justin tafa', 'karl williams')",1,0.644729178800233,1.4878048780487805,historical_import_fallback,1,0,0,zewnetrzne,us,2025-07-27 09:10:07.798897+00:00
http://ufcstats.com/fight-details/0e6782b758451063,2024-03-23,Jarno Errens,Steven Nguyen,jarno errens,steven nguyen,"('jarno errens', 'steven nguyen')",2,0.593369754159424,1.617283950617284,historical_import_fallback,1,0,0,zewnetrzne,us,2025-07-27 09:10:07.798897+00:00
http://ufcstats.com/fight-details/d564e3a6c77d0c85,2024-03-23,Edmen Shahbazyan,AJ Dobson,edmen shahbazyan,aj dobson,"('aj dobson', 'edmen shahbazyan')",1,0.6309403437815976,1.5208333333333337,historical_import_fallback,1,0,0,zewnetrzne,us,2025-07-27 09:10:07.798897+00:00
http://ufcstats.com/fight-details/127be512f86618b2,2024-03-23,Payton Talbott,Cameron Saaiman,payton talbott,cameron saaiman,"('cameron saaiman', 'payton talbott')",1,0.593369754159424,1.617283950617284,historical_import_fallback,1,0,0,zewnetrzne,us,2025-07-27 09:10:07.798897+00:00
http://ufcstats.com/fight-details/f1c3abce15ef053e,2024-03-23,Montserrat Rendon,Daria Zhelezniakova,montserrat rendon,daria zhelezniakova,"('daria zhelezniakova', 'montserrat rendon')",2,0.7220792588780237,1.3278688524590163,historical_import_fallback,1,0,0,zewnetrzne,us,2025-07-27 09:10:07.798897+00:00
http://ufcstats.com/fight-details/e6d4fdad2b3422d1,2024-03-30,Erin Blanchfield,Manon Fiorot,erin blanchfield,manon fiorot,"('erin blanchfield', 'manon fiorot')",1,0.6574752261956054,1.4587155963302751,historical_import_fallback,1,0,0,zewnetrzne,us,2025-07-27 09:10:07.798897+00:00
http://ufcstats.com/fight-details/976abc27a4e5e26a,2024-03-30,Julio Arce,Herbert Burns,julio arce,herbert burns,"('herbert burns', 'julio arce')",1,0.7408716136631331,1.2941176470588236,historical_import_fallback,1,0,0,zewnetrzne,us,2025-07-27 09:10:07.798897+00:00
http://ufcstats.com/fight-details/91aa08e910fb4412,2024-03-30,Bill Algeo,Kyle Nelson,bill algeo,kyle nelson,"('bill algeo', 'kyle nelson')",1,0.7179705215419501,1.3355704697986577,historical_import_fallback,1,0,0,zewnetrzne,us,2025-07-27 09:10:07.798897+00:00
http://ufcstats.com/fight-details/77992b8727382373,2024-03-30,Chris Weidman,Bruno Silva,chris weidman,bruno silva,"('bruno silva', 'chris weidman')",2,0.6092362344582594,1.5714285714285714,historical_import_fallback,1,0,0,zewnetrzne,us,2025-07-27 09:10:07.798897+00:00
http://ufcstats.com/fight-details/99dc6d45cbdfa322,2024-03-30,Virna Jandiroba,Loopy Godinez,virna jandiroba,loopy godinez,"('loopy godinez', 'virna jandiroba')",2,0.6574752261956054,1.4587155963302751,historical_import_fallback,1,0,0,zewnetrzne,us,2025-07-27 09:10:07.798897+00:00
http://ufcstats.com/fight-details/697e38075fd41819,2024-03-30,Ibo Aslan,Anton Turkalj,ibo aslan,anton turkalj,"('anton turkalj', 'ibo aslan')",1,0.5427435387673957,1.7692307692307692,historical_import_fallback,1,0,0,zewnetrzne,us,2025-07-27 09:10:07.798897+00:00
http://ufcstats.com/fight-details/3ce96bb0c69b39be,2024-04-06,Brendan Allen,Chris Curtis,brendan allen,chris curtis,"('brendan allen', 'chris curtis')",1,0.6636481241914618,1.4444444444444444,historical_import_fallback,1,0,0,zewnetrzne,us,2025-07-27 09:10:07.798897+00:00
http://ufcstats.com/fight-details/1685eecc7ef37fb5,2024-04-06,Melissa Mullins,Nora Cornolle,melissa mullins,nora cornolle,"('melissa mullins', 'nora cornolle')",1,0.7508125677139762,1.2777777777777777,historical_import_fallback,1,0,0,zewnetrzne,us,2025-07-27 09:10:07.798897+00:00
http://ufcstats.com/fight-details/32375b4435fea5e6,2024-04-06,Morgan Charriere,Chepe Mariscal,morgan charriere,chepe mariscal,"('chepe mariscal', 'morgan charriere')",1,0.5634920634920635,1.704225352112676,historical_import_fallback,1,0,0,zewnetrzne,us,2025-07-27 09:10:07.798897+00:00
http://ufcstats.com/fight-details/47f8812a335b6ce9,2024-04-06,Trevor Peek,Charlie Campbell,trevor peek,charlie campbell,"('charlie campbell', 'trevor peek')",2,0.5829926410466068,1.6451612903225803,historical_import_fallback,1,0,0,zewnetrzne,us,2025-07-27 09:10:07.798897+00:00
http://ufcstats.com/fight-details/0b9cd718d7e329e8,2024-04-06,Court McGee,Alex Morono,court mcgee,alex morono,"('alex morono', 'court mcgee')",2,0.7508125677139762,1.2777777777777777,historical_import_fallback,1,0,0,zewnetrzne,us,2025-07-27 09:10:07.798897+00:00
http://ufcstats.com/fight-details/d95f21817a56eb05,2024-04-13,Calvin Kattar,Aljamain Sterling,calvin kattar,aljamain sterling,"('aljamain sterling', 'calvin kattar')",2,0.6224665518611737,1.5405405405405406,historical_import_fallback,1,0,0,zewnetrzne,us,2025-07-27 09:10:07.798897+00:00
http://ufcstats.com/fight-details/66eddbe35056c06d,2024-04-13,Zhang Weili,Yan Xiaonan,zhang weili,yan xiaonan,"('yan xiaonan', 'zhang weili')",1,0.786743515850144,1.21978021978022,historical_import_fallback,1,0,0,zewnetrzne,us,2025-07-27 09:10:07.798897+00:00
http://ufcstats.com/fight-details/01f7c28804746979,2024-04-13,Charles Oliveira,Arman Tsarukyan,charles oliveira,arman tsarukyan,"('arman tsarukyan', 'charles oliveira')",2,0.6653336139760051,1.4587155963302751,historical_import_fallback,1,0,0,zewnetrzne,us,2025-07-27 09:10:07.798897+00:00
http://ufcstats.com/fight-details/eda1e8c285a0a788,2024-04-13,Jiri Prochazka,Aleksandar Rakic,jiri prochazka,aleksandar rakic,"('aleksandar rakic', 'jiri prochazka')",2,0.5324675324675325,1.8,historical_import_fallback,1,0,0,zewnetrzne,us,2025-07-27 09:10:07.798897+00:00
http://ufcstats.com/fight-details/cf5e8f98159c3971,2024-04-13,Justin Gaethje,Max Holloway,justin gaethje,max holloway,"('justin gaethje', 'max holloway')",1,0.6224665518611737,1.5405405405405406,historical_import_fallback,1,0,0,zewnetrzne,us,2025-07-27 09:10:07.798897+00:00
http://ufcstats.com/fight-details/0a85b3ad328205ff,2024-04-27,James Llontop,Chris Padilla,james llontop,chris padilla,"('chris padilla', 'james llontop')",1,0.786743515850144,1.21978021978022,historical_import_fallback,1,0,0,zewnetrzne,us,2025-07-27 09:10:07.798897+00:00
http://ufcstats.com/fight-details/0976778a6e6cf8a8,2024-04-27,Gabriel Benitez,Maheshate,gabriel benitez,maheshate,"('gabriel benitez', 'maheshate')",2,0.6690070210631895,1.434782608695652,historical_import_fallback,1,0,0,zewnetrzne,us,2025-07-27 09:10:07.798897+00:00
http://ufcstats.com/fight-details/6ea77cb62aa2f276,2024-04-27,Tim Means,Uros Medic,tim means,uros medic,"('tim means', 'uros medic')",2,0.6955128205128205,1.3571428571428572,historical_import_fallback,1,0,0,zewnetrzne,us,2025-07-27 09:10:07.798897+00:00
http://ufcstats.com/fight-details/3e74caa9fff4a5eb,2024-05-04,Michel Pereira,Ihor Potieria,michel pereira,ihor potieria,"('ihor potieria', 'michel pereira')",1,0.7957758771164253,1.2061855670103092,historical_import_fallback,1,0,0,zewnetrzne,us,2025-07-27 09:10:07.798897+00:00
http://ufcstats.com/fight-details/2faf5b8d708f8e94,2024-05-04,Joaquim Silva,Drakkar Klose,joaquim silva,drakkar klose,"('drakkar klose', 'joaquim silva')",2,0.6287128712871287,1.5,historical_import_fallback,1,0,0,zewnetrzne,us,2025-07-27 09:10:07.798897+00:00
http://ufcstats.com/fight-details/2db0998b24c11ea0,2024-05-04,Paul Craig,Caio Borralho,paul craig,caio borralho,"('caio borralho', 'paul craig')",2,0.8042929292929294,1.1923076923076923,historical_import_fallback,1,0,0,zewnetrzne,us,2025-07-27 09:10:07.798897+00:00
http://ufcstats.com/fight-details/a8718a3419a11e15,2024-05-04,Anthony Smith,Vitor Petrino,anthony smith,vitor petrino,"('anthony smith', 'vitor petrino')",2,0.771505376344086,1.2439024390243902,historical_import_fallback,1,0,0,zewnetrzne,us,2025-07-27 09:10:07.798897+00:00
http://ufcstats.com/fight-details/c84a29f426f1aab7,2024-05-04,Karolina Kowalkiewicz,Iasmin Lucindo,karolina kowalkiewicz,iasmin lucindo,"('iasmin lucindo', 'karolina kowalkiewicz')",2,0.7477827050997783,1.2816901408450705,historical_import_fallback,1,0,0,zewnetrzne,us,2025-07-27 09:10:07.798897+00:00
http://ufcstats.com/fight-details/8aa07b6cc40f0cb2,2024-05-11,Alex Caceres,Sean Woodson,alex caceres,sean woodson,"('alex caceres', 'sean woodson')",2,0.7055341817105653,1.3355704697986577,historical_import_fallback,1,0,0,zewnetrzne,us,2025-07-27 09:10:07.798897+00:00
http://ufcstats.com/fight-details/ccf3b6eda4c2a564,2024-05-11,JJ Aldrich,Veronica Hardy,jj aldrich,veronica hardy,"('jj aldrich', 'veronica hardy')",2,0.5173641257162701,1.847457627118644,historical_import_fallback,1,0,0,zewnetrzne,us,2025-07-27 09:10:07.798897+00:00
http://ufcstats.com/fight-details/ec5d705232983b87,2024-05-11,Billy Ray Goff,Trey Waters,billy ray goff,trey waters,"('billy ray goff', 'trey waters')",2,0.5893794380981784,1.6024096385542168,historical_import_fallback,1,0,0,zewnetrzne,us,2025-07-27 09:10:07.798897+00:00
http://ufcstats.com/fight-details/20220ace492af368,2024-05-18,Themba Gorimbo,Ramiz Brahimaj,themba gorimbo,ramiz brahimaj,"('ramiz brahimaj', 'themba gorimbo')",1,0.5260865852617197,1.819672131147541,historical_import_fallback,1,0,0,zewnetrzne,us,2025-07-27 09:10:07.798897+00:00
http://ufcstats.com/fight-details/85ddb65429a9d517,2024-05-18,Khaos Williams,Carlston Harris,khaos williams,carlston harris,"('carlston harris', 'khaos williams')",1,0.5260865852617197,1.819672131147541,historical_import_fallback,1,0,0,zewnetrzne,us,2025-07-27 09:10:07.798897+00:00
http://ufcstats.com/fight-details/17aa636aa98678d3,2024-05-18,Edson Barboza,Lerone Murphy,edson barboza,lerone murphy,"('edson barboza', 'lerone murphy')",2,0.5893794380981784,1.6024096385542168,historical_import_fallback,1,0,0,zewnetrzne,us,2025-07-27 09:10:07.798897+00:00
http://ufcstats.com/fight-details/dcc0c53100fa1dd2,2024-06-08,Brunno Ferreira,Dustin Stoltzfus,brunno ferreira,dustin stoltzfus,"('brunno ferreira', 'dustin stoltzfus')",1,0.7095435684647303,1.350877192982456,historical_import_fallback,1,0,0,zewnetrzne,us,2025-07-27 09:10:07.798897+00:00
http://ufcstats.com/fight-details/052f53e006b28132,2024-06-08,Jared Cannonier,Nassourdine Imavov,jared cannonier,nassourdine imavov,"('jared cannonier', 'nassourdine imavov')",2,0.5427435387673957,1.7692307692307692,historical_import_fallback,1,0,0,zewnetrzne,us,2025-07-27 09:10:07.798897+00:00
http://ufcstats.com/fight-details/94f5b35b2b6c72b1,2024-06-15,Melquizael Costa,Shayilan Nuerdanbieke,melquizael costa,shayilan nuerdanbieke,"('melquizael costa', 'shayilan nuerdanbieke')",1,0.6634806849860614,1.4201680672268908,historical_import_fallback,1,0,0,zewnetrzne,us,2025-07-27 09:10:07.798897+00:00
http://ufcstats.com/fight-details/78a7bf038e56881d,2024-06-15,Timmy Cuamba,Lucas Almeida,timmy cuamba,lucas almeida,"('lucas almeida', 'timmy cuamba')",1,0.6369041816941222,1.5050505050505052,historical_import_fallback,1,0,0,zewnetrzne,us,2025-07-27 09:10:07.798897+00:00
http://ufcstats.com/fight-details/6f31285305881fe3,2024-06-15,Jimmy Flick,Nate Maness,jimmy flick,nate maness,"('jimmy flick', 'nate maness')",2,0.8284518828451883,1.1388888888888888,historical_import_fallback,1,0,0,zewnetrzne,us,2025-07-27 09:10:07.798897+00:00
http://ufcstats.com/fight-details/06713afc60301c0c,2024-06-15,Josefine Knutsson,Julia Polastri,josefine knutsson,julia polastri,"('josefine knutsson', 'julia polastri')",1,0.6439672223792031,1.4651162790697674,historical_import_fallback,1,0,0,zewnetrzne,us,2025-07-27 09:10:07.798897+00:00
http://ufcstats.com/fight-details/fbbf5391ea25521b,2024-06-22,Shara Magomedov,Antonio Trocoli,shara magomedov,antonio trocoli,"('antonio trocoli', 'shara magomedov')",1,0.8422876949740035,1.123456790123457,historical_import_fallback,1,0,0,zewnetrzne,us,2025-07-27 09:10:07.798897+00:00
http://ufcstats.com/fight-details/8bd5f20f49434c65,2024-06-22,Muhammad Naimov,Felipe Lima,muhammad naimov,felipe lima,"('felipe lima', 'muhammad naimov')",1,0.551441114716549,1.7407407407407407,historical_import_fallback,1,0,0,zewnetrzne,us,2025-07-27 09:10:07.798897+00:00
http://ufcstats.com/fight-details/8ddd53a7ed3754d5,2024-06-22,Kelvin Gastelum,Daniel Rodriguez,kelvin gastelum,daniel rodriguez,"('daniel rodriguez', 'kelvin gastelum')",1,0.6498905908096281,1.4545454545454546,historical_import_fallback,1,0,0,zewnetrzne,us,2025-07-27 09:10:07.798897+00:00
http://ufcstats.com/fight-details/eba46dbf9cdd83c0,2024-06-22,Robert Whittaker,Ikram Aliskerov,robert whittaker,ikram aliskerov,"('ikram aliskerov', 'robert whittaker')",1,0.5306122448979592,1.7692307692307692,historical_import_fallback,1,0,0,zewnetrzne,us,2025-07-27 09:10:07.798897+00:00
http://ufcstats.com/fight-details/774fb0c0c1c2bc6a,2024-06-22,Nasrat Haqparast,Jared Gordon,nasrat haqparast,jared gordon,"('jared gordon', 'nasrat haqparast')",1,0.6853932584269663,1.4,historical_import_fallback,1,0,0,zewnetrzne,us,2025-07-27 09:10:07.798897+00:00
http://ufcstats.com/fight-details/daa6b47be304ec86,2024-06-29,Joe Pyfer,Marc-Andre Barriault,joe pyfer,marc andre barriault,"('joe pyfer', 'marc andre barriault')",1,0.7307110438729199,1.289855072463768,historical_import_fallback,1,0,0,zewnetrzne,us,2025-07-27 09:10:07.798897+00:00
http://ufcstats.com/fight-details/a571c622ab89b3d9,2024-06-29,Mayra Bueno Silva,Macy Chiasson,mayra bueno silva,macy chiasson,"('macy chiasson', 'mayra bueno silva')",2,0.5203045685279188,1.8,historical_import_fallback,1,0,0,zewnetrzne,us,2025-07-27 09:10:07.798897+00:00
http://ufcstats.com/fight-details/5f8a92f10e5451ce,2024-06-29,Payton Talbott,Yanis Ghemmouri,payton talbott,yanis ghemmouri,"('payton talbott', 'yanis ghemmouri')",1,0.8998646820027064,1.0571428571428572,historical_import_fallback,1,0,0,zewnetrzne,us,2025-07-27 09:10:07.798897+00:00
http://ufcstats.com/fight-details/bf878c083a6b30ad,2024-06-29,Anthony Smith,Roman Dolidze,anthony smith,roman dolidze,"('anthony smith', 'roman dolidze')",2,0.558797046641455,1.6896551724137931,historical_import_fallback,1,0,0,zewnetrzne,us,2025-07-27 09:10:07.798897+00:00
http://ufcstats.com/fight-details/fbf77262d8da342b,2024-06-29,Ian Machado Garry,Michael Page,ian machado garry,michael page,"('ian machado garry', 'michael page')",1,0.6287128712871287,1.5,historical_import_fallback,1,0,0,zewnetrzne,us,2025-07-27 09:10:07.798897+00:00
http://ufcstats.com/fight-details/08489fdfb56ee19c,2024-06-29,Cub Swanson,Andre Fili,cub swanson,andre fili,"('andre fili', 'cub swanson')",2,0.6634806849860614,1.4201680672268908,historical_import_fallback,1,0,0,zewnetrzne,us,2025-07-27 09:10:07.798897+00:00
http://ufcstats.com/fight-details/1394ce1832ddefe0,2024-07-13,Rose Namajunas,Tracy Cortez,rose namajunas,tracy cortez,"('rose namajunas', 'tracy cortez')",1,0.6864406779661018,1.3703703703703702,historical_import_fallback,1,0,0,zewnetrzne,us,2025-07-27 09:10:07.798897+00:00
http://ufcstats.com/fight-details/582afc25875911d1,2024-07-13,Jasmine Jasudavicius,Fatima Kline,jasmine jasudavicius,fatima kline,"('fatima kline', 'jasmine jasudavicius')",1,0.5795601552393274,1.625,historical_import_fallback,1,0,0,zewnetrzne,us,2025-07-27 09:10:07.798897+00:00
http://ufcstats.com/fight-details/dff8e4ef87d69516,2024-07-13,Santiago Ponzinibbio,Muslim Salikhov,santiago ponzinibbio,muslim salikhov,"('muslim salikhov', 'santiago ponzinibbio')",1,0.6152818594710127,1.5319148936170213,historical_import_fallback,1,0,0,zewnetrzne,us,2025-07-27 09:10:07.798897+00:00
http://ufcstats.com/fight-details/5eebde8fb4d67259,2024-07-13,Montel Jackson,Da'Mon Blackshear,montel jackson,da mon blackshear,"('da mon blackshear', 'montel jackson')",1,0.5108342361863489,1.869565217391304,historical_import_fallback,1,0,0,zewnetrzne,us,2025-07-27 09:10:07.798897+00:00
http://ufcstats.com/fight-details/6e6567a98ea78891,2024-07-20,JeongYeong Lee,Hyder Amil,jeongyeong lee,hyder amil,"('hyder amil', 'jeongyeong lee')",1,0.6574752261956054,1.4587155963302751,historical_import_fallback,1,0,0,zewnetrzne,us,2025-07-27 09:10:07.798897+00:00
http://ufcstats.com/fight-details/120ec60ad18cf6c5,2024-07-20,Steve Garcia,SeungWoo Choi,steve garcia,seungwoo choi,"('seungwoo choi', 'steve garcia')",1,0.6092362344582594,1.5714285714285714,historical_import_fallback,1,0,0,zewnetrzne,us,2025-07-27 09:10:07.798897+00:00
http://ufcstats.com/fight-details/ec8bc554a0646638,2024-07-20,Dooho Choi,Bill Algeo,dooho choi,bill algeo,"('bill algeo', 'dooho choi')",2,0.6690070210631895,1.434782608695652,historical_import_fallback,1,0,0,zewnetrzne,us,2025-07-27 09:10:07.798897+00:00
http://ufcstats.com/fight-details/45e6a9b56ee3a9d1,2024-07-27,Nathaniel Wood,Daniel Pineda,nathaniel wood,daniel pineda,"('daniel pineda', 'nathaniel wood')",1,0.7783132530120482,1.2105263157894737,historical_import_fallback,1,0,0,zewnetrzne,us,2025-07-27 09:10:07.798897+00:00
http://ufcstats.com/fight-details/ec434314c5438fc7,2024-07-27,Tom Aspinall,Curtis Blaydes,tom aspinall,curtis blaydes,"('curtis blaydes', 'tom aspinall')",1,0.7640449438202247,1.2352941176470589,historical_import_fallback,1,0,0,zewnetrzne,us,2025-07-27 09:10:07.798897+00:00
http://ufcstats.com/fight-details/8a2e28da18ba6a25,2024-07-27,Arnold Allen,Giga Chikadze,arnold allen,giga chikadze,"('arnold allen', 'giga chikadze')",1,0.700162074554295,1.3703703703703702,historical_import_fallback,1,0,0,zewnetrzne,us,2025-07-27 09:10:07.798897+00:00
http://ufcstats.com/fight-details/ec5163539a133f17,2024-07-27,Leon Edwards,Belal Muhammad,leon edwards,belal muhammad,"('belal muhammad', 'leon edwards')",1,0.6864406779661018,1.3703703703703702,historical_import_fallback,1,0,0,zewnetrzne,us,2025-07-27 09:10:07.798897+00:00
http://ufcstats.com/fight-details/b38450d9aa0f52b8,2024-08-03,Shara Magomedov,Michal Oleksiejczuk,shara magomedov,michal oleksiejczuk,"('michal oleksiejczuk', 'shara magomedov')",1,0.7307110438729199,1.289855072463768,historical_import_fallback,1,0,0,zewnetrzne,us,2025-07-27 09:10:07.798897+00:00
http://ufcstats.com/fight-details/d0d74672150ddea3,2024-08-03,Mackenzie Dern,Loopy Godinez,mackenzie dern,loopy godinez,"('loopy godinez', 'mackenzie dern')",1,0.550561797752809,1.7142857142857144,historical_import_fallback,1,0,0,zewnetrzne,us,2025-07-27 09:10:07.798897+00:00
http://ufcstats.com/fight-details/f80143e1f3c3d319,2024-08-03,Viktoriia Dudakova,Sam Hughes,viktoriia dudakova,sam hughes,"('sam hughes', 'viktoriia dudakova')",1,0.6571428571428573,1.434782608695652,historical_import_fallback,1,0,0,zewnetrzne,us,2025-07-27 09:10:07.798897+00:00
http://ufcstats.com/fight-details/2d39c26876246223,2024-08-03,Tony Ferguson,Michael Chiesa,tony ferguson,michael chiesa,"('michael chiesa', 'tony ferguson')",2,0.795134443021767,1.1851851851851851,historical_import_fallback,1,0,0,zewnetrzne,us,2025-07-27 09:10:07.798897+00:00
http://ufcstats.com/fight-details/e72a2130e7387637,2024-08-10,Damon Jackson,Chepe Mariscal,damon jackson,chepe mariscal,"('chepe mariscal', 'damon jackson')",2,0.6183206106870229,1.5555555555555556,historical_import_fallback,1,0,0,zewnetrzne,us,2025-07-27 09:10:07.798897+00:00
http://ufcstats.com/fight-details/3c319d4659e6c8fd,2024-08-17,Li Jingliang,Carlos Prates,li jingliang,carlos prates,"('carlos prates', 'li jingliang')",2,0.771505376344086,1.2439024390243902,historical_import_fallback,1,0,0,zewnetrzne,us,2025-07-27 09:10:07.798897+00:00
http://ufcstats.com/fight-details/bfff6cf22c1c569c,2024-08-17,Jack Jenkins,Herbert Burns,jack jenkins,herbert burns,"('herbert burns', 'jack jenkins')",1,0.8647058823529412,1.0952380952380951,historical_import_fallback,1,0,0,zewnetrzne,us,2025-07-27 09:10:07.798897+00:00
http://ufcstats.com/fight-details/43ebfc8914a39061,2024-08-17,Josh Culibao,Ricardo Ramos,josh culibao,ricardo ramos,"('josh culibao', 'ricardo ramos')",1,0.5407914020517831,1.7407407407407407,historical_import_fallback,1,0,0,zewnetrzne,us,2025-07-27 09:10:07.798897+00:00
http://ufcstats.com/fight-details/5c5523a6bf83e44f,2024-08-24,Robert Valentin,Ryan Loder,robert valentin,ryan loder,"('robert valentin', 'ryan loder')",1,0.5634920634920635,1.704225352112676,historical_import_fallback,1,0,0,zewnetrzne,us,2025-07-27 09:10:07.798897+00:00
http://ufcstats.com/fight-details/d2caa1ddb9de7481,2024-08-24,Zachary Reese,Jose Daniel Medina,zachary reese,jose daniel medina,"('jose daniel medina', 'zachary reese')",1,0.863013698630137,1.1111111111111112,historical_import_fallback,1,0,0,zewnetrzne,us,2025-07-27 09:10:07.798897+00:00
http://ufcstats.com/fight-details/ae50a1a655b1a8f6,2024-08-24,Neil Magny,Michael Morales,neil magny,michael morales,"('michael morales', 'neil magny')",2,0.863013698630137,1.1111111111111112,historical_import_fallback,1,0,0,zewnetrzne,us,2025-07-27 09:10:07.798897+00:00
http://ufcstats.com/fight-details/2cbd53e43d3f606b,2024-08-24,Edmen Shahbazyan,Gerald Meerschaert,edmen shahbazyan,gerald meerschaert,"('edmen shahbazyan', 'gerald meerschaert')",1,0.7335423197492164,1.3076923076923077,historical_import_fallback,1,0,0,zewnetrzne,us,2025-07-27 09:10:07.798897+00:00
http://ufcstats.com/fight-details/15805ae1eea3343e,2024-08-24,Jared Cannonier,Caio Borralho,jared cannonier,caio borralho,"('caio borralho', 'jared cannonier')",2,0.7335423197492164,1.3076923076923077,historical_import_fallback,1,0,0,zewnetrzne,us,2025-07-27 09:10:07.798897+00:00
http://ufcstats.com/fight-details/abfd5ac6cf186d8a,2024-09-07,Isaac Dulgarian,Brendon Marotte,isaac dulgarian,brendon marotte,"('brendon marotte', 'isaac dulgarian')",1,0.9197080291970803,1.0476190476190477,historical_import_fallback,1,0,0,zewnetrzne,us,2025-07-27 09:10:07.798897+00:00
http://ufcstats.com/fight-details/6e9876d2be2bbd02,2024-09-07,Yizha,Gabriel Santos,yizha,gabriel santos,"('gabriel santos', 'yizha')",2,0.700162074554295,1.3703703703703702,historical_import_fallback,1,0,0,zewnetrzne,us,2025-07-27 09:10:07.798897+00:00
http://ufcstats.com/fight-details/b80c6eba11c54778,2024-09-07,Rongzhu,Chris Padilla,rongzhu,chris padilla,"('chris padilla', 'rongzhu')",1,0.690792883054068,1.3875968992248062,historical_import_fallback,1,0,0,zewnetrzne,us,2025-07-27 09:10:07.798897+00:00
http://ufcstats.com/fight-details/6f83cfae0c800ef8,2024-09-14,Alexa Grasso,Valentina Shevchenko,alexa grasso,valentina shevchenko,"('alexa grasso', 'valentina shevchenko')",1,0.5427435387673957,1.7692307692307692,historical_import_fallback,1,0,0,zewnetrzne,us,2025-07-27 09:10:07.798897+00:00
http://ufcstats.com/fight-details/c60a317c7767abb7,2024-09-14,Yazmin Jauregui,Ketlen Souza,yazmin jauregui,ketlen souza,"('ketlen souza', 'yazmin jauregui')",1,0.8081570996978852,1.1869158878504673,historical_import_fallback,1,0,0,zewnetrzne,us,2025-07-27 09:10:07.798897+00:00
http://ufcstats.com/fight-details/7ca4c91bab696b89,2024-09-28,Renato Moicano,Benoit Saint Denis,renato moicano,benoit saint denis,"('benoit saint denis', 'renato moicano')",2,0.690792883054068,1.3875968992248062,historical_import_fallback,1,0,0,zewnetrzne,us,2025-07-27 09:10:07.798897+00:00
http://ufcstats.com/fight-details/62ff1e5deb124ff5,2024-09-28,Nassourdine Imavov,Brendan Allen,nassourdine imavov,brendan allen,"('brendan allen', 'nassourdine imavov')",1,0.6636481241914618,1.4444444444444444,historical_import_fallback,1,0,0,zewnetrzne,us,2025-07-27 09:10:07.798897+00:00
http://ufcstats.com/fight-details/7ba432e218edc17d,2024-09-28,Ailin Perez,Daria Zhelezniakova,ailin perez,daria zhelezniakova,"('ailin perez', 'daria zhelezniakova')",1,0.6805555555555556,1.4081632653061225,historical_import_fallback,1,0,0,zewnetrzne,us,2025-07-27 09:10:07.798897+00:00
http://ufcstats.com/fight-details/d806aacf5b6ba7f6,2024-09-28,Fares Ziam,Matt Frevola,fares ziam,matt frevola,"('fares ziam', 'matt frevola')",1,0.5324675324675325,1.8,historical_import_fallback,1,0,0,zewnetrzne,us,2025-07-27 09:10:07.798897+00:00
http://ufcstats.com/fight-details/eb73b63bbd7b88a7,2024-10-05,Marina Rodriguez,Iasmin Lucindo,marina rodriguez,iasmin lucindo,"('iasmin lucindo', 'marina rodriguez')",2,0.6224665518611737,1.5405405405405406,historical_import_fallback,1,0,0,zewnetrzne,us,2025-07-27 09:10:07.798897+00:00
http://ufcstats.com/fight-details/1d68bb733de24b06,2024-10-05,Raquel Pennington,Julianna Pena,raquel pennington,julianna pena,"('julianna pena', 'raquel pennington')",1,0.5829926410466068,1.6451612903225803,historical_import_fallback,1,0,0,zewnetrzne,us,2025-07-27 09:10:07.798897+00:00
http://ufcstats.com/fight-details/ed5b6681ab4e83e5,2024-10-05,Cesar Almeida,Ihor Potieria,cesar almeida,ihor potieria,"('cesar almeida', 'ihor potieria')",1,0.8,1.2,historical_import_fallback,1,0,0,zewnetrzne,us,2025-07-27 09:10:07.798897+00:00
http://ufcstats.com/fight-details/5931cd9cf5da5f75,2024-10-05,Roman Dolidze,Kevin Holland,roman dolidze,kevin holland,"('kevin holland', 'roman dolidze')",2,0.5720596355604639,1.6756756756756757,historical_import_fallback,1,0,0,zewnetrzne,us,2025-07-27 09:10:07.798897+00:00
http://ufcstats.com/fight-details/98c29ba02cee5ba3,2024-10-12,Grant Dawson,Rafa Garcia,grant dawson,rafa garcia,"('grant dawson', 'rafa garcia')",1,0.76,1.263157894736842,historical_import_fallback,1,0,0,zewnetrzne,us,2025-07-27 09:10:07.798897+00:00
http://ufcstats.com/fight-details/57415110bd494c79,2024-10-12,Themba Gorimbo,Niko Price,themba gorimbo,niko price,"('niko price', 'themba gorimbo')",1,0.7135512302607419,1.3448275862068966,historical_import_fallback,1,0,0,zewnetrzne,us,2025-07-27 09:10:07.798897+00:00
http://ufcstats.com/fight-details/f690949d90ff1dee,2024-10-12,Daniel Rodriguez,Alex Morono,daniel rodriguez,alex morono,"('alex morono', 'daniel rodriguez')",1,0.6805555555555556,1.4081632653061225,historical_import_fallback,1,0,0,zewnetrzne,us,2025-07-27 09:10:07.798897+00:00
http://ufcstats.com/fight-details/f1cc9169813c4a3e,2024-10-12,CJ Vergara,Ramazan Temirov,cj vergara,ramazan temirov,"('cj vergara', 'ramazan temirov')",2,0.7179705215419501,1.3355704697986577,historical_import_fallback,1,0,0,zewnetrzne,us,2025-07-27 09:10:07.798897+00:00
http://ufcstats.com/fight-details/a2f2c64f9fb3fb1c,2024-10-19,Anthony Hernandez,Michel Pereira,anthony hernandez,michel pereira,"('anthony hernandez', 'michel pereira')",1,0.593369754159424,1.617283950617284,historical_import_fallback,1,0,0,zewnetrzne,us,2025-07-27 09:10:07.798897+00:00
http://ufcstats.com/fight-details/503d7342cc08109f,2024-10-19,Charles Johnson,Sumudaerji,charles johnson,sumudaerji,"('charles johnson', 'sumudaerji')",1,0.7220792588780237,1.3278688524590163,historical_import_fallback,1,0,0,zewnetrzne,us,2025-07-27 09:10:07.798897+00:00
http://ufcstats.com/fight-details/0599f35e6679de02,2024-10-19,Darren Elkins,Daniel Pineda,darren elkins,daniel pineda,"('daniel pineda', 'darren elkins')",1,0.6037569709421778,1.5882352941176472,historical_import_fallback,1,0,0,zewnetrzne,us,2025-07-27 09:10:07.798897+00:00
http://ufcstats.com/fight-details/53f7f1b4834387a8,2024-10-19,Jessica Penne,Elise Reed,jessica penne,elise reed,"('elise reed', 'jessica penne')",2,0.6690070210631895,1.434782608695652,historical_import_fallback,1,0,0,zewnetrzne,us,2025-07-27 09:10:07.798897+00:00
http://ufcstats.com/fight-details/32b8c6c4b735d712,2024-10-19,Austen Lane,Robelis Despaigne,austen lane,robelis despaigne,"('austen lane', 'robelis despaigne')",2,0.7768331562167907,1.2352941176470589,historical_import_fallback,1,0,0,zewnetrzne,us,2025-07-27 09:10:07.798897+00:00
http://ufcstats.com/fight-details/4277b02a4dadac40,2024-10-19,Melissa Martinez,Alice Ardelean,melissa martinez,alice ardelean,"('alice ardelean', 'melissa martinez')",1,0.5829926410466068,1.6451612903225803,historical_import_fallback,1,0,0,zewnetrzne,us,2025-07-27 09:10:07.798897+00:00
http://ufcstats.com/fight-details/f01b97e864cb4b8b,2024-10-19,Rob Font,Kyler Phillips,rob font,kyler phillips,"('kyler phillips', 'rob font')",2,0.827123695976155,1.16,historical_import_fallback,1,0,0,zewnetrzne,us,2025-07-27 09:10:07.798897+00:00
http://ufcstats.com/fight-details/108434acbbd75d26,2024-10-26,Shara Magomedov,Armen Petrosyan,shara magomedov,armen petrosyan,"('armen petrosyan', 'shara magomedov')",1,0.5996387718242023,1.6024096385542168,historical_import_fallback,1,0,0,zewnetrzne,us,2025-07-27 09:10:07.798897+00:00
http://ufcstats.com/fight-details/af6eeea1cfe33240,2024-10-26,Abus Magomedov,Brunno Ferreira,abus magomedov,brunno ferreira,"('abus magomedov', 'brunno ferreira')",1,0.5829926410466068,1.6451612903225803,historical_import_fallback,1,0,0,zewnetrzne,us,2025-07-27 09:10:07.798897+00:00
http://ufcstats.com/fight-details/bde635a4f345bc3e,2024-10-26,Ismail Naurdiev,Bruno Silva,ismail naurdiev,bruno silva,"('bruno silva', 'ismail naurdiev')",1,0.5720596355604639,1.6756756756756757,historical_import_fallback,1,0,0,zewnetrzne,us,2025-07-27 09:10:07.798897+00:00
http://ufcstats.com/fight-details/ebf7cea27b83c432,2024-10-26,Ilia Topuria,Max Holloway,ilia topuria,max holloway,"('ilia topuria', 'max holloway')",1,0.7220792588780237,1.3278688524590163,historical_import_fallback,1,0,0,zewnetrzne,us,2025-07-27 09:10:07.798897+00:00
http://ufcstats.com/fight-details/df7928de73fc2fe8,2024-10-26,Kennedy Nzechukwu,Chris Barnett,kennedy nzechukwu,chris barnett,"('chris barnett', 'kennedy nzechukwu')",1,0.8524590163934427,1.125,historical_import_fallback,1,0,0,zewnetrzne,us,2025-07-27 09:10:07.798897+00:00
http://ufcstats.com/fight-details/6114076c689e8457,2024-10-26,Rinat Fakhretdinov,Carlos Leal,rinat fakhretdinov,carlos leal,"('carlos leal', 'rinat fakhretdinov')",1,0.6574752261956054,1.4587155963302751,historical_import_fallback,1,0,0,zewnetrzne,us,2025-07-27 09:10:07.798897+00:00
http://ufcstats.com/fight-details/b09f54654b0f95f5,2024-10-26,Magomed Ankalaev,Aleksandar Rakic,magomed ankalaev,aleksandar rakic,"('aleksandar rakic', 'magomed ankalaev')",1,0.7408716136631331,1.2941176470588236,historical_import_fallback,1,0,0,zewnetrzne,us,2025-07-27 09:10:07.798897+00:00
http://ufcstats.com/fight-details/781a2ea50f5ae68f,2024-10-26,Ibo Aslan,Rafael Cerqueira,ibo aslan,rafael cerqueira,"('ibo aslan', 'rafael cerqueira')",2,0.5043297540699689,1.8928571428571428,historical_import_fallback,1,0,0,zewnetrzne,us,2025-07-27 09:10:07.798897+00:00
http://ufcstats.com/fight-details/cc11a0762f246fa4,2024-10-26,Lerone Murphy,Dan Ige,lerone murphy,dan ige,"('dan ige', 'lerone murphy')",1,0.7408716136631331,1.2941176470588236,historical_import_fallback,1,0,0,zewnetrzne,us,2025-07-27 09:10:07.798897+00:00
http://ufcstats.com/fight-details/b8bf186f884678ea,2024-10-26,Robert Whittaker,Khamzat Chimaev,robert whittaker,khamzat chimaev,"('khamzat chimaev', 'robert whittaker')",2,0.6805555555555556,1.4081632653061225,historical_import_fallback,1,0,0,zewnetrzne,us,2025-07-27 09:10:07.798897+00:00
http://ufcstats.com/fight-details/18729b11614406bf,2024-11-02,Erin Blanchfield,Rose Namajunas,erin blanchfield,rose namajunas,"('erin blanchfield', 'rose namajunas')",1,0.5829926410466068,1.6451612903225803,historical_import_fallback,1,0,0,zewnetrzne,us,2025-07-27 09:10:07.798897+00:00
http://ufcstats.com/fight-details/6ad594777cce2d7d,2024-11-02,Marc-Andre Barriault,Dustin Stoltzfus,marc andre barriault,dustin stoltzfus,"('dustin stoltzfus', 'marc andre barriault')",1,0.700162074554295,1.3703703703703702,historical_import_fallback,1,0,0,zewnetrzne,us,2025-07-27 09:10:07.798897+00:00
http://ufcstats.com/fight-details/eaa885cf7ae31e0b,2024-11-02,Ariane da Silva,Jasmine Jasudavicius,ariane da silva,jasmine jasudavicius,"('ariane da silva', 'jasmine jasudavicius')",2,0.6744186046511629,1.4,historical_import_fallback,1,0,0,zewnetrzne,us,2025-07-27 09:10:07.798897+00:00
http://ufcstats.com/fight-details/154138c8fc89c315,2024-11-09,Gerald Meerschaert,Reinier de Ridder,gerald meerschaert,reinier de ridder,"('gerald meerschaert', 'reinier de ridder')",2,0.725752508361204,1.3225806451612905,historical_import_fallback,1,0,0,zewnetrzne,us,2025-07-27 09:10:07.798897+00:00
http://ufcstats.com/fight-details/c31d9cac7534d879,2024-11-09,Luana Pinheiro,Gillian Robertson,luana pinheiro,gillian robertson,"('gillian robertson', 'luana pinheiro')",2,0.7913616398243045,1.2127659574468086,historical_import_fallback,1,0,0,zewnetrzne,us,2025-07-27 09:10:07.798897+00:00
http://ufcstats.com/fight-details/4f4189009a190e35,2024-11-16,Charles Oliveira,Michael Chandler,charles oliveira,michael chandler,"('charles oliveira', 'michael chandler')",1,0.6957699520733487,1.3773584905660377,historical_import_fallback,1,0,0,zewnetrzne,us,2025-07-27 09:10:07.798897+00:00
http://ufcstats.com/fight-details/00414fc5519233b4,2024-11-16,Mickey Gall,Ramiz Brahimaj,mickey gall,ramiz brahimaj,"('mickey gall', 'ramiz brahimaj')",1,0.6037569709421778,1.5882352941176472,historical_import_fallback,1,0,0,zewnetrzne,us,2025-07-27 09:10:07.798897+00:00
http://ufcstats.com/fight-details/cfd3e62c638fbd1f,2024-11-16,Bo Nickal,Paul Craig,bo nickal,paul craig,"('bo nickal', 'paul craig')",1,0.8933823529411765,1.074074074074074,historical_import_fallback,1,0,0,zewnetrzne,us,2025-07-27 09:10:07.798897+00:00
http://ufcstats.com/fight-details/b35e47f2f58ef026,2024-11-16,Jon Jones,Stipe Miocic,jon jones,stipe miocic,"('jon jones', 'stipe miocic')",1,0.8118668596237336,1.181818181818182,historical_import_fallback,1,0,0,zewnetrzne,us,2025-07-27 09:10:07.798897+00:00
http://ufcstats.com/fight-details/c565e2baa27cc7e5,2024-11-16,David Onama,Roberto Romero,david onama,roberto romero,"('david onama', 'roberto romero')",1,0.898858075040783,1.0689655172413792,historical_import_fallback,1,0,0,zewnetrzne,us,2025-07-27 09:10:07.798897+00:00
http://ufcstats.com/fight-details/55eebc2ee92bf00a,2024-11-16,Mauricio Ruffy,James Llontop,mauricio ruffy,james llontop,"('james llontop', 'mauricio ruffy')",1,0.872093023255814,1.1,historical_import_fallback,1,0,0,zewnetrzne,us,2025-07-27 09:10:07.798897+00:00
http://ufcstats.com/fight-details/64d6d51219e0664c,2024-11-23,Wang Cong,Gabriella Fernandes,wang cong,gabriella fernandes,"('gabriella fernandes', 'wang cong')",1,0.8849315068493151,1.1052631578947367,historical_import_fallback,1,0,0,zewnetrzne,us,2025-07-27 09:10:07.798897+00:00
http://ufcstats.com/fight-details/f5f28a8b472b8012,2024-11-23,Xiao Long,Quang Le,xiao long,quang le,"('quang le', 'xiao long')",1,0.5820772814469718,1.6944444444444444,historical_import_fallback,1,0,0,zewnetrzne,us,2025-07-27 09:10:07.798897+00:00
http://ufcstats.com/fight-details/baee9b2491c986e2,2024-11-23,Shi Ming,Feng Xiaocan,shi ming,feng xiaocan,"('feng xiaocan', 'shi ming')",2,0.7994561522773622,1.2040816326530612,historical_import_fallback,1,0,0,zewnetrzne,us,2025-07-27 09:10:07.798897+00:00
http://ufcstats.com/fight-details/828de4f5585c908c,2024-11-23,Kiru Sahota,DongHun Choi,kiru sahota,donghun choi,"('donghun choi', 'kiru sahota')",2,0.5260865852617197,1.819672131147541,historical_import_fallback,1,0,0,zewnetrzne,us,2025-07-27 09:10:07.798897+00:00
http://ufcstats.com/fight-details/86a2f07e0bf20297,2024-11-23,Maheshate,Nikolas Motta,maheshate,nikolas motta,"('maheshate', 'nikolas motta')",1,0.6805555555555556,1.4081632653061225,historical_import_fallback,1,0,0,zewnetrzne,us,2025-07-27 09:10:07.798897+00:00
http://ufcstats.com/fight-details/9c207acb12c17a67,2024-11-23,Baergeng Jieleyisi,SuYoung You,baergeng jieleyisi,suyoung you,"('baergeng jieleyisi', 'suyoung you')",2,0.6690070210631895,1.434782608695652,historical_import_fallback,1,0,0,zewnetrzne,us,2025-07-27 09:10:07.798897+00:00
http://ufcstats.com/fight-details/56d2c00dfd391fcf,2024-11-23,Zhang Mingyang,Ozzy Diaz,zhang mingyang,ozzy diaz,"('ozzy diaz', 'zhang mingyang')",1,0.6821515892420539,1.4444444444444444,historical_import_fallback,1,0,0,zewnetrzne,us,2025-07-27 09:10:07.798897+00:00
http://ufcstats.com/fight-details/f0c4aff7dd1ec4e9,2024-11-23,Yan Xiaonan,Tabatha Ricci,yan xiaonan,tabatha ricci,"('tabatha ricci', 'yan xiaonan')",1,0.6369041816941222,1.5050505050505052,historical_import_fallback,1,0,0,zewnetrzne,us,2025-07-27 09:10:07.798897+00:00
http://ufcstats.com/fight-details/1569186ee820ea87,2024-12-07,Shavkat Rakhmonov,Ian Machado Garry,shavkat rakhmonov,ian machado garry,"('ian machado garry', 'shavkat rakhmonov')",1,0.7279508556384379,1.4761904761904765,historical_import_fallback,1,0,0,zewnetrzne,us,2025-07-27 09:10:07.798897+00:00
http://ufcstats.com/fight-details/72b12a837290b327,2024-12-07,Clay Guida,Chase Hooper,clay guida,chase hooper,"('chase hooper', 'clay guida')",2,0.88,1.0909090909090908,historical_import_fallback,1,0,0,zewnetrzne,us,2025-07-27 09:10:07.798897+00:00
http://ufcstats.com/fight-details/a5c57b0f49e9f61c,2024-12-07,Michael Chiesa,Max Griffin,michael chiesa,max griffin,"('max griffin', 'michael chiesa')",1,0.5427435387673957,1.7692307692307692,historical_import_fallback,1,0,0,zewnetrzne,us,2025-07-27 09:10:07.798897+00:00
http://ufcstats.com/fight-details/4914f7bd073c6359,2024-12-07,Vicente Luque,Themba Gorimbo,vicente luque,themba gorimbo,"('themba gorimbo', 'vicente luque')",1,0.583618917066484,1.1538461538461535,historical_import_fallback,1,0,0,zewnetrzne,us,2025-07-27 09:10:07.798897+00:00
http://ufcstats.com/fight-details/089388c9f00ce9c6,2024-12-07,Nate Landwehr,Dooho Choi,nate landwehr,dooho choi,"('dooho choi', 'nate landwehr')",1,0.5427435387673957,1.7692307692307692,historical_import_fallback,1,0,0,zewnetrzne,us,2025-07-27 09:10:07.798897+00:00
http://ufcstats.com/fight-details/97caf8fca9d9603b,2024-12-07,Dominick Reyes,Anthony Smith,dominick reyes,anthony smith,"('anthony smith', 'dominick reyes')",1,0.76,1.263157894736842,historical_import_fallback,1,0,0,zewnetrzne,us,2025-07-27 09:10:07.798897+00:00
http://ufcstats.com/fight-details/e61cb905f6152183,2025-03-08,Brunno Ferreira,Armen Petrosyan,brunno ferreira,armen petrosyan,"('armen petrosyan', 'brunno ferreira')",2,0.5621761658031088,1.69,historical_import_fallback,1,0,0,efortuna,pl,2025-07-27 11:15:14.177369+00:00
http://ufcstats.com/fight-details/231968c02cdfe65e,2025-03-08,King Green,Mauricio Ruffy,king green,mauricio ruffy,"('king green', 'mauricio ruffy')",2,0.7880910683012259,1.21,historical_import_fallback,1,0,0,efortuna,pl,2025-07-27 11:15:14.177369+00:00
http://ufcstats.com/fight-details/cab4937435d081d0,2025-03-08,Alex Morono,Carlos Leal,alex morono,carlos leal,"('alex morono', 'carlos leal')",2,0.8458390177353342,1.13,historical_import_fallback,1,0,0,efortuna,pl,2025-07-27 11:15:14.177369+00:00
http://ufcstats.com/fight-details/a2f31cf3a28a7730,2025-03-08,Justin Gaethje,Rafael Fiziev,justin gaethje,rafael fiziev,"('justin gaethje', 'rafael fiziev')",2,0.5161290322580645,1.8,historical_import_fallback,1,0,0,efortuna,pl,2025-07-27 11:15:14.177369+00:00
http://ufcstats.com/fight-details/a8f8245096eaf0cd,2025-03-15,Yuneisy Duben,Carli Judice,yuneisy duben,carli judice,"('carli judice', 'yuneisy duben')",2,0.7495069033530573,1.27,historical_import_fallback,1,0,0,efortuna,pl,2025-07-27 11:15:14.177369+00:00
http://ufcstats.com/fight-details/cb3eb07b7152366e,2025-03-15,Carlos Vera,Josias Musasa,carlos vera,josias musasa,"('carlos vera', 'josias musasa')",2,0.8380681818181819,1.14,historical_import_fallback,1,0,0,efortuna,pl,2025-07-27 11:15:14.177369+00:00
http://ufcstats.com/fight-details/1c62a7444808d97f,2025-03-15,Josiane Nunes,Priscila Cachoeira,josiane nunes,priscila cachoeira,"('josiane nunes', 'priscila cachoeira')",1,0.6222222222222222,1.53,historical_import_fallback,1,0,0,efortuna,pl,2025-07-27 11:15:14.177369+00:00
http://ufcstats.com/fight-details/d8f40b82364b6411,2025-03-15,Alexander Hernandez,Kurt Holobaugh,alexander hernandez,kurt holobaugh,"('alexander hernandez', 'kurt holobaugh')",1,0.6277372262773723,1.53,historical_import_fallback,1,0,0,efortuna,pl,2025-07-27 11:15:14.177369+00:00
http://ufcstats.com/fight-details/67f7163e536d62e2,2025-03-15,Marvin Vettori,Roman Dolidze,marvin vettori,roman dolidze,"('marvin vettori', 'roman dolidze')",1,0.5732647814910026,1.66,historical_import_fallback,1,0,0,efortuna,pl,2025-07-27 11:15:14.177369+00:00
http://ufcstats.com/fight-details/96c6be6b22385967,2025-03-22,Gunnar Nelson,Kevin Holland,gunnar nelson,kevin holland,"('gunnar nelson', 'kevin holland')",1,0.5404699738903395,1.76,historical_import_fallback,1,0,0,efortuna,pl,2025-07-27 11:15:14.177369+00:00
http://ufcstats.com/fight-details/7e3fc760b26b6ae4,2025-03-29,Rafa Garcia,Vinc Pichel,rafa garcia,vinc pichel,"('rafa garcia', 'vinc pichel')",1,0.7948717948717949,1.2,historical_import_fallback,1,0,0,efortuna,pl,2025-07-27 11:15:14.177369+00:00
http://ufcstats.com/fight-details/7efca050bc7be8ac,2025-03-29,Loopy Godinez,Julia Polastri,loopy godinez,julia polastri,"('julia polastri', 'loopy godinez')",1,0.6935123042505593,1.37,historical_import_fallback,1,0,0,efortuna,pl,2025-07-27 11:15:14.177369+00:00
http://ufcstats.com/fight-details/ab4a91a59c01d6b6,2025-03-29,Edgar Chairez,CJ Vergara,edgar chairez,cj vergara,"('cj vergara', 'edgar chairez')",1,0.688487584650113,1.38,historical_import_fallback,1,0,0,efortuna,pl,2025-07-27 11:15:14.177369+00:00
http://ufcstats.com/fight-details/8fc8d66ad0074ab0,2025-03-29,Manuel Torres,Drew Dober,manuel torres,drew dober,"('drew dober', 'manuel torres')",2,0.5090439276485789,1.9,historical_import_fallback,1,0,0,efortuna,pl,2025-07-27 11:15:14.177369+00:00
http://ufcstats.com/fight-details/fd088ce1481315a5,2025-04-05,Loma Lookboonmee,Istela Nunes,loma lookboonmee,istela nunes,"('istela nunes', 'loma lookboonmee')",1,0.8392603129445235,1.13,historical_import_fallback,1,0,0,efortuna,pl,2025-07-27 11:15:14.177369+00:00
http://ufcstats.com/fight-details/d1368ca941c1fefc,2025-04-05,Torrez Finney,Robert Valentin,torrez finney,robert valentin,"('robert valentin', 'torrez finney')",1,0.6926406926406927,1.42,historical_import_fallback,1,0,0,efortuna,pl,2025-07-27 11:15:14.177369+00:00
http://ufcstats.com/fight-details/fc3825dd1b67e39d,2025-04-05,Cortavious Romious,ChangHo Lee,cortavious romious,changho lee,"('changho lee', 'cortavious romious')",2,0.5639097744360902,1.74,historical_import_fallback,1,0,0,efortuna,pl,2025-07-27 11:15:14.177369+00:00
http://ufcstats.com/fight-details/0c80eef2f4570543,2025-04-05,Brad Tavares,Gerald Meerschaert,brad tavares,gerald meerschaert,"('brad tavares', 'gerald meerschaert')",1,0.6659388646288209,1.53,historical_import_fallback,1,0,0,efortuna,pl,2025-07-27 11:15:14.177369+00:00
http://ufcstats.com/fight-details/86a1be10255eea4e,2025-04-05,Josh Emmett,Lerone Murphy,josh emmett,lerone murphy,"('josh emmett', 'lerone murphy')",2,0.7261410788381742,1.32,historical_import_fallback,1,0,0,efortuna,pl,2025-07-27 11:15:14.177369+00:00
http://ufcstats.com/fight-details/11eb27a1ac74d225,2025-04-12,Jim Miller,Chase Hooper,jim miller,chase hooper,"('chase hooper', 'jim miller')",2,0.8519003931847969,1.13,historical_import_fallback,1,0,0,efortuna,pl,2025-07-27 11:15:14.177369+00:00
http://ufcstats.com/fight-details/b2d731415bd367df,2025-04-12,Nikita Krylov,Dominick Reyes,nikita krylov,dominick reyes,"('dominick reyes', 'nikita krylov')",1,0.6308068459657702,1.51,historical_import_fallback,1,0,0,efortuna,pl,2025-07-27 11:15:14.177369+00:00
http://ufcstats.com/fight-details/4bbda6c1f6cf9d4e,2025-04-12,Sedriques Dumas,Michal Oleksiejczuk,sedriques dumas,michal oleksiejczuk,"('michal oleksiejczuk', 'sedriques dumas')",2,0.639225181598063,1.49,historical_import_fallback,1,0,0,efortuna,pl,2025-07-27 11:15:14.177369+00:00
http://ufcstats.com/fight-details/08e7a39eb7482ebf,2025-04-12,Darren Elkins,Julian Erosa,darren elkins,julian erosa,"('darren elkins', 'julian erosa')",2,0.7592592592592593,1.3,historical_import_fallback,1,0,0,efortuna,pl,2025-07-27 11:15:14.177369+00:00
http://ufcstats.com/fight-details/0eccebee160137b1,2025-04-12,Yan Xiaonan,Virna Jandiroba,yan xiaonan,virna jandiroba,"('virna jandiroba', 'yan xiaonan')",2,0.5695876288659795,1.67,historical_import_fallback,1,0,0,efortuna,pl,2025-07-27 11:15:14.177369+00:00
http://ufcstats.com/fight-details/fc43d60cbd6b0e6a,2025-04-12,Dan Ige,Sean Woodson,dan ige,sean woodson,"('dan ige', 'sean woodson')",2,0.5945273631840796,1.63,historical_import_fallback,1,0,0,efortuna,pl,2025-07-27 11:15:14.177369+00:00
http://ufcstats.com/fight-details/b87d6f71d901355b,2025-04-12,Tresean Gore,Marco Tulio,tresean gore,marco tulio,"('marco tulio', 'tresean gore')",2,0.7514450867052023,1.29,historical_import_fallback,1,0,0,efortuna,pl,2025-07-27 11:15:14.177369+00:00
http://ufcstats.com/fight-details/c2c20a04a78d9143,2025-04-26,Malcolm Wellmaker,Cameron Saaiman,malcolm wellmaker,cameron saaiman,"('cameron saaiman', 'malcolm wellmaker')",2,0.5090439276485789,1.9,historical_import_fallback,1,0,0,efortuna,pl,2025-07-27 11:15:14.177369+00:00
http://ufcstats.com/fight-details/4072abf0b0c179f2,2025-04-26,Giga Chikadze,David Onama,giga chikadze,david onama,"('david onama', 'giga chikadze')",2,0.606516290726817,1.57,historical_import_fallback,1,0,0,efortuna,pl,2025-07-27 11:15:14.177369+00:00
http://ufcstats.com/fight-details/23201d09a78d446d,2025-04-26,Timmy Cuamba,Roberto Romero,timmy cuamba,roberto romero,"('roberto romero', 'timmy cuamba')",2,0.5242966751918159,1.86,historical_import_fallback,1,0,0,efortuna,pl,2025-07-27 11:15:14.177369+00:00
http://ufcstats.com/fight-details/9bbd45774fb4a6eb,2025-04-26,Michel Pereira,Abus Magomedov,michel pereira,abus magomedov,"('abus magomedov', 'michel pereira')",1,0.5301837270341208,1.79,historical_import_fallback,1,0,0,efortuna,pl,2025-07-27 11:15:14.177369+00:00
http://ufcstats.com/fight-details/a526a72ade275f46,2025-04-26,Anthony Smith,Zhang Mingyang,anthony smith,zhang mingyang,"('anthony smith', 'zhang mingyang')",2,0.8,1.2,historical_import_fallback,1,0,0,efortuna,pl,2025-07-27 11:15:14.177369+00:00
http://ufcstats.com/fight-details/5ce29056e0cd2df9,2025-05-03,Montel Jackson,Daniel Marcos,montel jackson,daniel marcos,"('daniel marcos', 'montel jackson')",1,0.6352657004830918,1.51,historical_import_fallback,1,0,0,efortuna,pl,2025-07-27 11:15:14.177369+00:00
http://ufcstats.com/fight-details/191ee545160a4e09,2025-05-03,Santiago Ponzinibbio,Daniel Rodriguez,santiago ponzinibbio,daniel rodriguez,"('daniel rodriguez', 'santiago ponzinibbio')",1,0.5132275132275133,1.84,historical_import_fallback,1,0,0,efortuna,pl,2025-07-27 11:15:14.177369+00:00
http://ufcstats.com/fight-details/6ccd10adc968e1f0,2025-05-03,Cameron Smotherman,Serhiy Sidey,cameron smotherman,serhiy sidey,"('cameron smotherman', 'serhiy sidey')",2,0.5633074935400517,1.69,historical_import_fallback,1,0,0,efortuna,pl,2025-07-27 11:15:14.177369+00:00
http://ufcstats.com/fight-details/97b32ff27fd457a8,2025-05-03,Gaston Bolanos,Quang Le,gaston bolanos,quang le,"('gaston bolanos', 'quang le')",1,0.5648854961832062,1.71,historical_import_fallback,1,0,0,efortuna,pl,2025-07-27 11:15:14.177369+00:00
http://ufcstats.com/fight-details/6e26a6293ea6ba62,2025-05-03,Marina Rodriguez,Gillian Robertson,marina rodriguez,gillian robertson,"('gillian robertson', 'marina rodriguez')",2,0.7173447537473233,1.32,historical_import_fallback,1,0,0,efortuna,pl,2025-07-27 11:15:14.177369+00:00
http://ufcstats.com/fight-details/4db2d86ebe8c8abd,2025-05-10,Jessica Andrade,Jasmine Jasudavicius,jessica andrade,jasmine jasudavicius,"('jasmine jasudavicius', 'jessica andrade')",2,0.7203389830508474,1.32,historical_import_fallback,1,0,0,efortuna,pl,2025-07-27 11:15:14.177369+00:00
http://ufcstats.com/fight-details/c7190cd03e53fb61,2025-05-10,Benoit Saint Denis,Kyle Prepolec,benoit saint denis,kyle prepolec,"('benoit saint denis', 'kyle prepolec')",1,0.8726415094339622,1.08,historical_import_fallback,1,0,0,efortuna,pl,2025-07-27 11:15:14.177369+00:00
http://ufcstats.com/fight-details/6ecfa439ef900bcc,2025-05-10,Marc-Andre Barriault,Bruno Silva,marc andre barriault,bruno silva,"('bruno silva', 'marc andre barriault')",1,0.6020151133501259,1.58,historical_import_fallback,1,0,0,efortuna,pl,2025-07-27 11:15:14.177369+00:00
http://ufcstats.com/fight-details/9e9d1764a015f313,2025-05-10,Valentina Shevchenko,Manon Fiorot,valentina shevchenko,manon fiorot,"('manon fiorot', 'valentina shevchenko')",2,0.546875,1.74,historical_import_fallback,1,0,0,efortuna,pl,2025-07-27 11:15:14.177369+00:00
http://ufcstats.com/fight-details/0e0a4282cd6c86d7,2025-05-10,Daniel Santos,JeongYeong Lee,daniel santos,jeongyeong lee,"('daniel santos', 'jeongyeong lee')",2,0.5289473684210526,1.79,historical_import_fallback,1,0,0,efortuna,pl,2025-07-27 11:15:14.177369+00:00
http://ufcstats.com/fight-details/66887532be2de5ee,2025-05-17,Elise Reed,Denise Gomes,elise reed,denise gomes,"('denise gomes', 'elise reed')",2,0.8176100628930817,1.16,historical_import_fallback,1,0,0,efortuna,pl,2025-07-27 11:15:14.177369+00:00
http://ufcstats.com/fight-details/a81ad236a2f221f2,2025-05-17,Gilbert Burns,Michael Morales,gilbert burns,michael morales,"('gilbert burns', 'michael morales')",2,0.8355795148247979,1.22,historical_import_fallback,1,0,0,efortuna,pl,2025-07-27 11:15:14.177369+00:00
http://ufcstats.com/fight-details/a9a6cca4bbf7a5db,2025-05-17,Gabe Green,Matheus Camilo,gabe green,matheus camilo,"('gabe green', 'matheus camilo')",2,0.6650943396226415,1.42,historical_import_fallback,1,0,0,efortuna,pl,2025-07-27 11:15:14.177369+00:00
http://ufcstats.com/fight-details/afdd95ae7b7cdb0c,2025-05-17,Tecia Pennington,Luana Pinheiro,tecia pennington,luana pinheiro,"('luana pinheiro', 'tecia pennington')",1,0.7291666666666667,1.3,historical_import_fallback,1,0,0,efortuna,pl,2025-07-27 11:15:14.177369+00:00
http://ufcstats.com/fight-details/18a7dc86279066f8,2025-05-17,HyunSung Park,Carlos Hernandez,hyunsung park,carlos hernandez,"('carlos hernandez', 'hyunsung park')",1,0.6035353535353536,1.57,historical_import_fallback,1,0,0,efortuna,pl,2025-07-27 11:15:14.177369+00:00
http://ufcstats.com/fight-details/ad68450307a21ab1,2025-05-31,Zachary Reese,Dusko Todorovic,zachary reese,dusko todorovic,"('dusko todorovic', 'zachary reese')",1,0.7,1.35,historical_import_fallback,1,0,0,efortuna,pl,2025-07-27 11:15:14.177369+00:00
http://ufcstats.com/fight-details/106918bfbe24335d,2025-05-31,Ketlen Vieira,Macy Chiasson,ketlen vieira,macy chiasson,"('ketlen vieira', 'macy chiasson')",1,0.5289473684210526,1.79,historical_import_fallback,1,0,0,efortuna,pl,2025-07-27 11:15:14.177369+00:00
http://ufcstats.com/fight-details/e28e829800466aca,2025-06-07,Kelvin Gastelum,Joe Pyfer,kelvin gastelum,joe pyfer,"('joe pyfer', 'kelvin gastelum')",2,0.7291666666666667,1.3,historical_import_fallback,1,0,0,efortuna,pl,2025-07-27 11:15:14.177369+00:00
http://ufcstats.com/fight-details/2129acab2280bd29,2025-06-07,Vicente Luque,Kevin Holland,vicente luque,kevin holland,"('kevin holland', 'vicente luque')",2,0.598984771573604,1.58,historical_import_fallback,1,0,0,efortuna,pl,2025-07-27 11:15:14.177369+00:00
http://ufcstats.com/fight-details/08c04f18b0f58d71,2025-06-14,Mansur Abdul-Malik,Cody Brundage,mansur abdul malik,cody brundage,"('cody brundage', 'mansur abdul malik')",1,0.8043117744610282,1.18,historical_import_fallback,1,0,0,efortuna,pl,2025-07-27 11:15:14.177369+00:00
http://ufcstats.com/fight-details/e861e9cc0118c670,2025-06-14,Michael Chiesa,Court McGee,michael chiesa,court mcgee,"('court mcgee', 'michael chiesa')",1,0.7,1.35,historical_import_fallback,1,0,0,efortuna,pl,2025-07-27 11:15:14.177369+00:00
http://ufcstats.com/fight-details/79dfbbdd14fbbd11,2025-06-14,Rose Namajunas,Miranda Maverick,rose namajunas,miranda maverick,"('miranda maverick', 'rose namajunas')",1,0.6399026763990268,1.48,historical_import_fallback,1,0,0,efortuna,pl,2025-07-27 11:15:14.177369+00:00
http://ufcstats.com/fight-details/fff3218758c513b8,2025-06-21,Daria Zhelezniakova,Melissa Mullins,daria zhelezniakova,melissa mullins,"('daria zhelezniakova', 'melissa mullins')",2,0.511744966442953,2.91,historical_import_fallback,1,0,0,efortuna,pl,2025-07-27 11:15:14.177369+00:00
http://ufcstats.com/fight-details/8e5744c664fec3e9,2025-06-21,Curtis Blaydes,Rizvan Kuniev,curtis blaydes,rizvan kuniev,"('curtis blaydes', 'rizvan kuniev')",1,0.6842105263157895,1.38,historical_import_fallback,1,0,0,efortuna,pl,2025-07-27 11:15:14.177369+00:00
http://ufcstats.com/fight-details/e512b80bbaea36c2,2025-06-21,Seokhyeon Ko,Oban Elliott,seokhyeon ko,oban elliott,"('oban elliott', 'seokhyeon ko')",2,0.7823741007194245,1.21,historical_import_fallback,1,0,0,efortuna,pl,2025-07-27 11:15:14.177369+00:00
http://ufcstats.com/fight-details/03bc32bdb5a33496,2025-06-21,Jamahal Hill,Khalil Rountree Jr.,jamahal hill,khalil rountree,"('jamahal hill', 'khalil rountree')",2,0.5289473684210526,1.79,historical_import_fallback,1,0,0,efortuna,pl,2025-07-27 11:15:14.177369+00:00
http://ufcstats.com/fight-details/5fcf18bcd2a020f1,2025-06-21,Ismail Naurdiev,JunYong Park,ismail naurdiev,junyong park,"('ismail naurdiev', 'junyong park')",2,0.615,1.54,historical_import_fallback,1,0,0,efortuna,pl,2025-07-27 11:15:14.177369+00:00
http://ufcstats.com/fight-details/19764211af05674c,2025-06-21,Muhammad Naimov,Bogdan Grad,muhammad naimov,bogdan grad,"('bogdan grad', 'muhammad naimov')",1,0.7048458149779735,1.34,historical_import_fallback,1,0,0,efortuna,pl,2025-07-27 11:15:14.177369+00:00
http://ufcstats.com/fight-details/1ea9ad3b6e1cba79,2025-06-28,Beneil Dariush,Renato Moicano,beneil dariush,renato moicano,"('beneil dariush', 'renato moicano')",2,0.5798969072164949,1.63,historical_import_fallback,1,0,0,efortuna,pl,2025-07-27 11:15:14.177369+00:00
http://ufcstats.com/fight-details/7a64d63e12618ba7,2025-06-28,Ilia Topuria,Charles Oliveira,ilia topuria,charles oliveira,"('charles oliveira', 'ilia topuria')",1,0.7633587786259542,1.24,historical_import_fallback,1,0,0,efortuna,pl,2025-07-27 11:15:14.177369+00:00
http://ufcstats.com/fight-details/120d66cb0da0f3c3,2025-07-12,Fatima Kline,Melissa Martinez,fatima kline,melissa martinez,"('fatima kline', 'melissa martinez')",1,0.8481532147742817,1.11,historical_import_fallback,1,0,0,efortuna,pl,2025-07-27 11:15:14.177369+00:00
http://ufcstats.com/fight-details/236f811290163dca,2025-07-12,Max Griffin,Chris Curtis,max griffin,chris curtis,"('chris curtis', 'max griffin')",2,0.6900452488687783,1.37,historical_import_fallback,1,0,0,efortuna,pl,2025-07-27 11:15:14.177369+00:00
http://ufcstats.com/fight-details/b19bf99c7eb796bc,2025-07-12,Junior Tafa,Tuco Tokkos,junior tafa,tuco tokkos,"('junior tafa', 'tuco tokkos')",1,0.5907928388746803,1.6,historical_import_fallback,1,0,0,efortuna,pl,2025-07-27 11:15:14.177369+00:00
http://ufcstats.com/fight-details/46bc1338a50cbeac,2025-07-12,Lauren Murphy,Eduarda Moura,lauren murphy,eduarda moura,"('eduarda moura', 'lauren murphy')",2,0.8103727714748785,1.17,historical_import_fallback,1,0,0,efortuna,pl,2025-07-27 11:15:14.177369+00:00
http://ufcstats.com/fight-details/4b75d3b7738cb278,2025-07-12,Vitor Petrino,Austen Lane,vitor petrino,austen lane,"('austen lane', 'vitor petrino')",1,0.7962328767123288,1.19,historical_import_fallback,1,0,0,efortuna,pl,2025-07-27 11:15:14.177369+00:00
http://ufcstats.com/fight-details/8e1feda9141602f1,2025-07-19,Marvin Vettori,Brendan Allen,marvin vettori,brendan allen,"('brendan allen', 'marvin vettori')",2,0.6751740139211136,1.4,historical_import_fallback,1,0,0,efortuna,pl,2025-07-27 11:15:14.177369+00:00
http://ufcstats.com/fight-details/d7507e2741fd4d05,2025-07-19,Max Holloway,Dustin Poirier,max holloway,dustin poirier,"('dustin poirier', 'max holloway')",2,0.5289473684210526,1.79,historical_import_fallback,1,0,0,efortuna,pl,2025-07-27 11:15:14.177369+00:00
http://ufcstats.com/fight-details/878941394f9e3538,2025-08-02,Elves Brenner,Esteban Ribovics,elves brenner,esteban ribovics,"('elves brenner', 'esteban ribovics')",2,0.6953271210230818,1.4,strict_pre_event_snapshot,6,0,0,BetAnySports;BetOnline.ag;BetRivers;BetUS;DraftKings;FanDuel,us,2025-08-01 22:00:11.063177+00:00
http://ufcstats.com/fight-details/45781930d64da456,2025-08-02,Rodolfo Vieira,Tresean Gore,rodolfo vieira,tresean gore,"('rodolfo vieira', 'tresean gore')",1,0.6485849056603774,1.51,strict_pre_event_snapshot,7,0,0,BetAnySports;BetMGM;BetOnline.ag;BetRivers;BetUS;DraftKings;FanDuel,us,2025-08-01 22:00:11.063177+00:00
http://ufcstats.com/fight-details/b3c695728e177fd4,2025-08-02,Andrey Pulyaev,Nick Klein,andrey pulyaev,nick klein,"('andrey pulyaev', 'nick klein')",1,0.586734693877551,1.67,strict_pre_event_snapshot,7,0,0,BetAnySports;BetMGM;BetOnline.ag;BetRivers;BetUS;DraftKings;FanDuel,us,2025-08-01 22:00:11.063177+00:00
http://ufcstats.com/fight-details/ac57250e3de89d5d,2025-08-02,Elizeu Zaleski,Neil Magny,elizeu zaleski,neil magny,"('elizeu zaleski', 'neil magny')",1,0.6225490196078431,1.56,strict_pre_event_snapshot,7,0,0,BetAnySports;BetMGM;BetOnline.ag;BetRivers;BetUS;DraftKings;FanDuel,us,2025-08-01 22:00:11.063177+00:00
http://ufcstats.com/fight-details/c62ed8a6002b5360,2025-08-02,Karol Rosa,Nora Cornolle,karol rosa,nora cornolle,"('karol rosa', 'nora cornolle')",1,0.6310679611650486,1.53,strict_pre_event_snapshot,7,0,0,BetAnySports;BetMGM;BetOnline.ag;BetRivers;BetUS;DraftKings;FanDuel,us,2025-08-01 22:00:11.063177+00:00
http://ufcstats.com/fight-details/07c2af68b6dbc4ec,2025-08-02,Austin Bashi,John Yannis,austin bashi,john yannis,"('austin bashi', 'john yannis')",1,0.8415147265077139,1.14,strict_pre_event_snapshot,7,0,0,BetAnySports;BetMGM;BetOnline.ag;BetRivers;BetUS;DraftKings;FanDuel,us,2025-08-01 22:00:11.063177+00:00
http://ufcstats.com/fight-details/646c79a7ecd12e5f,2025-08-09,Angela Hill,Iasmin Lucindo,angela hill,iasmin lucindo,"('angela hill', 'iasmin lucindo')",2,0.6257753501872885,1.57,strict_pre_event_snapshot,6,0,0,BetAnySports;BetMGM;BetRivers;BetUS;DraftKings;FanDuel,us,2025-08-08 22:00:08.581337+00:00
http://ufcstats.com/fight-details/68fe62bac7fd8bb0,2025-08-09,Anthony Hernandez,Roman Dolidze,anthony hernandez,roman dolidze,"('anthony hernandez', 'roman dolidze')",1,0.7265924888473908,1.33,strict_pre_event_snapshot,6,0,0,BetAnySports;BetMGM;BetRivers;BetUS;DraftKings;FanDuel,us,2025-08-08 22:00:08.581337+00:00
http://ufcstats.com/fight-details/ae7a8f19743e8154,2025-08-09,Elijah Smith,Toshiomi Kazama,elijah smith,toshiomi kazama,"('elijah smith', 'toshiomi kazama')",1,0.8447509266179012,1.13,strict_pre_event_snapshot,6,0,0,BetAnySports;BetMGM;BetRivers;BetUS;DraftKings;FanDuel,us,2025-08-08 22:00:08.581337+00:00
http://ufcstats.com/fight-details/3d6571790c21527c,2025-08-09,Julius Walker,Raffael Cerqueira,julius walker,raffael cerqueira,"('julius walker', 'raffael cerqueira')",1,0.8333333333333334,1.15,strict_pre_event_snapshot,6,0,0,BetAnySports;BetMGM;BetRivers;BetUS;DraftKings;FanDuel,us,2025-08-08 22:00:08.581337+00:00
http://ufcstats.com/fight-details/7d923267c44dd93b,2025-08-09,Gilbert Urbina,Uros Medic,gilbert urbina,uros medic,"('gilbert urbina', 'uros medic')",2,0.7516858193954564,1.29,strict_pre_event_snapshot,6,0,0,BetAnySports;BetMGM;BetRivers;BetUS;DraftKings;FanDuel,us,2025-08-08 22:00:08.581337+00:00
http://ufcstats.com/fight-details/bc63f1b2e52f603e,2025-08-16,Drakkar Klose,Edson Barboza,drakkar klose,edson barboza,"('drakkar klose', 'edson barboza')",2,0.546875,1.77,strict_pre_event_snapshot,5,0,0,BetAnySports;BetMGM;BetRivers;DraftKings;FanDuel,us,2025-08-15 22:00:05.428787+00:00
http://ufcstats.com/fight-details/5efd13a12be06706,2025-08-16,Baysangur Susurkaev,Eric Nolan,baysangur susurkaev,eric nolan,"('baysangur susurkaev', 'eric nolan')",1,0.8638083228247162,1.12,strict_pre_event_snapshot,5,0,0,BetAnySports;BetMGM;BetRivers;DraftKings;FanDuel,us,2025-08-15 22:00:05.428787+00:00
http://ufcstats.com/fight-details/5b880d10b0ed7acc,2025-08-16,Gerald Meerschaert,Michal Oleksiejczuk,gerald meerschaert,michal oleksiejczuk,"('gerald meerschaert', 'michal oleksiejczuk')",2,0.6588235294117647,1.46,strict_pre_event_snapshot,5,0,0,BetAnySports;BetMGM;BetRivers;DraftKings;FanDuel,us,2025-08-15 22:00:05.428787+00:00
http://ufcstats.com/fight-details/88020d22cf905792,2025-08-16,Dione Barbosa,Karine Silva,dione barbosa,karine silva,"('dione barbosa', 'karine silva')",2,0.6501182033096927,1.49,strict_pre_event_snapshot,5,0,0,BetAnySports;BetMGM;BetRivers;DraftKings;FanDuel,us,2025-08-15 22:00:05.428787+00:00
http://ufcstats.com/fight-details/9fa6a029f7f8241c,2025-08-16,Aaron Pico,Lerone Murphy,aaron pico,lerone murphy,"('aaron pico', 'lerone murphy')",1,0.606516290726817,1.6,strict_pre_event_snapshot,5,0,0,BetAnySports;BetMGM;BetRivers;DraftKings;FanDuel,us,2025-08-15 22:00:05.428787+00:00
http://ufcstats.com/fight-details/2eecf0c36192e40c,2025-08-23,Johnny Walker,Zhang Mingyang,johnny walker,zhang mingyang,"('johnny walker', 'zhang mingyang')",2,0.7485246077428892,1.29,strict_pre_event_snapshot,6,0,0,BetAnySports;BetMGM;BetRivers;BetUS;DraftKings;FanDuel,us,2025-08-22 22:00:05.423656+00:00
http://ufcstats.com/fight-details/1452c20d964c0a63,2025-08-23,Kiefer Crosbie,Taiyilake Nueraji,kiefer crosbie,taiyilake nueraji,"('kiefer crosbie', 'taiyilake nueraji')",2,0.7946841519817341,1.22,strict_pre_event_snapshot,6,0,0,BetAnySports;BetMGM;BetRivers;BetUS;DraftKings;FanDuel,us,2025-08-22 22:00:05.423656+00:00
http://ufcstats.com/fight-details/58080e8989927500,2025-08-23,Aljamain Sterling,Brian Ortega,aljamain sterling,brian ortega,"('aljamain sterling', 'brian ortega')",1,0.7855135061017414,1.24,strict_pre_event_snapshot,6,0,0,BetAnySports;BetMGM;BetRivers;BetUS;DraftKings;FanDuel,us,2025-08-22 22:00:05.423656+00:00
http://ufcstats.com/fight-details/5538d15c4eeac3b3,2025-08-23,Sergey Pavlovich,Waldo Cortes-Acosta,sergey pavlovich,waldo cortes acosta,"('sergey pavlovich', 'waldo cortes acosta')",1,0.695364238410596,1.38,strict_pre_event_snapshot,5,0,0,BetAnySports;BetRivers;BetUS;DraftKings;FanDuel,us,2025-08-22 22:00:05.423656+00:00
http://ufcstats.com/fight-details/130e622d4d2aee3e,2025-08-23,Kyle Daukaus,Michel Pereira,kyle daukaus,michel pereira,"('kyle daukaus', 'michel pereira')",2,0.6817668787194747,1.42,strict_pre_event_snapshot,6,0,0,BetAnySports;BetMGM;BetRivers;BetUS;DraftKings;FanDuel,us,2025-08-22 22:00:05.423656+00:00
http://ufcstats.com/fight-details/d56a59a4c79cf515,2025-09-06,Andreas Gustafsson Berg,Rinat Fakhretdinov,andreas gustafsson berg,rinat fakhretdinov,"('andreas gustafsson berg', 'rinat fakhretdinov')",1,0.5476740864736321,1.76,strict_pre_event_snapshot,6,0,0,BetAnySports;BetOnline.ag;BetRivers;BetUS;DraftKings;FanDuel,us,2025-09-05 22:00:09.404168+00:00
http://ufcstats.com/fight-details/5bcd8abf6da01dae,2025-09-06,Caio Borralho,Nassourdine Imavov,caio borralho,nassourdine imavov,"('caio borralho', 'nassourdine imavov')",1,0.5426356589147286,1.77,strict_pre_event_snapshot,7,0,0,BetAnySports;BetMGM;BetOnline.ag;BetRivers;BetUS;DraftKings;FanDuel,us,2025-09-05 22:00:09.404168+00:00
http://ufcstats.com/fight-details/d14fea43712707f0,2025-09-06,Benoit Saint-Denis,Mauricio Ruffy,benoit saint denis,mauricio ruffy,"('benoit saint denis', 'mauricio ruffy')",2,0.5909090909090909,1.68,strict_pre_event_snapshot,7,0,0,BetAnySports;BetMGM;BetOnline.ag;BetRivers;BetUS;DraftKings;FanDuel,us,2025-09-05 22:00:09.404168+00:00
http://ufcstats.com/fight-details/5cd2dd6075fadcce,2025-09-06,Harry Hardwick,Kauê Fernandes,harry hardwick,kau fernandes,"('harry hardwick', 'kau fernandes')",2,0.6234718826405868,1.56,strict_pre_event_snapshot,5,0,0,BetAnySports;BetOnline.ag;BetRivers;DraftKings;FanDuel,us,2025-09-05 22:00:09.404168+00:00
