division,min_height_gap_in,all_n,all_wins,all_win_rate,all_ci_low,all_ci_high,discovery_n,discovery_wins,discovery_win_rate,discovery_ci_low,discovery_ci_high,validation_n,validation_wins,validation_win_rate,validation_ci_low,validation_ci_high
ALL,1,6149,3188,0.5184582859001464,0.5059616546126989,0.530931867885914,3755,1909,0.5083888149134488,0.49239798871746704,0.5243624940865969,2394,1279,0.5342522974101922,0.5142311935405799,0.5541636495549775
ALL,2,3904,2053,0.5258709016393442,0.5101896411947413,0.5415012973530238,2418,1273,0.5264681555004136,0.5065402906118949,0.5463120511762717,1486,780,0.5248990578734859,0.4994766645821111,0.5501930452716076
ALL,3,2250,1205,0.5355555555555556,0.5149045226671887,0.5560853818584888,1404,750,0.5341880341880342,0.5080371481936272,0.5601523413057596,846,455,0.5378250591016549,0.5041331162115064,0.5711750353310872
ALL,4,1163,631,0.5425623387790198,0.513836689097005,0.5710077319452342,741,399,0.5384615384615384,0.5024607749082914,0.5740655630406093,422,232,0.5497630331753555,0.502057783609606,0.5965704387153149
ALL,5,541,284,0.5249537892791127,0.48284510466967573,0.5667105827080868,359,181,0.5041782729805014,0.45268792614600784,0.5555801445493039,182,103,0.5659340659340659,0.4932981586173573,0.6358440786427609
ALL,6,227,118,0.5198237885462555,0.4550423735150886,0.5839453999191626,160,83,0.51875,0.44180083048790497,0.5948199056377189,67,35,0.5223880597014925,0.40484988526831645,0.6374981136475746
Bantamweight,1,573,302,0.5270506108202443,0.48612628681606845,0.5676146361686817,305,150,0.4918032786885246,0.43614808903744906,0.5476623820907927,268,152,0.5671641791044776,0.5073075451084978,0.6251225171042025
Bantamweight,2,356,187,0.5252808988764045,0.47341447593067143,0.5766075337535898,187,85,0.45454545454545453,0.38480853386502845,0.526112355500812,169,102,0.6035502958579881,0.528286410782611,0.6742111361042494
Bantamweight,3,202,104,0.5148514851485149,0.44629778776870244,0.5828508391366463,110,49,0.44545454545454544,0.3559755711590631,0.53861480705066,92,55,0.5978260869565217,0.4956578768521757,0.6921520094602397
Bantamweight,4,89,49,0.550561797752809,0.4472614742822269,0.6496778287888101,55,25,0.45454545454545453,0.33025071746446194,0.5847753865163952,34,24,0.7058823529411765,0.5383077411853625,0.8316554739006805
Bantamweight,5,37,19,0.5135135135135135,0.3589463722598092,0.6655384667278896,23,10,0.43478260869565216,0.25634368332198654,0.6318895069498304,14,9,0.6428571428571429,0.3876400468214042,0.8365550926279727
Bantamweight,6,18,11,0.6111111111111112,0.3861866858065617,0.7969500807306884,13,8,0.6153846153846154,0.35522480972268555,0.8229055341876319,5,3,0.6,0.23071993220883708,0.8823817688407467
Featherweight,1,672,338,0.5029761904761905,0.4652632128299684,0.5406553337643815,367,177,0.4822888283378747,0.4316139769027017,0.5333306247816832,305,161,0.5278688524590164,0.47184326192948645,0.5832011362344914
Featherweight,2,457,237,0.5185995623632386,0.4728248542786303,0.5640641765727513,256,130,0.5078125,0.4469087669627319,0.5684852269166163,201,107,0.5323383084577115,0.46339987921422615,0.6000637922275124
Featherweight,3,284,150,0.528169014084507,0.4701206396773603,0.5854654882485544,160,82,0.5125,0.43566815412418414,0.5887456699595649,124,68,0.5483870967741935,0.4606534174133777,0.6332127419588452
Featherweight,4,146,70,0.4794520547945205,0.3999858090092327,0.5599719063381742,85,39,0.4588235294117647,0.3569695582911919,0.5642385244088045,61,31,0.5081967213114754,0.386024064532302,0.6293981335627482
Featherweight,5,69,33,0.4782608695652174,0.36468525497597737,0.5941294882476751,44,19,0.4318181818181818,0.29682504164854573,0.5777610925944561,25,14,0.56,0.37067017019564436,0.7333462505299744
Featherweight,6,26,12,0.46153846153846156,0.28755582695234905,0.6454236379556988,19,8,0.42105263157894735,0.2314162039203038,0.6372444853483988,7,4,0.5714285714285714,0.2504542304090258,0.8417830777373732
Flyweight,1,296,134,0.4527027027027027,0.3969639322401083,0.5096534283929726,147,51,0.3469387755102041,0.2747745162425409,0.42689929257412507,149,83,0.5570469798657718,0.47684836279164045,0.6343779002152896
Flyweight,2,169,75,0.4437869822485207,0.3709562798586838,0.5191164804027347,87,34,0.39080459770114945,0.2949766847095907,0.49586803841285554,82,41,0.5,0.39422642728441165,0.6057735727155883
Flyweight,3,86,38,0.4418604651162791,0.3416256631747516,0.547067325373983,43,16,0.37209302325581395,0.2437613889377433,0.5214046173472684,43,22,0.5116279069767442,0.36752063766074083,0.6538279072224399
Flyweight,4,39,18,0.46153846153846156,0.3156664723404835,0.6143081317826119,18,8,0.4444444444444444,0.24559231101389126,0.6628393057174837,21,10,0.47619047619047616,0.28343712296762946,0.6763078209973324
Flyweight,5,18,6,0.3333333333333333,0.1627855436366286,0.5625093065574964,10,3,0.3,0.10778928748621183,0.6032267800204347,8,3,0.375,0.13684175946152105,0.6942621454161981
Flyweight,6,6,1,0.16666666666666666,0.03005258587173032,0.563509436563646,4,1,0.25,0.045586062644636216,0.6993639475573634,2,0,0.0,0.0,0.6576280471103807
Heavyweight,1,475,256,0.5389473684210526,0.4939851382731938,0.5832846728710342,313,164,0.5239616613418531,0.46867758433537354,0.5786646838516322,162,92,0.5679012345679012,0.49091786595301856,0.6417388377932066
Heavyweight,2,323,178,0.5510835913312694,0.4965562260811407,0.604410113576969,228,124,0.543859649122807,0.4790147520651148,0.6072510432019987,95,54,0.5684210526315789,0.46808026950252796,0.6634432995210411
Heavyweight,3,212,118,0.5566037735849056,0.4893124749734605,0.6218801774160696,152,83,0.5460526315789473,0.46674019289559576,0.6230946137285661,60,35,0.5833333333333334,0.45727854313239624,0.6993591351212818
Heavyweight,4,134,76,0.5671641791044776,0.4825566078616206,0.6480280632391211,98,55,0.5612244897959183,0.46250823376575,0.6553218081817449,36,21,0.5833333333333334,0.4219996966427768,0.7285966649491271
Heavyweight,5,82,45,0.5487804878048781,0.44130583571145193,0.6518890721187844,62,33,0.532258064516129,0.40983817375848014,0.650913691323778,20,12,0.6,0.3865779423152061,0.7811960325858074
Heavyweight,6,46,24,0.5217391304347826,0.38137172148151327,0.6587554012432788,36,19,0.5277777777777778,0.3700567162693947,0.6801420709279067,10,5,0.5,0.23658959361548731,0.7634104063845126
Light Heavyweight,1,511,274,0.5362035225048923,0.4928553011419573,0.5790114633153048,350,200,0.5714285714285714,0.5190835358894706,0.6222226304855399,161,74,0.45962732919254656,0.3844820789110116,0.5366543332567907
Light Heavyweight,2,318,179,0.5628930817610063,0.5079443478953943,0.616340393418345,219,129,0.589041095890411,0.5228882531903105,0.6521239527891836,99,50,0.5050505050505051,0.4082299868548984,0.6014937047251627
Light Heavyweight,3,161,92,0.5714285714285714,0.49419895003231296,0.6453289361323444,111,67,0.6036036036036037,0.5106070530904347,0.689668805135156,50,25,0.5,0.36644286412332855,0.6335571358766714
Light Heavyweight,4,78,52,0.6666666666666666,0.5564120187982788,0.7612748299436811,55,37,0.6727272727272727,0.5410297617609947,0.7818710431117484,23,15,0.6521739130434783,0.4488997690689164,0.8118894536301776
Light Heavyweight,5,29,17,0.5862068965517241,0.40737528478515245,0.7448706472035449,21,13,0.6190476190476191,0.40878295815501514,0.7924923220201749,8,4,0.5,0.21521252682444186,0.7847874731755582
Light Heavyweight,6,8,5,0.625,0.30573785458380187,0.863158240538479,6,4,0.6666666666666666,0.29998832134152864,0.9032306674407831,2,1,0.5,0.09452865480086614,0.9054713451991339
Lightweight,1,1085,546,0.5032258064516129,0.4735159115136647,0.5329129391107053,749,360,0.48064085447263016,0.44504934317076406,0.5164299374640999,336,186,0.5535714285714286,0.5001080467118834,0.6058236579411079
Lightweight,2,713,361,0.5063113604488079,0.46967762393068435,0.5428774509980028,498,248,0.4979919678714859,0.45426124650048055,0.5417534322348017,215,113,0.5255813953488372,0.4589713451038538,0.591293321211874
Lightweight,3,403,202,0.5012406947890818,0.4526428756442146,0.5498150834238844,285,141,0.49473684210526314,0.4371471310364763,0.5524665534189483,118,61,0.5169491525423728,0.4276814843920897,0.60514802539767
Lightweight,4,196,94,0.47959183673469385,0.4107168841439905,0.5492514107455619,140,64,0.45714285714285713,0.37686850182753767,0.5397063972280903,56,30,0.5357142857142857,0.4070395665724008,0.6598035659641625
Lightweight,5,94,47,0.5,0.4009249494369979,0.599075050563002,62,30,0.4838709677419355,0.36409654206505293,0.605527525393818,32,17,0.53125,0.3644923793257382,0.6913087009831766
Lightweight,6,44,24,0.5454545454545454,0.4006593217065349,0.6829499221314639,26,16,0.6153846153846154,0.42534520039420076,0.7757164048816557,18,8,0.4444444444444444,0.24559231101389126,0.6628393057174837
Middleweight,1,799,418,0.523153942428035,0.4884932169093636,0.5575930845478603,508,265,0.5216535433070866,0.47821436681533575,0.5647676807556316,291,153,0.5257731958762887,0.4684391404318102,0.5824356343625201
Middleweight,2,491,255,0.5193482688391039,0.47517602929003777,0.5632200958538467,308,164,0.5324675324675324,0.47668757838415454,0.587447546628031,183,91,0.4972677595628415,0.4256299158835342,0.5690179569670515
Middleweight,3,259,142,0.5482625482625483,0.48738768722246245,0.6077266325807955,157,90,0.5732484076433121,0.49503974176690624,0.6479580896398939,102,52,0.5098039215686274,0.4142085151226479,0.6046876466889649
Middleweight,4,142,79,0.5563380281690141,0.4742077463729324,0.635500320461222,84,49,0.5833333333333334,0.4765244867612664,0.6828533023500432,58,30,0.5172413793103449,0.39162043429213433,0.640720255470097
Middleweight,5,70,38,0.5428571428571428,0.4269805339664774,0.6542744767591839,43,21,0.4883720930232558,0.34617209277756,0.6324793623392592,27,17,0.6296296296296297,0.442289046234463,0.7846771293206314
Middleweight,6,24,13,0.5416666666666666,0.35074553553106635,0.7210894164831857,16,8,0.5,0.2799923761135083,0.7200076238864916,8,5,0.625,0.30573785458380187,0.863158240538479
Welterweight,1,1055,574,0.5440758293838862,0.5139158126206688,0.5739160217160252,753,398,0.5285524568393094,0.49284293040893473,0.5639721283827595,302,176,0.5827814569536424,0.5264678607888459,0.637015458681102
Welterweight,2,662,376,0.56797583081571,0.529955467035078,0.6052118159943994,458,261,0.5698689956331878,0.5241299596890734,0.6144456904905553,204,115,0.5637254901960784,0.49511504079163554,0.6299802240639083
Welterweight,3,395,235,0.5949367088607594,0.5458351782307027,0.6422093988645652,270,159,0.5888888888888889,0.5293508347309124,0.6459329789774504,125,76,0.608,0.5204192596692241,0.6891403856627183
Welterweight,4,205,121,0.5902439024390244,0.5218631992276137,0.6553045681137588,140,83,0.5928571428571429,0.5100487545242445,0.6707056308552286,65,38,0.5846153846153846,0.4633876602091337,0.696399445261977
Welterweight,5,81,45,0.5555555555555556,0.44727379297278025,0.6588062432358722,65,37,0.5692307692307692,0.44832757984982086,0.6824073246265422,16,8,0.5,0.2799923761135083,0.7200076238864916
Welterweight,6,32,17,0.53125,0.3644923793257382,0.6913087009831766,27,14,0.5185185185185185,0.3398532458621043,0.6925704935029092,5,3,0.6,0.23071993220883708,0.8823817688407467
Women's Bantamweight,1,165,94,0.5696969696969697,0.49341069856310726,0.6428116542219884,83,52,0.6265060240963856,0.5190148638142846,0.722804724954232,82,42,0.5121951219512195,0.40590584856555767,0.6173928783920014
Women's Bantamweight,2,99,58,0.5858585858585859,0.48739617763471826,0.6779065792263185,56,35,0.625,0.494051260344893,0.7398997035330781,43,23,0.5348837209302325,0.38915389728872773,0.6748917373608144
Women's Bantamweight,3,61,36,0.5901639344262295,0.46499566253828867,0.7046485165072622,37,23,0.6216216216216216,0.4610014255281996,0.7593621253610898,24,13,0.5416666666666666,0.35074553553106635,0.7210894164831857
Women's Bantamweight,4,35,25,0.7142857142857143,0.5494475193017891,0.8367363660170444,22,15,0.6818181818181818,0.47318222782839336,0.8363961264530752,13,10,0.7692307692307693,0.49743126004873084,0.918206209075343
Women's Bantamweight,5,23,15,0.6521739130434783,0.4488997690689164,0.8118894536301776,14,9,0.6428571428571429,0.3876400468214042,0.8365550926279727,9,6,0.6666666666666666,0.35419734749908977,0.879418401317257
Women's Bantamweight,6,11,5,0.45454545454545453,0.21270957543988045,0.7199122443100118,7,3,0.42857142857142855,0.15821692226262685,0.7495457695909742,4,2,0.5,0.15003570882017148,0.8499642911798285
Women's Featherweight,1,21,10,0.47619047619047616,0.28343712296762946,0.6763078209973324,5,3,0.6,0.23071993220883708,0.8823817688407467,16,7,0.4375,0.2309836333518552,0.6682180439322347
Women's Featherweight,2,14,6,0.42857142857142855,0.21380509930400526,0.6740973309713064,5,3,0.6,0.23071993220883708,0.8823817688407467,9,3,0.3333333333333333,0.12058159868274293,0.6458026525009102
Women's Featherweight,3,11,4,0.36363636363636365,0.15166223614131383,0.6462032231083628,4,2,0.5,0.15003570882017148,0.8499642911798285,7,2,0.2857142857142857,0.0822171657090155,0.6410709098517873
Women's Featherweight,4,10,4,0.4,0.16817758120350967,0.6873304525498135,4,2,0.5,0.15003570882017148,0.8499642911798285,6,2,0.3333333333333333,0.09676933255921683,0.7000116786584712
Women's Featherweight,5,5,2,0.4,0.1176182311592533,0.769280067791163,2,1,0.5,0.09452865480086614,0.9054713451991339,3,1,0.3333333333333333,0.0614903152761605,0.7923450448735121
Women's Featherweight,6,3,1,0.3333333333333333,0.0614903152761605,0.7923450448735121,2,1,0.5,0.09452865480086614,0.9054713451991339,1,0,0.0,0.0,0.7934567085261071
Women's Flyweight,1,211,99,0.46919431279620855,0.403009819006349,0.5364804845475251,53,27,0.5094339622641509,0.3788330425329779,0.6387597064396054,158,72,0.45569620253164556,0.38000988802272073,0.5334857768743144
Women's Flyweight,2,121,58,0.4793388429752066,0.3923377779775271,0.5676114697091413,29,17,0.5862068965517241,0.40737528478515245,0.7448706472035449,92,41,0.44565217391304346,0.34829640062529765,0.5473647736455826
Women's Flyweight,3,62,33,0.532258064516129,0.40983817375848014,0.650913691323778,16,10,0.625,0.3864064709793481,0.815190174452472,46,23,0.5,0.3611870167007236,0.6388129832992764
Women's Flyweight,4,22,13,0.5909090909090909,0.38734477382893806,0.7674444033117963,3,2,0.6666666666666666,0.2076549551264879,0.9385096847238394,19,11,0.5789473684210527,0.36275551465160105,0.7685837960796962
Women's Flyweight,5,13,10,0.7692307692307693,0.49743126004873084,0.918206209075343,2,1,0.5,0.09452865480086614,0.9054713451991339,11,9,0.8181818181818182,0.5230138624217553,0.9486333993289995
Women's Flyweight,6,4,3,0.75,0.3006360524426366,0.9544139373553637,0,0,,,,4,3,0.75,0.3006360524426366,0.9544139373553637
Women's Strawweight,1,286,143,0.5,0.44243669560335397,0.557563304396646,122,62,0.5081967213114754,0.42059761056042066,0.5952953850785413,164,81,0.49390243902439024,0.41840318712886326,0.5696808158835007
Women's Strawweight,2,181,83,0.4585635359116022,0.38758561076327347,0.5312638257272134,87,43,0.4942528735632184,0.39168097748132213,0.5973108500514384,94,40,0.425531914893617,0.3304421206916812,0.5264694588409511
Women's Strawweight,3,114,51,0.4473684210526316,0.3592924168805951,0.5388759718717641,59,28,0.4745762711864407,0.35265669027401325,0.5996042324268729,55,23,0.41818181818181815,0.29737567047718927,0.5496713166883535
Women's Strawweight,4,67,30,0.44776119402985076,0.33476201784797566,0.5664259846816114,37,20,0.5405405405405406,0.38383779524767364,0.6896167217154228,30,10,0.3333333333333333,0.19230295526846194,0.5122027418616973
Women's Strawweight,5,20,7,0.35,0.18118954786794464,0.5671494897805354,11,4,0.36363636363636365,0.15166223614131383,0.6462032231083628,9,3,0.3333333333333333,0.12058159868274293,0.6458026525009102
Women's Strawweight,6,5,2,0.4,0.1176182311592533,0.769280067791163,4,1,0.25,0.045586062644636216,0.6993639475573634,1,1,1.0,0.20654329147389294,1.0
