game_id,season,game_type,week,gameday,weekday,gametime,away_team,away_score,home_team,home_score,location,result,total,overtime,old_game_id,gsis,nfl_detail_id,pfr,pff,espn,ftn,away_rest,home_rest,away_moneyline,home_moneyline,spread_line,away_spread_odds,home_spread_odds,total_line,under_odds,over_odds,div_game,roof,surface,temp,wind,away_qb_id,home_qb_id,away_qb_name,home_qb_name,away_coach,home_coach,referee,stadium_id,stadium,week_num
2026_02_DET_BUF,2026,REG,2,2026-09-17,Thursday,20:15,DET,,BUF,,Home,,,,2026091700,,,202609170buf,,401872932,7035,4,4,170.0,-205.0,4.5,-112.0,-108.0,53.5,-105.0,-115.0,0,outdoors,a_turf,,,00-0033106,00-0034857,Jared Goff,Josh Allen,Dan Campbell,Sean McDermott,,BUF00,Highmark Stadium,2
2026_02_CAR_ATL,2026,REG,2,2026-09-20,Sunday,13:00,CAR,,ATL,,Home,,,,2026092000,,,202609200atl,,401872933,7036,7,7,-125.0,105.0,-1.5,-108.0,-112.0,43.5,-102.0,-118.0,1,,fieldturf,,,00-0039150,00-0036212,Bryce Young,Tua Tagovailoa,Dave Canales,Raheem Morris,,ATL97,Mercedes-Benz Stadium,2
2026_02_NO_BAL,2026,REG,2,2026-09-20,Sunday,13:00,NO,,BAL,,Home,,,,2026092001,,,202609200rav,,401872938,7037,7,7,285.0,-360.0,8.5,-110.0,-110.0,46.5,-102.0,-118.0,0,outdoors,grass,,,00-0040743,00-0034796,Tyler Shough,Lamar Jackson,Kellen Moore,Jesse Minter,,BAL00,M&T Bank Stadium,2
2026_02_MIN_CHI,2026,REG,2,2026-09-20,Sunday,13:00,MIN,,CHI,,Home,,,,2026092002,,,202609200chi,,401872937,7038,7,7,190.0,-230.0,5.5,-110.0,-110.0,49.5,-118.0,-102.0,1,outdoors,grass,,,00-0035228,00-0039918,Kyler Murray,Caleb Williams,Kevin O'Connell,Ben Johnson,,CHI98,Soldier Field,2
2026_02_CIN_HOU,2026,REG,2,2026-09-20,Sunday,13:00,CIN,,HOU,,Home,,,,2026092003,,,202609200htx,,401872934,7039,7,7,124.0,-148.0,3.0,-115.0,-105.0,46.5,-112.0,-108.0,0,,astroturf,,,00-0036442,00-0039163,Joe Burrow,C.J. Stroud,Zac Taylor,DeMeco Ryans,,HOU00,Reliant Stadium,2
2026_02_PIT_NE,2026,REG,2,2026-09-20,Sunday,13:00,PIT,,NE,,Home,,,,2026092004,,,202609200nwe,,401872946,7040,7,11,195.0,-238.0,5.5,-110.0,-110.0,41.5,-105.0,-115.0,0,outdoors,fieldturf,,,00-0023459,00-0039851,Aaron Rodgers,Drake Maye,Mike McCarthy,Mike Vrabel,,BOS00,Gillette Stadium,2
2026_02_GB_NYJ,2026,REG,2,2026-09-20,Sunday,13:00,GB,,NYJ,,Home,,,,2026092005,,,202609200nyj,,401872936,7041,7,7,-205.0,170.0,-4.5,-102.0,-118.0,44.5,-108.0,-112.0,0,outdoors,fieldturf,,,00-0036264,00-0030565,Jordan Love,Geno Smith,Matt LaFleur,Aaron Glenn,,NYC01,MetLife Stadium,2
2026_02_CLE_TB,2026,REG,2,2026-09-20,Sunday,13:00,CLE,,TB,,Home,,,,2026092006,,,202609200tam,,401872935,7042,7,7,295.0,-375.0,8.5,-110.0,-110.0,40.5,-105.0,-115.0,0,outdoors,grass,,,00-0033537,00-0034855,Deshaun Watson,Baker Mayfield,Todd Monken,Todd Bowles,,TAM00,Raymond James Stadium,2
2026_02_PHI_TEN,2026,REG,2,2026-09-20,Sunday,13:00,PHI,,TEN,,Home,,,,2026092007,,,202609200oti,,401872939,7043,7,7,-310.0,250.0,-7.0,-110.0,-110.0,39.5,-110.0,-110.0,0,outdoors,grass,,,00-0036389,00-0040676,Jalen Hurts,Cam Ward,Nick Sirianni,Robert Saleh,,NAS00,Nissan Stadium,2
2026_02_JAX_DEN,2026,REG,2,2026-09-20,Sunday,16:05,JAX,,DEN,,Home,,,,2026092008,,,202609200den,,401872940,7044,7,6,114.0,-135.0,2.5,-110.0,-110.0,44.5,-118.0,-102.0,0,outdoors,grass,,,00-0036971,00-0039732,Trevor Lawrence,Bo Nix,Liam Coen,Sean Payton,,DEN00,Empower Field at Mile High,2
2026_02_LV_LAC,2026,REG,2,2026-09-20,Sunday,16:05,LV,,LAC,,Home,,,,2026092009,,,202609200sdg,,401872941,7045,7,7,240.0,-298.0,7.0,-115.0,-105.0,43.5,-110.0,-110.0,1,dome,matrixturf,,,00-0029604,00-0036355,Kirk Cousins,Justin Herbert,Klint Kubliak,Jim Harbaugh,,LAX01,SoFi Stadium,2
2026_02_SEA_ARI,2026,REG,2,2026-09-20,Sunday,16:25,SEA,,ARI,,Home,,,,2026092010,,,202609200crd,,401872943,7046,11,7,-225.0,185.0,-4.5,-105.0,-115.0,41.5,-110.0,-110.0,1,,grass,,,00-0035704,00-0033119,Drew Lock,Jacoby Brissett,Mike Macdonald,Jonathan Gannon,,PHO00,State Farm Stadium,2
2026_02_WAS_DAL,2026,REG,2,2026-09-20,Sunday,16:25,WAS,,DAL,,Home,,,,2026092011,,,202609200dal,,401872944,7047,7,7,180.0,-218.0,3.5,-108.0,-112.0,50.5,-112.0,-108.0,1,,matrixturf,,,00-0039910,00-0033077,Jayden Daniels,Dak Prescott,Dan Quinn,Brian Schottenheimer,,DAL00,AT&T Stadium,2
2026_02_MIA_SF,2026,REG,2,2026-09-20,Sunday,16:25,MIA,,SF,,Home,,,,2026092012,,,202609200sfo,,401872942,7048,7,10,650.0,-1000.0,13.5,-115.0,-105.0,45.5,-112.0,-108.0,0,outdoors,grass,,,00-0038128,00-0037834,Malik Willis,Brock Purdy,Jeff Hafley,Kyle Shanahan,,SFO01,Levi's Stadium,2
2026_02_IND_KC,2026,REG,2,2026-09-20,Sunday,20:20,IND,,KC,,Home,,,,2026092013,,,202609200kan,,401872945,7049,7,6,250.0,-310.0,6.5,100.0,-120.0,47.5,-110.0,-110.0,0,outdoors,grass,,,00-0035710,00-0033873,Daniel Jones,Patrick Mahomes,Shane Steichen,Andy Reid,,KAN00,GEHA Field at Arrowhead Stadium,2
2026_02_NYG_LA,2026,REG,2,2026-09-21,Monday,20:15,NYG,,LA,,Home,,,,2026092100,,,202609210ram,,401872947,7050,8,11,275.0,-345.0,7.0,-105.0,-115.0,48.5,-112.0,-108.0,0,dome,matrixturf,,,00-0040691,00-0026498,Jaxson Dart,Matthew Stafford,John Harbaugh,Sean McVay,,LAX01,SoFi Stadium,2
