method_id,family,feature,op,threshold,confirmed,base_n,base_win_pct,base_roi,train_risk_n,train_risk_win_pct,train_risk_roi,train_safe_roi,train_loss_lift,validation_risk_n,validation_risk_win_pct,validation_risk_roi,validation_safe_roi,validation_loss_lift,holdout_risk_n,holdout_risk_win_pct,holdout_risk_roi,holdout_safe_roi,holdout_loss_lift,retained_share,veto_score,preholdout_risk_n,strict,ultra_strict
CO001,CONTEXT,travel_miles,>=,953.1368323547238,True,93,0.3655913978494624,0.3691397849462365,14,0.2142857142857142,-0.3185714285714285,0.8271428571428573,0.1071428571428571,13,0.2307692307692307,-0.1623076923076923,0.6916666666666668,0.1476091476091475,9,0.1111111111111111,-0.5211111111111111,0.9163157894736842,0.2817460317460316,0.6785714285714286,10.896779179130622,27,True,True
CO043,COACH,opp_coachq_hc_prior_quality,<=,0.5021367521367521,True,94,0.3723404255319149,0.3567021276595744,14,0.2142857142857142,-0.3628571428571429,0.7861538461538462,0.1190476190476189,11,0.1818181818181818,-0.3845454545454546,0.8403333333333334,0.2328159645232814,9,0.2222222222222222,-0.1077777777777778,0.4929411764705882,0.1239316239316239,0.6538461538461539,10.325555288127251,25,True,True
CO043,COACH,opp_coachq_hc_prior_win_pct,<=,0.5021367521367521,True,94,0.3723404255319149,0.3567021276595744,14,0.2142857142857142,-0.3628571428571429,0.7861538461538462,0.1190476190476189,11,0.1818181818181818,-0.3845454545454546,0.8403333333333334,0.2328159645232814,9,0.2222222222222222,-0.1077777777777778,0.4929411764705882,0.1239316239316239,0.6538461538461539,10.325555288127251,25,True,True
CO018,CONTEXT,recent_edge_off_epa,>=,8.838128863381744,True,132,0.696969696969697,0.1623253848266632,16,0.5625,-0.071124005486986,0.2816212584066915,0.1263888888888888,9,0.5555555555555556,-0.042589802616781,0.2344131912693915,0.1444444444444443,13,0.3846153846153846,-0.387163169274572,0.369045261349606,0.3175122749590835,0.723404255319149,10.59657257701394,25,True,True
CO017,CONTEXT,rank_edge_passing_cpoe,<=,-10.2,True,146,0.4726027397260274,0.1830821917808219,8,0.25,-0.32,0.2593749999999999,0.1999999999999999,14,0.3571428571428571,-0.0714285714285714,0.2719512195121951,0.1155844155844154,11,0.3636363636363636,-0.14,0.3095,0.1265597147950089,0.7843137254901961,10.331408895563207,22,True,True
CO001,CONTEXT,adv_travel_miles,<=,-953.1368323547238,True,93,0.3655913978494624,0.3691397849462365,14,0.2142857142857142,-0.3185714285714285,0.8271428571428573,0.1071428571428571,12,0.25,-0.0924999999999999,0.6240000000000001,0.1283783783783784,7,0.0,-1.0,0.939047619047619,0.3928571428571428,0.75,11.037764976958524,26,True,False
CO005,COACH,opp_coachq_oc_prior_quality,<=,0.524609375,True,158,0.5063291139240507,0.2689873417721519,18,0.3888888888888889,-0.0227777777777777,0.280377358490566,0.0899843505477309,10,0.4,0.011,0.2624390243902439,0.0901960784313725,8,0.375,-0.0724999999999999,0.6342857142857142,0.2083333333333333,0.7777777777777778,10.651409483624674,28,True,False
CO061,COACH,coachq_prev_hc_recent_quality,>=,0.7615384615384617,True,97,0.3711340206185567,0.3075257731958762,10,0.2,-0.384,0.849,0.2,9,0.2222222222222222,-0.1411111111111111,0.3603125,0.1436314363143631,6,0.0,-1.0,0.6214999999999999,0.3461538461538461,0.7692307692307693,10.737051149881047,19,True,False
CO061,COACH,coachq_prev_hc_recent_quality,>=,0.7692307692307693,True,97,0.3711340206185567,0.3075257731958762,10,0.2,-0.384,0.849,0.2,9,0.2222222222222222,-0.1411111111111111,0.3603125,0.1436314363143631,6,0.0,-1.0,0.6214999999999999,0.3461538461538461,0.7692307692307693,10.737051149881047,19,True,False
CO005,CONTEXT,recent_edge_third_down_success,>=,0.0750997368644427,True,158,0.5063291139240507,0.2689873417721519,15,0.2666666666666666,-0.346,0.3507142857142857,0.2122065727699531,8,0.375,-0.1387499999999999,0.2786046511627907,0.1151960784313725,6,0.3333333333333333,-0.1516666666666667,0.603,0.2500000000000001,0.8333333333333334,10.667345991561184,23,True,False
CO043,CONTEXT,recent_edge_yards_per_play,>=,-0.1757888339600404,True,94,0.3723404255319149,0.3567021276595744,14,0.2142857142857142,-0.1271428571428572,0.5323076923076923,0.1190476190476189,19,0.3157894736842105,0.0205263157894736,0.9359090909090908,0.0988446726572528,7,0.1428571428571428,-0.5714285714285714,0.6005263157894737,0.2032967032967033,0.7307692307692307,10.520197814503526,33,True,False
CO043,CONTEXT,recent_edge_def_allowed_early_down_epa,<=,-0.0973635786440692,True,94,0.3723404255319149,0.3567021276595744,10,0.0,-1.0,0.8905882352941176,0.3333333333333332,9,0.2222222222222222,-0.3411111111111111,0.7515625,0.1924119241192411,7,0.1428571428571428,-0.4671428571428571,0.5621052631578948,0.2032967032967033,0.7307692307692307,10.481776761871949,19,True,False
CO061,CONTEXT,rank_edge_rush_epa_per_carry,>=,5.700000000000003,True,97,0.3711340206185567,0.3075257731958762,11,0.1818181818181818,-0.3581818181818182,0.8989473684210527,0.2181818181818181,13,0.2307692307692307,-0.0907692307692308,0.4085714285714285,0.1350844277673545,7,0.1428571428571428,-0.4342857142857143,0.498421052631579,0.2032967032967033,0.7307692307692307,10.467268905809329,24,True,False
CO061,CONTEXT,recent_edge_def_allowed_explosive_rate,<=,-0.0337304613716708,True,97,0.3711340206185567,0.3075257731958762,11,0.1818181818181818,-0.3054545454545454,0.868421052631579,0.2181818181818181,11,0.2727272727272727,-0.1027272727272727,0.3796666666666666,0.0931263858093126,6,0.1666666666666666,-0.4599999999999999,0.4595000000000001,0.1794871794871795,0.7692307692307693,10.40838448321438,22,True,False
CO009,COACH,opp_coachq_dc_quality_delta_vs_departed,>=,0.1135416666666666,True,265,0.3471698113207547,0.2880377358490565,9,0.1111111111111111,-0.6611111111111111,0.3008064516129032,0.1987480438184663,11,0.2727272727272727,-0.0445454545454545,0.3481720430107526,0.0830419580419581,8,0.25,-0.0325,0.3902439024390244,0.1166666666666667,0.9111111111111112,10.309983944367746,20,True,False
CO018,CONTEXT,recent_edge_off_epa_per_play,>=,0.1256305872646883,True,132,0.696969696969697,0.1623253848266632,16,0.5625,-0.071124005486986,0.2816212584066915,0.1263888888888888,10,0.6,0.0175350994326065,0.2236049903824681,0.0999999999999999,15,0.4666666666666667,-0.2463462579509747,0.3503003610806809,0.2354609929078014,0.6808510638297872,10.491521075544798,26,True,False
CO017,CONTEXT,recent_edge_passing_cpoe,<=,-7.419948902969396,True,146,0.4726027397260274,0.1830821917808219,8,0.0,-1.0,0.4293749999999999,0.4499999999999999,10,0.3,-0.255,0.2822222222222222,0.1727272727272726,9,0.3333333333333333,-0.1922222222222222,0.2992857142857142,0.1568627450980393,0.8235294117647058,10.355419208779402,18,True,False
CO018,CONTEXT,rank_edge_sack_or_hit_rate,>=,9.6,True,132,0.696969696969697,0.1623253848266632,16,0.5,-0.1676370765523612,0.3348698493393122,0.1888888888888888,12,0.5833333333333334,-0.0191278203433571,0.2540369482114427,0.1166666666666665,12,0.5,-0.1562450729117395,0.268267387435944,0.2021276595744681,0.7446808510638298,10.382537747290131,28,True,False
