candidate_id,source,source_status,track,price_band,venue,feature1,op1,threshold1,feature2,op2,threshold2,feature3,op3,threshold3,train_n,train_roi,validation_n,validation_roi,holdout_n,holdout_roi,full_n,full_roi,positive_season_ratio,live_p_lo,live_p_hi,live_odds_range,price_decision,rule_reproducible,top_team_share,top3_team_share,top_team,robust_score,duplicate_of,max_jaccard_overlap,hard_veto_source,hard_veto_feature,hard_veto_op,hard_veto_threshold,deployment_status,deployment_reason
NFL-NW003,NEXT_WAVE,RESEARCH_SURVIVOR,LONG,DOG20_34,AWAY,recent_edge_sack_or_hit_rate,>=,0.0053062448112699,rank_edge_kick_return_average,<=,-9.0,rank_edge_penalty_yards,>=,-5.5,28,0.7046428571428572,30,0.9706666666666668,18,0.7072222222222222,76,0.8102631578947369,0.8666666666666667,0.2,0.3499,PENDING_AUDIT,PENDING_AUDIT,True,0.09210526315789473,0.2631578947368421,CAR,0.8209965302832104,,0.0,,,,,WATCHLIST,NEEDS_FINAL_PRICE_OR_ADDITIONAL_DEPLOYMENT_AUDIT
NFL-NW012,NEXT_WAVE,RESEARCH_SURVIVOR,LONG,DOG35_49,ANY,adv_prior_road_miles_last4,>=,1044.6112121956917,rank_edge_def_allowed_giveaway_rate,<=,-10.0,rank_edge_punt_return_average,>=,-5.300000000000011,25,0.5348,32,0.554375,24,0.53,81,0.5411111111111112,0.7333333333333333,0.35,0.4999,PENDING_AUDIT,PENDING_AUDIT,True,0.08641975308641975,0.24691358024691357,GB,0.6363787921386329,,0.0,,,,,WATCHLIST,NEEDS_FINAL_PRICE_OR_ADDITIONAL_DEPLOYMENT_AUDIT
NFL-NW008,NEXT_WAVE,RESEARCH_SURVIVOR,LONG,DOG35_44,AWAY,recent_edge_def_allowed_early_down_epa,<=,-0.0940072839275117,adv_prior_road_miles_last4,>=,801.0648497063887,recent_edge_sack_or_hit_rate,>=,-0.0631559729586045,34,0.5555882352941177,20,0.503,20,0.5854999999999999,74,0.5494594594594595,0.6666666666666666,0.35,0.4499,PENDING_AUDIT,PENDING_AUDIT,True,0.08108108108108109,0.21621621621621623,CIN,0.6030641263266078,,0.10714285714285714,,,,,WATCHLIST,NEEDS_FINAL_PRICE_OR_ADDITIONAL_DEPLOYMENT_AUDIT
NFL-NW014,NEXT_WAVE,RESEARCH_SURVIVOR,LONG,DOG35_44,ANY,recent_edge_giveaway_rate,>=,0.0123464340709925,adv_prior_road_miles_last3,>=,422.8974840393614,dc_team_tenure_seasons,>=,1.0,39,0.4692307692307692,34,0.6461764705882354,25,0.5147999999999999,98,0.5422448979591837,0.7777777777777778,0.35,0.4499,PENDING_AUDIT,PENDING_AUDIT,False,,,,0.5812336433453037,,0.0,,,,,WATCHLIST,NEEDS_FINAL_PRICE_OR_ADDITIONAL_DEPLOYMENT_AUDIT
NFL-NW015,NEXT_WAVE,RESEARCH_SURVIVOR,LONG,DOG35_44,ANY,recent_edge_giveaway_rate,>=,0.0123464340709925,adv_prior_road_miles_last3,>=,422.8974840393614,dc_prior_role_seasons,>=,0.0,39,0.4692307692307692,34,0.6461764705882354,25,0.5147999999999999,98,0.5422448979591837,0.7777777777777778,0.35,0.4499,PENDING_AUDIT,PENDING_AUDIT,True,0.07407407407407407,0.19444444444444445,WAS,0.5812336433453037,,0.12345679012345678,,,,,WATCHLIST,NEEDS_FINAL_PRICE_OR_ADDITIONAL_DEPLOYMENT_AUDIT
NFL-NW026,NEXT_WAVE,RESEARCH_SURVIVOR,LONG,DOG20_34,AWAY,dc_team_tenure_seasons,<=,1.0,rank_edge_penalty_yards,>=,-5.5,recent_edge_off_epa_per_play,>=,-0.0112371729515855,52,0.5442307692307692,32,0.6825,22,0.4509090909090909,106,0.5666037735849057,0.9473684210526315,0.2,0.3499,PENDING_AUDIT,PENDING_AUDIT,False,,,,0.5773312112249207,,0.0,,,,,WATCHLIST,NEEDS_FINAL_PRICE_OR_ADDITIONAL_DEPLOYMENT_AUDIT
NFL-NW016,NEXT_WAVE,RESEARCH_SURVIVOR,LONG,DOG20_34,AWAY,recent_edge_sack_or_hit_rate,>=,0.0053062448112699,rank_edge_kick_return_average,<=,-9.0,recent_edge_rush_epa_per_carry,>=,-0.0754872988005108,32,0.474375,26,1.1219230769230768,21,0.5109523809523809,79,0.6972151898734178,0.6666666666666666,0.2,0.3499,PENDING_AUDIT,PENDING_AUDIT,True,0.0759493670886076,0.22784810126582278,CAR,0.5751490106155944,,0.5346534653465347,,,,,WATCHLIST,NEEDS_FINAL_PRICE_OR_ADDITIONAL_DEPLOYMENT_AUDIT
NFL-NW027,NEXT_WAVE,RESEARCH_SURVIVOR,LONG,DOG20_34,AWAY,dc_team_tenure_seasons,<=,1.0,rank_edge_penalty_yards,>=,-5.5,recent_edge_off_epa,>=,-0.5320208749928329,52,0.5388461538461539,31,0.6393548387096775,22,0.4509090909090909,105,0.5500952380952382,0.8888888888888888,0.2,0.3499,PENDING_AUDIT,PENDING_AUDIT,False,,,,0.5725499344969505,,0.0,,,,,WATCHLIST,NEEDS_FINAL_PRICE_OR_ADDITIONAL_DEPLOYMENT_AUDIT
NFL-NW005,NEXT_WAVE,RESEARCH_SURVIVOR,LONG,DOG35_49,ANY,recent_edge_punt_return_average,>=,2.347777777777778,recent_edge_third_down_success,>=,0.073765106582444,dc_prior_role_seasons,<=,2.0,39,0.4233333333333333,18,0.8288888888888889,28,0.6117857142857143,85,0.571294117647059,1.0,0.35,0.4999,PENDING_AUDIT,PENDING_AUDIT,True,0.07692307692307693,0.2087912087912088,NYJ,0.5515688064761906,,0.06989247311827956,,,,,WATCHLIST,NEEDS_FINAL_PRICE_OR_ADDITIONAL_DEPLOYMENT_AUDIT
NFL-NW030,NEXT_WAVE,RESEARCH_SURVIVOR,LONG,DOG35_44,ANY,recent_edge_giveaway_rate,>=,0.0123464340709925,adv_prior_road_miles_last3,>=,422.8974840393614,dc_team_tenure_seasons,<=,2.0,31,0.4438709677419355,20,0.693,19,0.4421052631578946,70,0.5145714285714286,0.6428571428571429,0.35,0.4499,PENDING_AUDIT,PENDING_AUDIT,False,,,,0.5396612855868225,,0.0,,,,,WATCHLIST,NEEDS_FINAL_PRICE_OR_ADDITIONAL_DEPLOYMENT_AUDIT
NFL-NW035,NEXT_WAVE,RESEARCH_SURVIVOR,LONG,DOG35_49,AWAY,rank_edge_punt_return_average,>=,6.0,rank_edge_def_allowed_explosive_rate,<=,-9.0,adv_prior_road_miles_last4,>=,-22.615351354006503,33,0.466060606060606,20,0.6220000000000001,34,0.4117647058823528,87,0.4806896551724139,0.875,0.35,0.4999,PENDING_AUDIT,PENDING_AUDIT,True,0.05747126436781609,0.1724137931034483,ARI,0.5302526871978183,,0.11805555555555555,,,,,WATCHLIST,NEEDS_FINAL_PRICE_OR_ADDITIONAL_DEPLOYMENT_AUDIT
NFL-NW036,NEXT_WAVE,RESEARCH_SURVIVOR,LONG,DOG35_44,ANY,rank_edge_third_down_success,>=,3.0,rank_edge_def_allowed_explosive_rate,<=,-15.0,dc_team_tenure_seasons,<=,3.0,36,0.5147222222222223,20,1.1570000000000005,18,0.4066666666666667,74,0.662027027027027,0.8461538461538461,0.35,0.4499,PENDING_AUDIT,PENDING_AUDIT,False,,,,0.5210897673522488,,0.0,,,,,WATCHLIST,NEEDS_FINAL_PRICE_OR_ADDITIONAL_DEPLOYMENT_AUDIT
NFL-NW034,NEXT_WAVE,RESEARCH_SURVIVOR,LONG,DOG35_44,AWAY,recent_edge_sack_or_hit_rate,>=,-0.0147564808411956,rank_edge_third_down_success,>=,5.0,recent_edge_def_allowed_explosive_rate,<=,-0.0088190417631774,31,0.4590322580645162,24,0.47625,16,0.4199999999999999,71,0.456056338028169,0.625,0.35,0.4499,PENDING_AUDIT,PENDING_AUDIT,True,0.08450704225352113,0.23943661971830985,LAC,0.5162814587179768,,0.11267605633802817,,,,,WATCHLIST,NEEDS_FINAL_PRICE_OR_ADDITIONAL_DEPLOYMENT_AUDIT
NFL-NW007,NEXT_WAVE,RESEARCH_SURVIVOR,LONG,DOG20_34,ANY,rank_edge_def_allowed_success_rate,<=,-13.0,rank_edge_third_down_success,>=,7.0,,,,39,0.4064102564102564,36,0.385,21,0.6066666666666667,96,0.4421875,0.7777777777777778,0.2,0.3499,PENDING_AUDIT,PENDING_AUDIT,True,0.08333333333333333,0.22916666666666666,TB,0.4967790030482115,,0.06707317073170732,,,,,WATCHLIST,NEEDS_FINAL_PRICE_OR_ADDITIONAL_DEPLOYMENT_AUDIT
NFL-NW032,NEXT_WAVE,RESEARCH_SURVIVOR,LONG,DOG35_44,ANY,recent_edge_giveaway_rate,>=,0.0123464340709925,adv_prior_road_miles_last3,>=,422.8974840393614,rank_edge_punt_return_average,>=,-6.0,36,0.3855555555555556,29,0.6637931034482759,24,0.4275,89,0.4875280898876404,0.7647058823529411,0.35,0.4499,PENDING_AUDIT,PENDING_AUDIT,True,0.07865168539325842,0.20224719101123595,CHI,0.4954667763099137,,0.6694915254237288,,,,,WATCHLIST,NEEDS_FINAL_PRICE_OR_ADDITIONAL_DEPLOYMENT_AUDIT
NFL-NW010,NEXT_WAVE,RESEARCH_SURVIVOR,LONG,DOG20_34,AWAY,dc_team_tenure_seasons,<=,1.0,recent_edge_off_epa_per_play,>=,-0.0112371729515855,,,,71,0.3959154929577465,46,0.383695652173913,34,0.5841176470588235,151,0.4345695364238411,0.65,0.2,0.3499,PENDING_AUDIT,PENDING_AUDIT,False,,,,0.4901700758562422,,0.0,,,,,WATCHLIST,NEEDS_FINAL_PRICE_OR_ADDITIONAL_DEPLOYMENT_AUDIT
NFL-NW006,NEXT_WAVE,RESEARCH_SURVIVOR,LONG,DOG35_44,AWAY,rank_edge_third_down_success,>=,5.0,rank_edge_sack_or_hit_rate,>=,10.0,,,,44,0.6606818181818184,26,0.365,25,0.6075999999999999,95,0.5657894736842105,0.8235294117647058,0.35,0.4499,PENDING_AUDIT,PENDING_AUDIT,True,0.08421052631578947,0.23157894736842105,GB,0.48032544307339764,,0.27692307692307694,,,,,WATCHLIST,NEEDS_FINAL_PRICE_OR_ADDITIONAL_DEPLOYMENT_AUDIT
NFL-NW031,NEXT_WAVE,RESEARCH_SURVIVOR,LONG,DOG35_49,ANY,recent_edge_punt_return_average,>=,2.347777777777778,adv_prior_long_trips_last3,>=,1.0,adv_prior_road_miles_last4,>=,1044.6112121956917,45,0.3380000000000001,30,0.386,35,0.4359999999999999,110,0.3822727272727272,0.8333333333333334,0.35,0.4999,PENDING_AUDIT,PENDING_AUDIT,True,0.06363636363636363,0.19090909090909092,MIA,0.45570148379562236,,0.12352941176470589,,,,,WATCHLIST,NEEDS_FINAL_PRICE_OR_ADDITIONAL_DEPLOYMENT_AUDIT
NFL-NW047,NEXT_WAVE,RESEARCH_SURVIVOR,LONG,DOG35_44,AWAY,rank_edge_pass_epa_per_dropback,>=,10.0,recent_edge_sack_or_hit_rate,>=,-0.0631559729586045,,,,47,0.3702127659574468,40,0.39025,30,0.3426666666666667,117,0.37,0.7333333333333333,0.35,0.4499,PENDING_AUDIT,PENDING_AUDIT,True,0.1111111111111111,0.23931623931623933,NO,0.45303797987698735,,0.27848101265822783,,,,,WATCHLIST,NEEDS_FINAL_PRICE_OR_ADDITIONAL_DEPLOYMENT_AUDIT
NFL-NW048,NEXT_WAVE,RESEARCH_SURVIVOR,LONG,DOG35_49,ANY,adv_prior_road_miles_last4,>=,1044.6112121956917,rank_edge_def_allowed_giveaway_rate,<=,-10.0,,,,43,0.4562790697674418,42,0.4211904761904763,39,0.3405128205128205,124,0.4079838709677419,0.7368421052631579,0.35,0.4999,PENDING_AUDIT,PENDING_AUDIT,True,0.0967741935483871,0.25806451612903225,MIA,0.45179573106292903,,0.6532258064516129,,,,,WATCHLIST,NEEDS_FINAL_PRICE_OR_ADDITIONAL_DEPLOYMENT_AUDIT
NFL-NW045,NEXT_WAVE,RESEARCH_SURVIVOR,LONG,DOG35_49,AWAY,rank_edge_def_allowed_off_epa_per_play,<=,-12.0,adv_prior_road_miles_last4,>=,-22.615351354006503,rank_edge_def_allowed_explosive_rate,<=,-9.0,29,0.7913793103448276,26,0.3438461538461539,24,0.3583333333333333,79,0.5125316455696204,0.7142857142857143,0.35,0.4999,PENDING_AUDIT,PENDING_AUDIT,True,0.08860759493670886,0.24050632911392406,NYG,0.4484296882712721,,0.26717557251908397,,,,,WATCHLIST,NEEDS_FINAL_PRICE_OR_ADDITIONAL_DEPLOYMENT_AUDIT
NFL-NW011,NEXT_WAVE,RESEARCH_SURVIVOR,LONG,DOG35_44,AWAY,rank_edge_def_allowed_explosive_rate,<=,-9.0,adv_prior_road_miles_last4,>=,801.0648497063887,recent_edge_sack_or_hit_rate,>=,-0.0631559729586045,29,0.56,21,0.3328571428571428,25,0.5736,75,0.5009333333333335,0.8571428571428571,0.35,0.4499,PENDING_AUDIT,PENDING_AUDIT,True,0.10666666666666667,0.24,CHI,0.44830510301336385,,0.2627118644067797,,,,,WATCHLIST,NEEDS_FINAL_PRICE_OR_ADDITIONAL_DEPLOYMENT_AUDIT
NFL-NW001,NEXT_WAVE,RESEARCH_SURVIVOR,LONG,DOG35_44,AWAY,rank_edge_pass_epa_per_dropback,>=,10.0,recent_edge_sack_or_hit_rate,>=,-0.0631559729586045,rank_edge_third_down_success,>=,5.0,32,0.340625,26,0.4626923076923076,20,0.7515000000000001,78,0.4866666666666667,0.7272727272727273,0.35,0.4499,PENDING_AUDIT,PENDING_AUDIT,True,0.15384615384615385,0.2948717948717949,NO,0.44610918324908017,,0.6666666666666666,,,,,WATCHLIST,NEEDS_FINAL_PRICE_OR_ADDITIONAL_DEPLOYMENT_AUDIT
NFL-NW049,NEXT_WAVE,RESEARCH_SURVIVOR,LONG,DOG20_34,AWAY,dc_team_tenure_seasons,<=,1.0,recent_edge_off_epa,>=,-0.5320208749928329,,,,72,0.3726388888888888,44,0.3779545454545454,31,0.3387096774193548,147,0.3670748299319727,0.65,0.2,0.3499,PENDING_AUDIT,PENDING_AUDIT,False,,,,0.4448926107880592,,0.0,,,,,WATCHLIST,NEEDS_FINAL_PRICE_OR_ADDITIONAL_DEPLOYMENT_AUDIT
NFL-NW051,NEXT_WAVE,RESEARCH_SURVIVOR,LONG,DOG35_44,ANY,rank_edge_third_down_success,>=,3.0,rank_edge_def_allowed_explosive_rate,<=,-15.0,dc_team_tenure_seasons,>=,1.0,38,0.435,25,1.1236000000000002,19,0.3326315789473684,82,0.6212195121951221,0.8,0.35,0.4499,PENDING_AUDIT,PENDING_AUDIT,False,,,,0.4444769252569613,,0.0,,,,,WATCHLIST,NEEDS_FINAL_PRICE_OR_ADDITIONAL_DEPLOYMENT_AUDIT
NFL-NW052,NEXT_WAVE,RESEARCH_SURVIVOR,LONG,DOG35_44,ANY,rank_edge_third_down_success,>=,3.0,rank_edge_def_allowed_explosive_rate,<=,-15.0,dc_prior_role_seasons,>=,0.0,38,0.435,25,1.1236000000000002,19,0.3326315789473684,82,0.6212195121951221,0.8,0.35,0.4499,PENDING_AUDIT,PENDING_AUDIT,True,0.061855670103092786,0.18556701030927836,ARI,0.4444769252569613,,0.18309859154929578,,,,,WATCHLIST,NEEDS_FINAL_PRICE_OR_ADDITIONAL_DEPLOYMENT_AUDIT
NFL-NW021,NEXT_WAVE,RESEARCH_SURVIVOR,LONG,PK_55,AWAY,recent_edge_punt_return_average,>=,4.583333333333332,recent_edge_def_allowed_off_epa_per_play,<=,0.0777860982723738,,,,35,0.32268160082757,29,0.4660968273811218,26,0.4840616295984639,90,0.4155140710286394,0.8947368421052632,0.45,0.55,PENDING_AUDIT,PENDING_AUDIT,True,0.07777777777777778,0.2111111111111111,LAC,0.44311661093197424,,0.07738095238095238,,,,,WATCHLIST,NEEDS_FINAL_PRICE_OR_ADDITIONAL_DEPLOYMENT_AUDIT
NFL-NW043,NEXT_WAVE,RESEARCH_SURVIVOR,LONG,DOG35_44,ANY,recent_edge_giveaway_rate,>=,0.0187041093468362,rank_edge_punt_return_average,>=,-9.0,dc_team_tenure_seasons,<=,3.0,50,0.3286,23,0.7678260869565218,20,0.3645,93,0.4449462365591398,0.8125,0.35,0.4499,PENDING_AUDIT,PENDING_AUDIT,False,,,,0.4428120737138484,,0.0,,,,,WATCHLIST,NEEDS_FINAL_PRICE_OR_ADDITIONAL_DEPLOYMENT_AUDIT
NFL-NW044,NEXT_WAVE,RESEARCH_SURVIVOR,LONG,DOG35_44,ANY,recent_edge_giveaway_rate,>=,0.0187041093468362,dc_team_tenure_seasons,<=,3.0,rank_edge_punt_return_average,>=,-9.0,50,0.3286,23,0.7678260869565218,20,0.3645,93,0.4449462365591398,0.8125,0.35,0.4499,PENDING_AUDIT,PENDING_AUDIT,False,,,,0.4428120737138484,,0.0,,,,,WATCHLIST,NEEDS_FINAL_PRICE_OR_ADDITIONAL_DEPLOYMENT_AUDIT
NFL-NW025,NEXT_WAVE,RESEARCH_SURVIVOR,LONG,PK_55,AWAY,recent_edge_punt_return_average,>=,4.583333333333332,recent_edge_def_allowed_early_down_epa,<=,0.06340222728062,,,,31,0.3323875475208007,27,0.5800435013849514,21,0.4630211375114553,79,0.4517548404845452,0.7777777777777778,0.45,0.55,PENDING_AUDIT,PENDING_AUDIT,True,0.10126582278481013,0.22784810126582278,SEA,0.44205044702528395,,0.7244897959183674,,,,,WATCHLIST,NEEDS_FINAL_PRICE_OR_ADDITIONAL_DEPLOYMENT_AUDIT
NFL-NW002,NEXT_WAVE,RESEARCH_SURVIVOR,LONG,DOG20_34,AWAY,recent_edge_sack_or_hit_rate,>=,0.0053062448112699,rank_edge_kick_return_average,<=,-9.0,,,,46,0.3263043478260869,40,0.7675000000000001,29,0.7220689655172413,115,0.5795652173913043,0.7058823529411765,0.2,0.3499,PENDING_AUDIT,PENDING_AUDIT,True,0.06956521739130435,0.2,CAR,0.4342923820702213,,0.6869565217391305,,,,,WATCHLIST,NEEDS_FINAL_PRICE_OR_ADDITIONAL_DEPLOYMENT_AUDIT
NFL-H015,H_SERIES,FINAL_RESEARCH,LONG,DOG35_44,AWAY,rank_edge_def_allowed_explosive_rate,<=,-9.75,rank_edge_third_down_success,>=,0.0,,,,55,0.4123636363636364,33,0.323030303030303,30,0.3353333333333333,118,0.3677966101694915,0.7222222222222222,0.35,0.4499,+122 to +186,KEEP_ORIGINAL_BAND,True,0.07627118644067797,0.19491525423728814,NO,0.4326051309907339,,0.423841059602649,COACHING,adv_dc_prior_role_seasons,>=,1.0,WATCHLIST,BELOW_STRICT_LIVE_READY_GATE
NFL-C001,COACHING,READY,LONG,DOG35_49,AWAY,dc_prior_games,<=,14.0,rank_edge_redzone_epa,>=,1.0,,,,69,0.3349275362318841,32,0.333125,39,0.3164102564102564,140,0.3293571428571428,0.7777777777777778,0.35,0.4999,BROAD_BAND_PENDING_PRICE_AUDIT,PENDING_EXACT_PRICE_AUDIT,True,0.07142857142857142,0.20714285714285716,DET,0.4322856795244346,,0.10300429184549356,,,,,WATCHLIST,NEEDS_FINAL_PRICE_OR_ADDITIONAL_DEPLOYMENT_AUDIT
NFL-NW024,NEXT_WAVE,RESEARCH_SURVIVOR,LONG,DOG35_49,ANY,recent_edge_punt_return_average,>=,2.347777777777778,recent_edge_third_down_success,>=,0.073765106582444,,,,64,0.3031249999999999,56,0.3680357142857143,51,0.4654901960784314,171,0.3728070175438596,0.85,0.35,0.4999,PENDING_AUDIT,PENDING_AUDIT,True,0.05847953216374269,0.1695906432748538,GB,0.42694990275980377,,0.5321637426900585,,,,,WATCHLIST,NEEDS_FINAL_PRICE_OR_ADDITIONAL_DEPLOYMENT_AUDIT
NFL-NW057,NEXT_WAVE,RESEARCH_SURVIVOR,LONG,DOG35_49,AWAY,rank_edge_rush_epa_per_carry,>=,14.0,recent_edge_def_allowed_explosive_rate,<=,-0.0099145307533787,,,,39,0.4587179487179487,23,0.4756521739130434,25,0.3124,87,0.4211494252873564,0.8125,0.35,0.4999,PENDING_AUDIT,PENDING_AUDIT,True,0.08045977011494253,0.21839080459770116,PHI,0.42588798131546546,,0.136986301369863,,,,,WATCHLIST,NEEDS_FINAL_PRICE_OR_ADDITIONAL_DEPLOYMENT_AUDIT
NFL-NW018,NEXT_WAVE,RESEARCH_SURVIVOR,LONG,DOG20_34,AWAY,recent_edge_def_allowed_explosive_rate,>=,0.0034262319005425,rank_edge_kick_return_average,<=,-9.0,,,,36,0.4744444444444445,35,0.3128571428571428,36,0.4938888888888888,107,0.4281308411214953,0.7368421052631579,0.2,0.3499,PENDING_AUDIT,PENDING_AUDIT,True,0.07476635514018691,0.22429906542056074,JAX,0.42253910572032566,,0.1746031746031746,,,,,WATCHLIST,NEEDS_FINAL_PRICE_OR_ADDITIONAL_DEPLOYMENT_AUDIT
NFL-NW056,NEXT_WAVE,RESEARCH_SURVIVOR,LONG,DOG35_44,ANY,recent_edge_giveaway_rate,>=,0.0187041093468362,dc_team_tenure_seasons,<=,2.0,rank_edge_punt_return_average,>=,-9.0,47,0.3614893617021276,18,0.9688888888888888,17,0.3135294117647059,82,0.4848780487804878,0.7333333333333333,0.35,0.4499,PENDING_AUDIT,PENDING_AUDIT,False,,,,0.42004142474096545,,0.0,,,,,WATCHLIST,NEEDS_FINAL_PRICE_OR_ADDITIONAL_DEPLOYMENT_AUDIT
NFL-NW053,NEXT_WAVE,RESEARCH_SURVIVOR,LONG,DOG35_49,AWAY,rank_edge_def_allowed_off_epa_per_play,<=,-12.0,adv_prior_road_miles_last4,>=,-22.615351354006503,rank_edge_def_allowed_rush_epa_per_carry,<=,-9.25,34,0.8894117647058825,23,0.2956521739130435,21,0.3309523809523809,78,0.5639743589743591,0.8,0.35,0.4999,PENDING_AUDIT,PENDING_AUDIT,True,0.10256410256410256,0.2948717948717949,IND,0.4069545389803055,,0.4144144144144144,,,,,WATCHLIST,NEEDS_FINAL_PRICE_OR_ADDITIONAL_DEPLOYMENT_AUDIT
NFL-H019,H_SERIES,FINAL_RESEARCH,LONG,DOG35_44,AWAY,rank_edge_sack_or_hit_rate,>=,10.0,rank_edge_redzone_epa,>=,1.0,,,,48,0.4172916666666666,33,0.3721212121212122,33,0.2936363636363637,114,0.3684210526315789,0.7647058823529411,0.35,0.4499,+122 to +186,WATCH_NARROW_WINDOW,True,0.07894736842105263,0.21929824561403508,TEN,0.40623545550801077,,0.35714285714285715,,,,,WATCHLIST,BELOW_STRICT_LIVE_READY_GATE
NFL-NW063,NEXT_WAVE,RESEARCH_SURVIVOR,LONG,DOG35_49,AWAY,recent_edge_def_allowed_early_down_epa,<=,-0.0897030464878997,recent_edge_giveaway_rate,>=,-0.0052251865973571,rank_edge_third_down_success,>=,5.0,34,0.6847058823529412,32,0.3203125,23,0.2952173913043479,89,0.4530337078651685,0.7647058823529411,0.35,0.4999,PENDING_AUDIT,PENDING_AUDIT,True,0.11235955056179775,0.2247191011235955,IND,0.405128612058706,,0.18518518518518517,,,,,WATCHLIST,NEEDS_FINAL_PRICE_OR_ADDITIONAL_DEPLOYMENT_AUDIT
NFL-NW061,NEXT_WAVE,RESEARCH_SURVIVOR,LONG,DOG35_49,AWAY,recent_edge_punt_return_average,>=,4.679166666666667,recent_edge_def_allowed_explosive_rate,<=,-0.0099145307533787,,,,42,0.3238095238095238,23,0.5604347826086957,31,0.2977419354838709,96,0.3720833333333333,0.7058823529411765,0.35,0.4999,PENDING_AUDIT,PENDING_AUDIT,True,0.08333333333333333,0.1875,WAS,0.4037693045451542,,0.20394736842105263,,,,,WATCHLIST,NEEDS_FINAL_PRICE_OR_ADDITIONAL_DEPLOYMENT_AUDIT
NFL-C002,COACHING,READY,LONG,DOG35_49,AWAY,adv_staff_change_count,<=,0.0,recent_edge_explosive_rate,<=,-1.7047830334765424e-05,,,,74,0.2771621621621621,66,0.318939393939394,52,0.2767307692307692,192,0.29140625,0.8421052631578947,0.35,0.4999,BROAD_BAND_PENDING_PRICE_AUDIT,PENDING_EXACT_PRICE_AUDIT,True,0.06770833333333333,0.17708333333333334,MIN,0.40118172100098953,,0.08035714285714286,,,,,WATCHLIST,NEEDS_FINAL_PRICE_OR_ADDITIONAL_DEPLOYMENT_AUDIT
NFL-NW070,NEXT_WAVE,RESEARCH_SURVIVOR,LONG,DOG35_44,AWAY,recent_edge_sack_or_hit_rate,>=,-0.0147564808411956,rank_edge_third_down_success,>=,5.0,adv_prior_road_miles_last4,>=,801.0648497063887,35,0.5205714285714287,21,0.810952380952381,19,0.2915789473684211,75,0.5438666666666666,0.7692307692307693,0.35,0.4499,PENDING_AUDIT,PENDING_AUDIT,True,0.08,0.22666666666666666,ATL,0.39999394049167514,,0.3178294573643411,,,,,WATCHLIST,NEEDS_FINAL_PRICE_OR_ADDITIONAL_DEPLOYMENT_AUDIT
NFL-NW060,NEXT_WAVE,RESEARCH_SURVIVOR,LONG,DOG35_44,AWAY,rank_edge_rush_epa_per_carry,>=,14.0,recent_edge_sack_or_hit_rate,>=,-0.0631559729586045,,,,42,0.2828571428571428,30,0.3513333333333333,32,0.3021875,104,0.3085576923076923,0.7894736842105263,0.35,0.4499,PENDING_AUDIT,PENDING_AUDIT,True,0.0673076923076923,0.18269230769230768,CIN,0.3964408710764544,,0.3356643356643357,,,,,WATCHLIST,NEEDS_FINAL_PRICE_OR_ADDITIONAL_DEPLOYMENT_AUDIT
NFL-NW068,NEXT_WAVE,RESEARCH_SURVIVOR,LONG,DOG35_44,AWAY,rank_edge_def_allowed_explosive_rate,<=,-14.0,recent_edge_sack_or_hit_rate,>=,-0.0147564808411956,,,,39,0.3641025641025641,25,0.5748000000000001,27,0.2937037037037037,91,0.4010989010989012,0.6666666666666666,0.35,0.4499,PENDING_AUDIT,PENDING_AUDIT,True,0.10989010989010989,0.26373626373626374,NYG,0.3960130718450644,,0.40268456375838924,,,,,WATCHLIST,NEEDS_FINAL_PRICE_OR_ADDITIONAL_DEPLOYMENT_AUDIT
NFL-NW023,NEXT_WAVE,RESEARCH_SURVIVOR,LONG,DOG35_49,ANY,recent_edge_punt_return_average,>=,2.347777777777778,recent_edge_third_down_success,>=,0.073765106582444,adv_prior_road_miles_last3,>=,374.5215340745484,36,0.2894444444444444,23,0.4247826086956521,23,0.468695652173913,82,0.3776829268292683,0.7333333333333333,0.35,0.4999,PENDING_AUDIT,PENDING_AUDIT,True,0.08536585365853659,0.23170731707317074,GB,0.39595645742070396,,0.47953216374269003,,,,,WATCHLIST,NEEDS_FINAL_PRICE_OR_ADDITIONAL_DEPLOYMENT_AUDIT
NFL-NW039,NEXT_WAVE,RESEARCH_SURVIVOR,LONG,DOG20_34,AWAY,recent_edge_off_epa_per_play,>=,-0.0112371729515855,staff_changes_count,>=,2.0,,,,41,0.2902439024390244,29,0.3903448275862069,19,0.3747368421052631,89,0.3408988764044944,0.6470588235294118,0.2,0.3499,PENDING_AUDIT,PENDING_AUDIT,False,,,,0.3907433584875002,,0.0,,,,,WATCHLIST,NEEDS_FINAL_PRICE_OR_ADDITIONAL_DEPLOYMENT_AUDIT
NFL-NW040,NEXT_WAVE,RESEARCH_SURVIVOR,LONG,DOG20_34,AWAY,recent_edge_off_epa_per_play,>=,-0.0112371729515855,staff_overhaul_2plus,>=,1.0,,,,41,0.2902439024390244,29,0.3903448275862069,19,0.3747368421052631,89,0.3408988764044944,0.6470588235294118,0.2,0.3499,PENDING_AUDIT,PENDING_AUDIT,False,,,,0.3907433584875002,,0.0,,,,,WATCHLIST,NEEDS_FINAL_PRICE_OR_ADDITIONAL_DEPLOYMENT_AUDIT
NFL-NW072,NEXT_WAVE,RESEARCH_SURVIVOR,LONG,DOG35_44,AWAY,rank_edge_def_allowed_explosive_rate,<=,-14.0,rank_edge_third_down_success,>=,5.0,,,,35,0.4617142857142858,21,0.3461904761904761,15,0.2886666666666667,71,0.3909859154929577,0.6428571428571429,0.35,0.4499,PENDING_AUDIT,PENDING_AUDIT,True,0.08450704225352113,0.22535211267605634,NO,0.386376696813215,,0.6016949152542372,,,,,WATCHLIST,NEEDS_FINAL_PRICE_OR_ADDITIONAL_DEPLOYMENT_AUDIT
NFL-NW076,NEXT_WAVE,RESEARCH_SURVIVOR,LONG,DOG35_49,AWAY,rank_edge_def_allowed_off_epa_per_play,<=,-12.0,adv_prior_road_miles_last4,>=,-22.615351354006503,recent_edge_giveaway_rate,>=,-0.0052251865973571,37,0.6810810810810811,26,0.4307692307692307,37,0.2737837837837838,100,0.4653,0.75,0.35,0.4999,PENDING_AUDIT,PENDING_AUDIT,True,0.09,0.24,IND,0.3837837837837838,,0.4957983193277311,,,,,WATCHLIST,NEEDS_FINAL_PRICE_OR_ADDITIONAL_DEPLOYMENT_AUDIT
NFL-H016,H_SERIES,FINAL_RESEARCH,LONG,DOG35_44,AWAY,rank_edge_sack_or_hit_rate,>=,5.0,base_vs_open_prob_move,<=,-0.0023582612356305,,,,85,0.3334117647058824,46,0.3060869565217391,45,0.2613333333333333,176,0.307840909090909,0.7894736842105263,0.35,0.4499,+122 to +186,WATCH_NARROW_WINDOW,True,0.06818181818181818,0.17045454545454544,NO,0.38062904476552917,,0.2775330396475771,BASE,rank_edge_giveaway_rate,<=,-4.0,WATCHLIST,BELOW_STRICT_LIVE_READY_GATE
NFL-NW079,NEXT_WAVE,RESEARCH_SURVIVOR,LONG,DOG35_44,AWAY,recent_edge_sack_or_hit_rate,>=,-0.0147564808411956,opp_prior_road_miles_last3,>=,2020.0745414333333,,,,56,0.4469642857142857,43,0.3555813953488372,43,0.2688372093023256,142,0.3653521126760563,0.7,0.35,0.4499,PENDING_AUDIT,PENDING_AUDIT,True,0.07042253521126761,0.16901408450704225,ARI,0.378644417911902,,0.2994011976047904,,,,,WATCHLIST,NEEDS_FINAL_PRICE_OR_ADDITIONAL_DEPLOYMENT_AUDIT
NFL-NW077,NEXT_WAVE,RESEARCH_SURVIVOR,LONG,DOG35_44,ANY,recent_edge_def_allowed_early_down_epa,<=,-0.0724433265090011,adv_prior_road_miles_last3,>=,422.8974840393614,rank_edge_giveaway_rate,>=,3.0,32,0.533125,22,0.6272727272727271,29,0.2717241379310344,83,0.4667469879518072,0.6875,0.35,0.4499,PENDING_AUDIT,PENDING_AUDIT,True,0.07228915662650602,0.20481927710843373,IND,0.37470109024043624,,0.2764227642276423,,,,,WATCHLIST,NEEDS_FINAL_PRICE_OR_ADDITIONAL_DEPLOYMENT_AUDIT
NFL-H006,H_SERIES,FINAL_RESEARCH,LONG,DOG35_44,ANY,rank_edge_third_down_success,>=,0.0,recent_edge_def_allowed_yards_per_play,<=,-0.3370739566793617,,,,97,0.2568041237113401,79,0.2967088607594937,76,0.268157894736842,252,0.2727380952380953,0.7,0.35,0.4499,+122 to +186,WATCH_NARROW_WINDOW,True,0.051587301587301584,0.14682539682539683,WAS,0.3728391372308787,,0.2671232876712329,BASE,grass_surface,<=,0.0,WATCHLIST,BELOW_STRICT_LIVE_READY_GATE
NFL-NW084,NEXT_WAVE,RESEARCH_SURVIVOR,LONG,DOG35_44,AWAY,recent_edge_sack_or_hit_rate,>=,-0.0147564808411956,adv_prior_road_miles_last4,>=,801.0648497063887,,,,81,0.3634567901234568,61,0.3247540983606556,52,0.2509615384615384,194,0.3211340206185566,0.8,0.35,0.4499,PENDING_AUDIT,PENDING_AUDIT,True,0.061855670103092786,0.16494845360824742,CHI,0.37215658170979404,,0.4672489082969432,,,,,WATCHLIST,NEEDS_FINAL_PRICE_OR_ADDITIONAL_DEPLOYMENT_AUDIT
NFL-NW037,NEXT_WAVE,RESEARCH_SURVIVOR,LONG,DOG35_44,AWAY,rank_edge_sack_or_hit_rate,>=,10.0,adv_prior_road_miles_last4,>=,801.0648497063887,,,,35,0.3611428571428571,26,0.2584615384615384,25,0.3964000000000001,86,0.3403488372093023,0.8125,0.35,0.4499,PENDING_AUDIT,PENDING_AUDIT,True,0.08139534883720931,0.19767441860465115,GB,0.3718239997426276,,0.4358974358974359,,,,,WATCHLIST,NEEDS_FINAL_PRICE_OR_ADDITIONAL_DEPLOYMENT_AUDIT
NFL-C003,COACHING,READY,LONG,DOG35_44,AWAY,dc_prior_games,<=,14.0,rank_edge_punt_net_average,>=,-0.5,,,,59,0.4149152542372882,30,0.4183333333333333,33,0.2596969696969697,122,0.3737704918032786,0.6666666666666666,0.35,0.4499,BROAD_BAND_PENDING_PRICE_AUDIT,PENDING_EXACT_PRICE_AUDIT,True,0.07377049180327869,0.19672131147540983,CIN,0.36518929879717177,,0.32323232323232326,,,,,WATCHLIST,NEEDS_FINAL_PRICE_OR_ADDITIONAL_DEPLOYMENT_AUDIT
NFL-NW080,NEXT_WAVE,RESEARCH_SURVIVOR,LONG,DOG35_49,AWAY,rank_edge_def_allowed_off_epa_per_play,<=,-12.0,adv_prior_road_miles_last4,>=,-22.615351354006503,recent_edge_def_allowed_explosive_rate,<=,-0.0099145307533787,29,0.5937931034482758,26,0.32,26,0.2615384615384615,81,0.3992592592592593,0.6875,0.35,0.4999,PENDING_AUDIT,PENDING_AUDIT,True,0.08641975308641975,0.24691358024691357,NYG,0.36425058701042773,,0.6494845360824743,,,,,WATCHLIST,NEEDS_FINAL_PRICE_OR_ADDITIONAL_DEPLOYMENT_AUDIT
NFL-H075,H_SERIES,FINAL_RESEARCH,LONG,DOG35_44,ANY,rank_edge_early_down_epa,>=,6.0,rank_edge_rush_epa_per_carry,>=,14.0,,,,39,0.3246153846153846,27,0.307037037037037,27,0.2611111111111111,93,0.3010752688172043,0.6666666666666666,0.35,0.4499,+122 to +186,KEEP_ORIGINAL_BAND,True,0.11827956989247312,0.23655913978494625,IND,0.36365651815829286,,0.3971631205673759,COACHING,adv_dc_prior_games,<=,-14.0,WATCHLIST,BELOW_STRICT_LIVE_READY_GATE
NFL-H066,H_SERIES,FINAL_RESEARCH,LONG,DOG20_34,AWAY,rank_edge_penalty_yards,>=,0.0,rank_edge_third_down_success,>=,6.0,,,,47,0.3027659574468085,48,0.2795833333333333,29,0.2524137931034483,124,0.2820161290322581,0.7222222222222222,0.2431528570604854,0.3278688524590163,+205 to +311,TIGHTEN_LIVE_PRICE,True,0.08,0.22666666666666666,ARI,0.36252711301028195,,0.1793103448275862,COACHING,hc_prior_games,<=,25.0,WATCHLIST,BELOW_STRICT_LIVE_READY_GATE
NFL-NW059,NEXT_WAVE,RESEARCH_SURVIVOR,LONG,DOG35_44,AWAY,recent_edge_def_allowed_yards_per_play,<=,-0.8529614244093031,recent_edge_sack_or_hit_rate,>=,-0.0147564808411956,,,,36,0.5155555555555555,27,0.2614814814814814,29,0.3072413793103448,92,0.3753260869565218,0.625,0.35,0.4499,PENDING_AUDIT,PENDING_AUDIT,True,0.07608695652173914,0.21739130434782608,DET,0.3605761771651203,,0.32608695652173914,,,,,WATCHLIST,NEEDS_FINAL_PRICE_OR_ADDITIONAL_DEPLOYMENT_AUDIT
NFL-NW083,NEXT_WAVE,RESEARCH_SURVIVOR,LONG,DOG20_34,AWAY,tz_hours_last4_including_current,<=,0.0,recent_edge_sack_or_hit_rate,>=,0.0053062448112699,,,,39,0.7610256410256411,26,0.5357692307692308,24,0.2529166666666667,89,0.5582022471910112,0.7333333333333333,0.2,0.3499,PENDING_AUDIT,PENDING_AUDIT,True,0.12359550561797752,0.30337078651685395,CIN,0.36031808349945615,,0.13966480446927373,,,,,WATCHLIST,NEEDS_FINAL_PRICE_OR_ADDITIONAL_DEPLOYMENT_AUDIT
NFL-NW081,NEXT_WAVE,RESEARCH_SURVIVOR,LONG,DOG35_49,AWAY,recent_edge_def_allowed_early_down_epa,<=,-0.1638062689515892,recent_edge_giveaway_rate,>=,-0.0052251865973571,adv_prior_road_miles_last4,>=,-22.615351354006503,32,0.7234375,15,0.3653333333333334,30,0.2586666666666666,77,0.4725974025974026,0.6666666666666666,0.35,0.4999,PENDING_AUDIT,PENDING_AUDIT,True,0.1038961038961039,0.2597402597402597,IND,0.359162268129312,,0.3308270676691729,,,,,WATCHLIST,NEEDS_FINAL_PRICE_OR_ADDITIONAL_DEPLOYMENT_AUDIT
NFL-NW085,NEXT_WAVE,RESEARCH_SURVIVOR,LONG,DOG35_49,AWAY,rank_edge_def_allowed_off_epa_per_play,<=,-12.0,adv_prior_road_miles_last4,>=,-22.615351354006503,rank_edge_def_allowed_pass_epa_per_dropback,<=,-8.0,41,0.7436585365853658,42,0.2461904761904761,49,0.2426530612244898,132,0.3993939393939394,0.7777777777777778,0.35,0.4999,PENDING_AUDIT,PENDING_AUDIT,True,0.08333333333333333,0.22727272727272727,ATL,0.3578896317268583,,0.6338028169014085,,,,,WATCHLIST,NEEDS_FINAL_PRICE_OR_ADDITIONAL_DEPLOYMENT_AUDIT
NFL-NW082,NEXT_WAVE,RESEARCH_SURVIVOR,LONG,DOG35_49,AWAY,rank_edge_def_allowed_pass_epa_per_dropback,<=,-8.0,rank_edge_def_allowed_explosive_rate,<=,-9.0,adv_prior_road_miles_last4,>=,-22.615351354006503,35,0.616,30,0.4113333333333333,28,0.2578571428571428,93,0.4421505376344086,0.625,0.35,0.4999,PENDING_AUDIT,PENDING_AUDIT,True,0.07526881720430108,0.21505376344086022,IND,0.35706921657099117,,0.7373737373737373,,,,,WATCHLIST,NEEDS_FINAL_PRICE_OR_ADDITIONAL_DEPLOYMENT_AUDIT
NFL-NW050,NEXT_WAVE,RESEARCH_SURVIVOR,MODERN,PK_55,AWAY,recent_edge_early_down_epa,<=,-0.0264922351642454,adv_prior_road_miles_last2,<=,417.76118356084817,,,,41,0.2778899550865343,18,0.23921214370353,26,0.3363881107168819,110,0.2597003439590053,0.8235294117647058,0.45,0.55,PENDING_AUDIT,PENDING_AUDIT,True,0.08181818181818182,0.20909090909090908,PIT,0.3561293137736621,,0.09289617486338798,,,,,WATCHLIST,NEEDS_FINAL_PRICE_OR_ADDITIONAL_DEPLOYMENT_AUDIT
NFL-H053,H_SERIES,WATCHLIST,LONG,DOG20_34,AWAY,qb_prior_starts,>=,38.0,rank_edge_def_allowed_success_rate,<=,-9.0,,,,54,0.2909259259259259,53,0.2684905660377358,57,0.2391228070175439,164,0.2656707317073171,0.6470588235294118,0.2,0.3499,+186 to +400,KEEP_ORIGINAL_BAND,True,0.09146341463414634,0.21951219512195122,ATL,0.3462586091010893,,0.12554112554112554,,,,,WATCHLIST,BELOW_STRICT_LIVE_READY_GATE
NFL-NW089,NEXT_WAVE,RESEARCH_SURVIVOR,LONG,DOG35_44,AWAY,rank_edge_def_allowed_explosive_rate,<=,-14.0,recent_edge_sack_or_hit_rate,>=,-0.0631559729586045,,,,47,0.2919148936170213,39,0.5243589743589744,40,0.23525,126,0.3458730158730159,0.6666666666666666,0.35,0.4499,PENDING_AUDIT,PENDING_AUDIT,True,0.0873015873015873,0.24603174603174602,NYG,0.3410925969612724,,0.7222222222222222,,,,,WATCHLIST,NEEDS_FINAL_PRICE_OR_ADDITIONAL_DEPLOYMENT_AUDIT
NFL-NW093,NEXT_WAVE,RESEARCH_SURVIVOR,LONG,DOG35_49,ANY,rank_edge_punt_return_average,>=,5.300000000000011,adv_prior_road_miles_last3,>=,374.5215340745484,,,,98,0.2203061224489796,76,0.3340789473684211,85,0.2278823529411764,259,0.2561776061776062,0.7,0.35,0.4999,PENDING_AUDIT,PENDING_AUDIT,True,0.0694980694980695,0.1891891891891892,CIN,0.3366386165510109,,0.24662162162162163,,,,,WATCHLIST,NEEDS_FINAL_PRICE_OR_ADDITIONAL_DEPLOYMENT_AUDIT
NFL-H039,H_SERIES,FINAL_RESEARCH,LONG,DOG35_44,ANY,rank_edge_giveaway_rate,>=,0.0,rank_edge_penalty_yards,>=,14.0,,,,32,0.28875,32,0.35,36,0.2222222222222222,100,0.2844,0.7333333333333333,0.35,0.4499,+122 to +186,KEEP_ORIGINAL_BAND,True,0.09,0.23,CIN,0.33088888888888884,,0.08928571428571429,TRAVEL,adv_prior_tz_hours_last4,<=,-2.0,WATCHLIST,BELOW_STRICT_LIVE_READY_GATE
NFL-NW092,NEXT_WAVE,RESEARCH_SURVIVOR,LONG,DOG35_49,AWAY,rank_edge_def_allowed_pass_epa_per_dropback,<=,-8.0,rank_edge_def_allowed_explosive_rate,<=,-14.0,recent_edge_giveaway_rate,>=,-0.0052251865973571,27,0.3981481481481481,21,0.589047619047619,23,0.2291304347826087,71,0.3998591549295774,0.6923076923076923,0.35,0.4999,PENDING_AUDIT,PENDING_AUDIT,True,0.09859154929577464,0.2676056338028169,JAX,0.33079650888520096,,0.43859649122807015,,,,,WATCHLIST,NEEDS_FINAL_PRICE_OR_ADDITIONAL_DEPLOYMENT_AUDIT
NFL-C005,COACHING,READY,LONG,DOG35_49,AWAY,adv_staff_change_count,<=,0.0,rank_edge_third_down_success,>=,0.0,,,,71,0.2564788732394366,67,0.2494029850746268,51,0.2111764705882353,189,0.2417460317460317,0.7777777777777778,0.35,0.4999,BROAD_BAND_PENDING_PRICE_AUDIT,PENDING_EXACT_PRICE_AUDIT,True,0.06878306878306878,0.19576719576719576,PHI,0.33031023791478864,,0.3368421052631579,,,,,WATCHLIST,NEEDS_FINAL_PRICE_OR_ADDITIONAL_DEPLOYMENT_AUDIT
NFL-C004,COACHING,READY,LONG,DOG35_44,ANY,hc_prior_win_pct,<=,0.4642857142857143,rank_edge_punt_return_average,>=,9.0,,,,53,0.6813207547169812,25,0.3724,45,0.2186666666666666,123,0.4492682926829267,0.7368421052631579,0.35,0.4499,BROAD_BAND_PENDING_PRICE_AUDIT,PENDING_EXACT_PRICE_AUDIT,True,0.10569105691056911,0.2764227642276423,DET,0.32986166287370416,,0.14029850746268657,,,,,WATCHLIST,NEEDS_FINAL_PRICE_OR_ADDITIONAL_DEPLOYMENT_AUDIT
NFL-NW101,NEXT_WAVE,RESEARCH_SURVIVOR,LONG,DOG35_44,AWAY,recent_edge_sack_or_hit_rate,>=,-0.0147564808411956,rank_edge_third_down_success,>=,5.0,,,,84,0.4688095238095237,54,0.4518518518518518,43,0.2204651162790697,181,0.4047513812154695,0.65,0.35,0.4499,PENDING_AUDIT,PENDING_AUDIT,True,0.06629834254143646,0.1878453038674033,NO,0.3289070806507993,,0.5,,,,,WATCHLIST,NEEDS_FINAL_PRICE_OR_ADDITIONAL_DEPLOYMENT_AUDIT
NFL-NW098,NEXT_WAVE,RESEARCH_SURVIVOR,LONG,DOG35_44,AWAY,recent_edge_def_allowed_early_down_epa,<=,-0.0940072839275117,recent_edge_def_allowed_explosive_rate,<=,-0.0088190417631774,recent_edge_sack_or_hit_rate,>=,-0.0147564808411956,32,0.614375,25,0.4316,25,0.222,82,0.4390243902439025,0.7333333333333333,0.35,0.4499,PENDING_AUDIT,PENDING_AUDIT,True,0.0975609756097561,0.23170731707317074,NYG,0.32851201297625954,,0.4146341463414634,,,,,WATCHLIST,NEEDS_FINAL_PRICE_OR_ADDITIONAL_DEPLOYMENT_AUDIT
NFL-NW096,NEXT_WAVE,RESEARCH_SURVIVOR,LONG,DOG35_49,AWAY,rank_edge_def_allowed_off_epa_per_play,<=,-12.0,adv_prior_road_miles_last4,>=,-22.615351354006503,rank_edge_third_down_success,>=,5.0,33,0.7806060606060606,28,0.3278571428571428,21,0.2233333333333333,82,0.4832926829268293,0.7142857142857143,0.35,0.4999,PENDING_AUDIT,PENDING_AUDIT,True,0.10975609756097561,0.2804878048780488,IND,0.32832153678578335,,0.539568345323741,,,,,WATCHLIST,NEEDS_FINAL_PRICE_OR_ADDITIONAL_DEPLOYMENT_AUDIT
NFL-NW102,NEXT_WAVE,RESEARCH_SURVIVOR,MODERN,PK_55,AWAY,rank_edge_def_allowed_pass_epa_per_dropback,<=,-3.0,adv_prior_road_miles_last2,<=,417.76118356084817,rank_edge_def_allowed_off_epa_per_play,<=,-7.0,26,0.4169012363106865,26,0.247697984268944,22,0.2179768701507831,89,0.2600194620210707,0.7333333333333333,0.45,0.55,PENDING_AUDIT,PENDING_AUDIT,True,0.06741573033707865,0.1797752808988764,LV,0.3253782869835726,,0.14012738853503184,,,,,WATCHLIST,NEEDS_FINAL_PRICE_OR_ADDITIONAL_DEPLOYMENT_AUDIT
NFL-NW100,NEXT_WAVE,RESEARCH_SURVIVOR,LONG,DOG35_44,ANY,dc_team_tenure_seasons,<=,2.0,rank_edge_def_allowed_explosive_rate,<=,-15.0,recent_edge_def_allowed_early_down_epa,<=,-0.0724433265090011,28,0.4167857142857142,21,0.7661904761904762,38,0.2213157894736841,87,0.4157471264367816,0.6875,0.35,0.4499,PENDING_AUDIT,PENDING_AUDIT,False,,,,0.32480377078914957,,0.0,,,,,WATCHLIST,NEEDS_FINAL_PRICE_OR_ADDITIONAL_DEPLOYMENT_AUDIT
NFL-NW091,NEXT_WAVE,RESEARCH_SURVIVOR,LONG,DOG35_49,ANY,adv_prior_long_trips_last3,>=,1.0,recent_edge_kick_return_average,>=,2.110555555555555,,,,36,0.4533333333333333,45,0.2508888888888889,52,0.2313461538461538,133,0.2980451127819549,0.5,0.35,0.4999,PENDING_AUDIT,PENDING_AUDIT,True,0.09774436090225563,0.21804511278195488,MIA,0.32444244487033097,,0.25257731958762886,,,,,WATCHLIST,NEEDS_FINAL_PRICE_OR_ADDITIONAL_DEPLOYMENT_AUDIT
NFL-NW095,NEXT_WAVE,RESEARCH_SURVIVOR,LONG,DOG35_44,AWAY,opp_prior_road_miles_last3,>=,2020.0745414333333,recent_edge_giveaway_rate,>=,0.0082138441102377,,,,34,0.5602941176470588,23,0.5591304347826087,26,0.225,83,0.4549397590361445,0.625,0.35,0.4499,PENDING_AUDIT,PENDING_AUDIT,True,0.08433734939759036,0.2289156626506024,CHI,0.3229769523094019,,0.3546099290780142,,,,,WATCHLIST,NEEDS_FINAL_PRICE_OR_ADDITIONAL_DEPLOYMENT_AUDIT
NFL-NW104,NEXT_WAVE,RESEARCH_SURVIVOR,LONG,DOG35_49,AWAY,recent_edge_def_allowed_early_down_epa,<=,-0.0897030464878997,rank_edge_def_allowed_rush_epa_per_carry,<=,-9.25,adv_prior_road_miles_last4,>=,-22.615351354006503,36,0.6563888888888889,22,0.4668181818181818,27,0.2125925925925926,85,0.4663529411764707,0.7647058823529411,0.35,0.4999,PENDING_AUDIT,PENDING_AUDIT,True,0.10588235294117647,0.25882352941176473,IND,0.3220045363236852,,0.46846846846846846,,,,,WATCHLIST,NEEDS_FINAL_PRICE_OR_ADDITIONAL_DEPLOYMENT_AUDIT
NFL-NW074,NEXT_WAVE,RESEARCH_SURVIVOR,LONG,DOG35_49,AWAY,rank_edge_def_allowed_off_epa_per_play,<=,-12.0,rank_edge_def_allowed_explosive_rate,<=,-9.0,,,,44,0.5690909090909091,39,0.2153846153846154,38,0.2789473684210525,121,0.3639669421487603,0.6666666666666666,0.35,0.4999,PENDING_AUDIT,PENDING_AUDIT,True,0.09090909090909091,0.23140495867768596,NYG,0.32078758297585996,,0.6528925619834711,,,,,WATCHLIST,NEEDS_FINAL_PRICE_OR_ADDITIONAL_DEPLOYMENT_AUDIT
NFL-H040,H_SERIES,FINAL_RESEARCH,MODERN,DOG35_44,HOME,rank_edge_def_allowed_explosive_rate,>=,9.0,,,,,,,28,0.4132142857142857,15,0.4706666666666667,38,0.2052631578947368,81,0.3262962962962963,0.8461538461538461,0.35,0.4499,+122 to +186,KEEP_ORIGINAL_BAND,True,0.07547169811320754,0.19811320754716982,NYJ,0.32066759105901077,,0.04568527918781726,,,,,WATCHLIST,BELOW_STRICT_LIVE_READY_GATE
NFL-C006,COACHING,READY,LONG,DOG35_49,AWAY,adv_staff_change_count,<=,0.0,rank_edge_punt_return_average,>=,1.0,,,,70,0.3277142857142857,59,0.2691525423728813,51,0.1992156862745098,180,0.2721111111111111,0.7894736842105263,0.35,0.4999,BROAD_BAND_PENDING_PRICE_AUDIT,PENDING_EXACT_PRICE_AUDIT,True,0.06666666666666667,0.19444444444444445,CIN,0.31875539363893457,,0.33212996389891697,,,,,WATCHLIST,NEEDS_FINAL_PRICE_OR_ADDITIONAL_DEPLOYMENT_AUDIT
NFL-H022,H_SERIES,FINAL_RESEARCH,LONG,DOG35_44,ANY,rank_edge_rush_epa_per_carry,>=,14.0,rank_edge_punt_return_average,>=,-9.0,,,,52,0.2773076923076923,37,0.5056756756756757,40,0.211,129,0.3222480620155039,0.6842105263157895,0.35,0.4329004329004329,+131 to +186,TIGHTEN_LIVE_PRICE,True,0.06796116504854369,0.1941747572815534,ATL,0.3185015848627443,,0.38,COACHING,hc_prior_win_pct,>=,0.600943396226415,WATCHLIST,BELOW_STRICT_LIVE_READY_GATE
NFL-NW087,NEXT_WAVE,RESEARCH_SURVIVOR,LONG,DOG35_49,AWAY,rank_edge_def_allowed_off_epa_per_play,<=,-12.0,rank_edge_def_allowed_rush_epa_per_carry,<=,-9.25,rank_edge_def_allowed_explosive_rate,<=,-9.0,31,0.6816129032258063,25,0.22,19,0.2368421052631578,75,0.4150666666666666,0.6428571428571429,0.35,0.4999,PENDING_AUDIT,PENDING_AUDIT,True,0.13333333333333333,0.29333333333333333,NYG,0.31830510301336395,,0.6198347107438017,,,,,WATCHLIST,NEEDS_FINAL_PRICE_OR_ADDITIONAL_DEPLOYMENT_AUDIT
NFL-NW109,NEXT_WAVE,RESEARCH_SURVIVOR,LONG,DOG35_49,AWAY,rank_edge_def_allowed_pass_epa_per_dropback,<=,-8.0,rank_edge_def_allowed_explosive_rate,<=,-9.0,recent_edge_giveaway_rate,>=,-0.0052251865973571,37,0.3543243243243243,34,0.4649999999999999,35,0.206,106,0.3408490566037737,0.7647058823529411,0.35,0.4999,PENDING_AUDIT,PENDING_AUDIT,True,0.09433962264150944,0.2169811320754717,IND,0.3178091172198545,,0.6698113207547169,,,,,WATCHLIST,NEEDS_FINAL_PRICE_OR_ADDITIONAL_DEPLOYMENT_AUDIT
NFL-NW103,NEXT_WAVE,RESEARCH_SURVIVOR,MODERN,DOG35_49,AWAY,opp_prior_road_games_last5,<=,1.0,rank_edge_kick_return_average,<=,-5.0,,,,36,0.3738888888888889,24,0.3316666666666667,21,0.2157142857142857,100,0.2419,0.6470588235294118,0.35,0.4999,PENDING_AUDIT,PENDING_AUDIT,True,0.07,0.19,ARI,0.3174789915966386,,0.08823529411764706,,,,,WATCHLIST,NEEDS_FINAL_PRICE_OR_ADDITIONAL_DEPLOYMENT_AUDIT
NFL-NW112,NEXT_WAVE,RESEARCH_SURVIVOR,LONG,DOG35_49,AWAY,recent_edge_def_allowed_early_down_epa,<=,-0.0897030464878997,recent_edge_giveaway_rate,>=,-0.0052251865973571,adv_prior_road_miles_last4,>=,-22.615351354006503,52,0.5646153846153846,33,0.5757575757575758,51,0.2001960784313725,136,0.4306617647058824,0.7894736842105263,0.35,0.4999,PENDING_AUDIT,PENDING_AUDIT,True,0.11029411764705882,0.23529411764705882,IND,0.31669244587747003,,0.5661764705882353,,,,,WATCHLIST,NEEDS_FINAL_PRICE_OR_ADDITIONAL_DEPLOYMENT_AUDIT
NFL-NW069,NEXT_WAVE,RESEARCH_SURVIVOR,LONG,DOG35_49,ANY,adv_prior_road_miles_last4,>=,1044.6112121956917,rank_edge_def_allowed_success_rate,<=,-14.400000000000006,,,,32,0.2075,25,0.4160000000000001,35,0.2931428571428572,92,0.2967391304347825,0.75,0.35,0.4999,PENDING_AUDIT,PENDING_AUDIT,True,0.08695652173913043,0.2391304347826087,ATL,0.3165946956836389,,0.16901408450704225,,,,,WATCHLIST,NEEDS_FINAL_PRICE_OR_ADDITIONAL_DEPLOYMENT_AUDIT
NFL-NW105,NEXT_WAVE,RESEARCH_SURVIVOR,MODERN,PK_55,AWAY,rank_edge_def_allowed_pass_epa_per_dropback,<=,-3.0,adv_prior_road_miles_last2,<=,417.76118356084817,,,,39,0.244107234113053,29,0.2573635799106083,32,0.2088205242295631,127,0.1947942016971886,0.631578947368421,0.45,0.55,PENDING_AUDIT,PENDING_AUDIT,True,0.05511811023622047,0.16535433070866143,LV,0.3119419330429357,,0.7007874015748031,,,,,WATCHLIST,NEEDS_FINAL_PRICE_OR_ADDITIONAL_DEPLOYMENT_AUDIT
NFL-NW116,NEXT_WAVE,RESEARCH_SURVIVOR,LONG,DOG35_49,ANY,rank_edge_punt_return_average,>=,-5.300000000000011,adv_prior_road_miles_last4,>=,1044.6112121956917,,,,115,0.2423478260869565,103,0.2635922330097088,116,0.1862931034482758,334,0.2294311377245509,0.75,0.35,0.4999,PENDING_AUDIT,PENDING_AUDIT,True,0.059880239520958084,0.16467065868263472,CHI,0.3093867651185649,,0.3632183908045977,,,,,WATCHLIST,NEEDS_FINAL_PRICE_OR_ADDITIONAL_DEPLOYMENT_AUDIT
NFL-NW106,NEXT_WAVE,RESEARCH_SURVIVOR,LONG,DOG20_34,AWAY,road_miles_last4_including_current,<=,1254.5054897571115,recent_edge_def_allowed_explosive_rate,>=,0.0151045231024119,,,,40,0.38675,35,0.288,22,0.2086363636363636,97,0.310721649484536,0.6111111111111112,0.2,0.3499,PENDING_AUDIT,PENDING_AUDIT,True,0.08247422680412371,0.21649484536082475,CLE,0.3071945458819086,,0.10270270270270271,,,,,WATCHLIST,NEEDS_FINAL_PRICE_OR_ADDITIONAL_DEPLOYMENT_AUDIT
NFL-NW113,NEXT_WAVE,RESEARCH_SURVIVOR,LONG,DOG35_49,AWAY,rank_edge_def_allowed_pass_epa_per_dropback,<=,-8.0,recent_edge_third_down_success,>=,0.0538273858494447,adv_prior_road_miles_last4,>=,-22.615351354006503,39,0.6756410256410256,26,0.3188461538461539,29,0.1958620689655172,94,0.428936170212766,0.75,0.35,0.4999,PENDING_AUDIT,PENDING_AUDIT,True,0.07446808510638298,0.2127659574468085,ATL,0.30519026530550963,,0.42138364779874216,,,,,WATCHLIST,NEEDS_FINAL_PRICE_OR_ADDITIONAL_DEPLOYMENT_AUDIT
NFL-NW075,NEXT_WAVE,RESEARCH_SURVIVOR,LONG,DOG35_49,ANY,rank_edge_punt_return_average,>=,-5.300000000000011,recent_edge_third_down_success,>=,0.073765106582444,,,,121,0.1853719008264462,95,0.3108421052631579,91,0.2768131868131868,307,0.2513029315960912,0.7,0.35,0.4999,PENDING_AUDIT,PENDING_AUDIT,True,0.05537459283387622,0.15309446254071662,NO,0.3035503602133759,,0.484472049689441,,,,,WATCHLIST,NEEDS_FINAL_PRICE_OR_ADDITIONAL_DEPLOYMENT_AUDIT
NFL-NW117,NEXT_WAVE,RESEARCH_SURVIVOR,MODERN,FAV65_75,AWAY,rank_edge_def_allowed_explosive_rate,>=,1.0,rank_edge_early_down_epa,<=,7.0,rank_edge_fg_accuracy,<=,10.375,28,0.3449711993187404,21,0.2181883000244549,27,0.1856228108265116,108,0.2130071806501087,0.8235294117647058,0.65,0.75,PENDING_AUDIT,PENDING_AUDIT,True,0.09259259259259259,0.24074074074074073,SEA,0.3023407576548618,,0.0,,,,,WATCHLIST,NEEDS_FINAL_PRICE_OR_ADDITIONAL_DEPLOYMENT_AUDIT
NFL-NW111,NEXT_WAVE,RESEARCH_SURVIVOR,MODERN,FAV65_75,AWAY,rank_edge_early_down_epa,<=,7.0,recent_edge_penalty_yards,<=,8.416666666666668,,,,35,0.2812254932121538,24,0.1884066495528862,29,0.2014139037321689,120,0.1627346557916832,0.7647058823529411,0.65,0.75,PENDING_AUDIT,PENDING_AUDIT,True,0.08333333333333333,0.20833333333333334,SEA,0.3015626512923121,,0.425,,,,,WATCHLIST,NEEDS_FINAL_PRICE_OR_ADDITIONAL_DEPLOYMENT_AUDIT
NFL-NW055,NEXT_WAVE,RESEARCH_SURVIVOR,LONG,DOG20_34,AWAY,recent_edge_giveaway_rate,>=,0.0090612622214874,road_miles_last4_including_current,<=,1254.5054897571115,,,,49,0.190204081632653,24,0.67625,26,0.3215384615384615,99,0.3425252525252525,0.7647058823529411,0.2,0.3499,PENDING_AUDIT,PENDING_AUDIT,True,0.09090909090909091,0.23232323232323232,WAS,0.3012714320858271,,0.15976331360946747,,,,,WATCHLIST,NEEDS_FINAL_PRICE_OR_ADDITIONAL_DEPLOYMENT_AUDIT
NFL-NW115,NEXT_WAVE,RESEARCH_SURVIVOR,LONG,DOG35_49,AWAY,recent_edge_punt_return_average,>=,4.679166666666667,recent_edge_giveaway_rate,>=,-0.0052251865973571,adv_prior_road_miles_last4,>=,-22.615351354006503,44,0.4109090909090909,37,0.6132432432432432,34,0.1864705882352941,115,0.4096521739130435,0.7894736842105263,0.35,0.4999,PENDING_AUDIT,PENDING_AUDIT,True,0.06086956521739131,0.17391304347826086,CHI,0.3011459289809765,,0.3299492385786802,,,,,WATCHLIST,NEEDS_FINAL_PRICE_OR_ADDITIONAL_DEPLOYMENT_AUDIT
NFL-NW121,NEXT_WAVE,RESEARCH_SURVIVOR,MODERN,FAV65_75,AWAY,rank_edge_early_down_epa,<=,7.0,rank_edge_fg_accuracy,<=,10.375,recent_edge_penalty_yards,<=,8.416666666666668,24,0.4505928207084372,17,0.1715230456312566,22,0.1833415937026836,85,0.2504883187080097,1.0,0.65,0.75,PENDING_AUDIT,PENDING_AUDIT,True,0.10588235294117647,0.24705882352941178,SEA,0.2997585187741139,,0.7083333333333334,,,,,WATCHLIST,NEEDS_FINAL_PRICE_OR_ADDITIONAL_DEPLOYMENT_AUDIT
NFL-NW138,NEXT_WAVE,RESEARCH_SURVIVOR,LONG,DOG35_49,ANY,rank_edge_punt_return_average,>=,5.300000000000011,recent_edge_explosive_rate,<=,-0.0164426581934925,,,,89,0.270561797752809,67,0.3328358208955224,93,0.1716129032258064,249,0.2503614457831324,0.8,0.35,0.4999,PENDING_AUDIT,PENDING_AUDIT,True,0.05622489959839357,0.1606425702811245,NO,0.2955178869031998,,0.20094562647754138,,,,,WATCHLIST,NEEDS_FINAL_PRICE_OR_ADDITIONAL_DEPLOYMENT_AUDIT
NFL-H031,H_SERIES,FINAL_RESEARCH,LONG,DOG35_44,AWAY,base_vs_open_prob_move,<=,-0.007362274976506,rank_edge_redzone_epa,>=,1.0,,,,76,0.2530263157894737,51,0.2354901960784314,76,0.1828947368421053,203,0.2223645320197044,0.6842105263157895,0.35,0.4166666666666667,+140 to +186,TIGHTEN_LIVE_PRICE,True,0.06766917293233082,0.16541353383458646,NYG,0.2953189798951988,,0.20233463035019456,COACHING,adv_dc_tenure_seasons,>=,1.0,WATCHLIST,BELOW_STRICT_LIVE_READY_GATE
NFL-NW127,NEXT_WAVE,RESEARCH_SURVIVOR,LONG,DOG35_49,ANY,rank_edge_punt_return_average,>=,-5.300000000000011,adv_prior_long_trips_last3,>=,1.0,,,,93,0.2733333333333334,75,0.3290666666666667,93,0.1788172043010752,261,0.2556704980842911,0.7,0.35,0.4999,PENDING_AUDIT,PENDING_AUDIT,True,0.06513409961685823,0.19540229885057472,ARI,0.2952332169845322,,0.5063291139240507,,,,,WATCHLIST,NEEDS_FINAL_PRICE_OR_ADDITIONAL_DEPLOYMENT_AUDIT
NFL-NW123,NEXT_WAVE,RESEARCH_SURVIVOR,MODERN,DOG35_44,AWAY,recent_edge_giveaway_rate,>=,0.0086138608648531,adv_prior_road_streak,>=,1.0,,,,32,0.3121874999999999,21,0.4447619047619047,33,0.1827272727272727,134,0.3391044776119403,0.7368421052631579,0.35,0.4499,PENDING_AUDIT,PENDING_AUDIT,True,0.06716417910447761,0.1865671641791045,CAR,0.29485226110744556,,0.3231707317073171,,,,,WATCHLIST,NEEDS_FINAL_PRICE_OR_ADDITIONAL_DEPLOYMENT_AUDIT
NFL-NW133,NEXT_WAVE,RESEARCH_SURVIVOR,LONG,DOG35_44,AWAY,rank_edge_third_down_success,>=,5.0,recent_edge_sack_or_hit_rate,>=,-0.0631559729586045,,,,108,0.3014814814814815,76,0.3210526315789473,68,0.1752941176470588,252,0.2733333333333333,0.7,0.35,0.4499,PENDING_AUDIT,PENDING_AUDIT,True,0.06746031746031746,0.17063492063492064,NO,0.2913291311665974,,0.7182539682539683,,,,,WATCHLIST,NEEDS_FINAL_PRICE_OR_ADDITIONAL_DEPLOYMENT_AUDIT
NFL-NW129,NEXT_WAVE,RESEARCH_SURVIVOR,MODERN,DOG35_44,ANY,oc_prior_role_seasons,<=,4.0,qb_prior_starts,>=,118.19999999999992,,,,38,0.2442105263157895,30,0.3096666666666666,66,0.1777272727272727,134,0.2261194029850746,0.75,0.35,0.4499,PENDING_AUDIT,PENDING_AUDIT,True,0.12142857142857143,0.3142857142857143,PIT,0.2909048926863929,,0.08888888888888889,,,,,WATCHLIST,NEEDS_FINAL_PRICE_OR_ADDITIONAL_DEPLOYMENT_AUDIT
NFL-NW134,NEXT_WAVE,RESEARCH_SURVIVOR,MODERN,PK_55,AWAY,adv_returning_offense_snap_share,>=,0.054154334989622,rank_edge_def_allowed_success_rate,<=,5.0,,,,31,0.2215917339149249,25,0.3885460462668009,38,0.173318456549548,94,0.2464797474139949,0.8333333333333334,0.45,0.55,PENDING_AUDIT,PENDING_AUDIT,True,0.07446808510638298,0.2127659574468085,GB,0.28931331955620715,,0.17307692307692307,,,,,WATCHLIST,NEEDS_FINAL_PRICE_OR_ADDITIONAL_DEPLOYMENT_AUDIT
NFL-C007,COACHING,READY,LONG,DOG35_49,AWAY,dc_prior_games,<=,14.0,recent_edge_sack_or_hit_rate,>=,-0.0437273575519235,,,,110,0.3093636363636363,39,0.34,57,0.1747368421052631,206,0.2779126213592233,0.7,0.35,0.4999,BROAD_BAND_PENDING_PRICE_AUDIT,PENDING_EXACT_PRICE_AUDIT,True,0.06310679611650485,0.16990291262135923,BAL,0.28858352261449194,,0.49137931034482757,,,,,WATCHLIST,NEEDS_FINAL_PRICE_OR_ADDITIONAL_DEPLOYMENT_AUDIT
NFL-NW065,NEXT_WAVE,RESEARCH_SURVIVOR,MODERN,PK_55,AWAY,oc_prior_role_seasons,>=,3.0,rank_edge_def_allowed_early_down_epa,<=,6.900000000000006,adv_prior_road_miles_last2,<=,834.6920601773531,34,0.1851591294194994,15,0.4865150153829399,19,0.2947920616939788,77,0.2644060988003023,0.6923076923076923,0.45,0.55,PENDING_AUDIT,PENDING_AUDIT,True,0.07446808510638298,0.20212765957446807,IND,0.28770601293342685,,0.2556818181818182,,,,,WATCHLIST,NEEDS_FINAL_PRICE_OR_ADDITIONAL_DEPLOYMENT_AUDIT
NFL-C008,COACHING,READY,MODERN,DOG35_44,HOME,oc_prior_games,<=,32.0,recent_edge_sack_rate_allowed,<=,0.0,,,,55,0.3045454545454545,31,0.2258064516129032,62,0.1587096774193549,148,0.2269594594594594,0.9285714285714286,0.35,0.4499,BROAD_BAND_PENDING_PRICE_AUDIT,PENDING_EXACT_PRICE_AUDIT,True,0.07216494845360824,0.211340206185567,CHI,0.28725193458994314,,0.16279069767441862,,,,,WATCHLIST,NEEDS_FINAL_PRICE_OR_ADDITIONAL_DEPLOYMENT_AUDIT
NFL-T002,TRAVEL,READY,LONG,DOG35_44,AWAY,adv_altitude_change_ft,<=,-593.0,,,,,,,47,0.5559574468085107,39,0.1794871794871795,42,0.2442857142857142,128,0.338984375,0.6842105263157895,0.35,0.4499,BROAD_BAND_PENDING_PRICE_AUDIT,PENDING_EXACT_PRICE_AUDIT,True,0.0859375,0.2421875,TB,0.28690427083363934,,0.1148936170212766,,,,,WATCHLIST,NEEDS_FINAL_PRICE_OR_ADDITIONAL_DEPLOYMENT_AUDIT
NFL-NW073,NEXT_WAVE,RESEARCH_SURVIVOR,LONG,DOG35_49,ANY,rank_edge_punt_return_average,>=,5.300000000000011,recent_edge_third_down_success,>=,0.073765106582444,,,,63,0.1673015873015873,49,0.4110204081632653,52,0.2825,164,0.2766463414634146,0.8,0.35,0.4999,PENDING_AUDIT,PENDING_AUDIT,True,0.06097560975609756,0.17073170731707318,NO,0.28667268350277975,,0.5342019543973942,,,,,WATCHLIST,NEEDS_FINAL_PRICE_OR_ADDITIONAL_DEPLOYMENT_AUDIT
NFL-NW120,NEXT_WAVE,RESEARCH_SURVIVOR,LONG,DOG35_49,AWAY,recent_edge_def_allowed_early_down_epa,<=,-0.0897030464878997,recent_edge_giveaway_rate,>=,-0.0052251865973571,recent_edge_third_down_success,>=,0.0538273858494447,30,0.7880000000000001,34,0.3249999999999999,27,0.184074074074074,91,0.4358241758241759,0.6666666666666666,0.35,0.4999,PENDING_AUDIT,PENDING_AUDIT,True,0.07692307692307693,0.1978021978021978,IND,0.28638344221543466,,0.47540983606557374,,,,,WATCHLIST,NEEDS_FINAL_PRICE_OR_ADDITIONAL_DEPLOYMENT_AUDIT
NFL-NW119,NEXT_WAVE,RESEARCH_SURVIVOR,LONG,DOG35_49,AWAY,rank_edge_def_allowed_early_down_epa,<=,-13.0,recent_edge_def_allowed_explosive_rate,<=,-0.0099145307533787,recent_edge_giveaway_rate,>=,-0.0052251865973571,25,0.5995999999999999,24,0.24875,28,0.1842857142857143,77,0.3392207792207792,0.6666666666666666,0.35,0.4999,PENDING_AUDIT,PENDING_AUDIT,True,0.09090909090909091,0.24675324675324675,KC,0.2847813157483597,,0.3577981651376147,,,,,WATCHLIST,NEEDS_FINAL_PRICE_OR_ADDITIONAL_DEPLOYMENT_AUDIT
NFL-NW146,NEXT_WAVE,RESEARCH_SURVIVOR,LONG,PK_55,AWAY,recent_edge_def_allowed_off_epa_per_play,<=,0.0777860982723738,recent_edge_penalty_yards,<=,-14.416666666666668,,,,31,0.1913323848957976,25,0.2290977652518686,25,0.1663273595069377,81,0.1952707660585171,0.875,0.45,0.55,PENDING_AUDIT,PENDING_AUDIT,True,0.07407407407407407,0.19753086419753085,PHI,0.28403948497890397,,0.14,,,,,WATCHLIST,NEEDS_FINAL_PRICE_OR_ADDITIONAL_DEPLOYMENT_AUDIT
NFL-NW125,NEXT_WAVE,RESEARCH_SURVIVOR,LONG,DOG20_34,AWAY,rank_edge_penalty_yards,>=,-5.5,rank_edge_kick_return_average,<=,-9.0,,,,73,0.1735616438356164,62,0.4154838709677419,66,0.1804545454545454,201,0.2504477611940299,0.65,0.2,0.3499,PENDING_AUDIT,PENDING_AUDIT,True,0.07960199004975124,0.19900497512437812,ARI,0.2831415452711286,,0.3781094527363184,,,,,WATCHLIST,NEEDS_FINAL_PRICE_OR_ADDITIONAL_DEPLOYMENT_AUDIT
NFL-NW139,NEXT_WAVE,RESEARCH_SURVIVOR,LONG,DOG35_49,AWAY,recent_edge_def_allowed_early_down_epa,<=,-0.1638062689515892,recent_edge_giveaway_rate,>=,-0.0052251865973571,,,,41,0.6168292682926829,29,0.3068965517241379,42,0.1711904761904761,112,0.3694642857142857,0.7058823529411765,0.35,0.4999,PENDING_AUDIT,PENDING_AUDIT,True,0.08928571428571429,0.22321428571428573,IND,0.27889151499252474,,0.6875,,,,,WATCHLIST,NEEDS_FINAL_PRICE_OR_ADDITIONAL_DEPLOYMENT_AUDIT
NFL-NW136,NEXT_WAVE,RESEARCH_SURVIVOR,LONG,DOG35_49,ANY,adv_prior_long_trips_last3,>=,1.0,recent_edge_explosive_rate,<=,-0.0164426581934925,rank_edge_punt_return_average,>=,-5.300000000000011,24,0.4633333333333334,25,0.6952000000000002,39,0.1725641025641026,88,0.4003409090909091,0.7142857142857143,0.35,0.4999,PENDING_AUDIT,PENDING_AUDIT,True,0.10227272727272728,0.26136363636363635,NO,0.27831902651071394,,0.3371647509578544,,,,,WATCHLIST,NEEDS_FINAL_PRICE_OR_ADDITIONAL_DEPLOYMENT_AUDIT
NFL-NW128,NEXT_WAVE,RESEARCH_SURVIVOR,LONG,DOG35_49,ANY,adv_prior_long_trips_last3,>=,1.0,recent_edge_explosive_rate,<=,-0.0164426581934925,adv_prior_road_miles_last4,>=,1044.6112121956917,27,0.5625925925925925,22,0.3027272727272727,40,0.17775,89,0.3253932584269663,0.6470588235294118,0.35,0.4999,PENDING_AUDIT,PENDING_AUDIT,True,0.07865168539325842,0.2247191011235955,MIA,0.2782494560484758,,0.5128205128205128,,,,,WATCHLIST,NEEDS_FINAL_PRICE_OR_ADDITIONAL_DEPLOYMENT_AUDIT
NFL-NW137,NEXT_WAVE,RESEARCH_SURVIVOR,MODERN,DOG35_49,ANY,rank_edge_def_allowed_sack_or_hit_rate,>=,13.0,recent_edge_off_epa,<=,-8.409639938561522,,,,31,0.5225806451612902,20,0.4665,28,0.1721428571428571,112,0.2697321428571428,0.6842105263157895,0.35,0.4999,PENDING_AUDIT,PENDING_AUDIT,True,0.07142857142857142,0.21428571428571427,BAL,0.2781101498148748,,0.232,,,,,WATCHLIST,NEEDS_FINAL_PRICE_OR_ADDITIONAL_DEPLOYMENT_AUDIT
NFL-NW150,NEXT_WAVE,RESEARCH_SURVIVOR,MODERN,DOG35_44,ANY,rank_edge_def_allowed_explosive_rate,>=,7.0,rank_edge_def_allowed_success_rate,>=,7.0,oc_prior_role_seasons,<=,4.0,30,0.3243333333333333,19,0.3052631578947368,26,0.1646153846153846,107,0.2526168224299064,0.7647058823529411,0.35,0.4499,PENDING_AUDIT,PENDING_AUDIT,True,0.09565217391304348,0.22608695652173913,BAL,0.2765264496457501,,0.15706806282722513,,,,,WATCHLIST,NEEDS_FINAL_PRICE_OR_ADDITIONAL_DEPLOYMENT_AUDIT
NFL-NW130,NEXT_WAVE,RESEARCH_SURVIVOR,LONG,DOG35_49,AWAY,rank_edge_def_allowed_pass_epa_per_dropback,<=,-8.0,rank_edge_def_allowed_explosive_rate,<=,-9.0,rank_edge_third_down_success,>=,5.0,32,0.61125,23,0.2795652173913043,18,0.1761111111111111,73,0.3994520547945205,0.6666666666666666,0.35,0.4999,PENDING_AUDIT,PENDING_AUDIT,True,0.0958904109589041,0.2602739726027397,IND,0.27602751594745584,,0.4527027027027027,,,,,WATCHLIST,NEEDS_FINAL_PRICE_OR_ADDITIONAL_DEPLOYMENT_AUDIT
NFL-NW144,NEXT_WAVE,RESEARCH_SURVIVOR,LONG,DOG35_44,AWAY,rank_edge_third_down_success,>=,5.0,elo_edge,<=,-17.9625373625478,recent_edge_sack_or_hit_rate,>=,-0.0631559729586045,33,0.3854545454545454,31,0.6351612903225807,30,0.1699999999999999,94,0.3990425531914894,0.7058823529411765,0.35,0.4499,PENDING_AUDIT,PENDING_AUDIT,True,0.0851063829787234,0.20212765957446807,NO,0.2757987845752865,,0.373015873015873,,,,,WATCHLIST,NEEDS_FINAL_PRICE_OR_ADDITIONAL_DEPLOYMENT_AUDIT
NFL-NW152,NEXT_WAVE,RESEARCH_SURVIVOR,LONG,DOG35_44,AWAY,rank_edge_third_down_success,>=,5.0,adv_prior_road_miles_last4,>=,801.0648497063887,,,,44,0.5000000000000001,34,0.4594117647058823,36,0.1638888888888889,114,0.3817543859649122,0.7368421052631579,0.35,0.4499,PENDING_AUDIT,PENDING_AUDIT,True,0.07017543859649122,0.19298245614035087,ATL,0.27425887859335335,,0.6578947368421053,,,,,WATCHLIST,NEEDS_FINAL_PRICE_OR_ADDITIONAL_DEPLOYMENT_AUDIT
NFL-NW132,NEXT_WAVE,RESEARCH_SURVIVOR,LONG,DOG35_44,AWAY,recent_edge_def_allowed_early_down_epa,<=,-0.0940072839275117,recent_edge_giveaway_rate,>=,0.0082138441102377,recent_edge_sack_or_hit_rate,>=,-0.0631559729586045,31,0.52,24,0.4120833333333333,15,0.1753333333333333,70,0.4091428571428571,0.6363636363636364,0.35,0.4499,PENDING_AUDIT,PENDING_AUDIT,True,0.11428571428571428,0.2571428571428571,IND,0.27236987524278067,,0.3787878787878788,,,,,WATCHLIST,NEEDS_FINAL_PRICE_OR_ADDITIONAL_DEPLOYMENT_AUDIT
NFL-NW153,NEXT_WAVE,RESEARCH_SURVIVOR,LONG,DOG35_49,AWAY,recent_edge_def_allowed_early_down_epa,<=,-0.0897030464878997,recent_edge_giveaway_rate,>=,-0.0052251865973571,rank_edge_def_allowed_explosive_rate,<=,-9.0,28,0.4842857142857143,30,0.4240000000000001,33,0.1618181818181818,91,0.3474725274725275,0.7647058823529411,0.35,0.4999,PENDING_AUDIT,PENDING_AUDIT,True,0.0989010989010989,0.24175824175824176,IND,0.27197068721444445,,0.49242424242424243,,,,,WATCHLIST,NEEDS_FINAL_PRICE_OR_ADDITIONAL_DEPLOYMENT_AUDIT
NFL-NW151,NEXT_WAVE,RESEARCH_SURVIVOR,MODERN,FAV55_65,HOME,rank_edge_def_allowed_yards_per_play,<=,-11.75,rank_edge_def_allowed_pass_epa_per_dropback,<=,-10.0,,,,30,0.233653425801302,21,0.2054266297332618,23,0.1642589034165698,103,0.109990281782835,0.7058823529411765,0.55,0.65,PENDING_AUDIT,PENDING_AUDIT,True,0.06796116504854369,0.18446601941747573,ATL,0.2710504222694932,,0.0,,,,,WATCHLIST,NEEDS_FINAL_PRICE_OR_ADDITIONAL_DEPLOYMENT_AUDIT
NFL-NW163,NEXT_WAVE,RESEARCH_SURVIVOR,LONG,DOG35_49,ANY,rank_edge_punt_return_average,>=,-5.300000000000011,adv_prior_road_miles_last3,>=,374.5215340745484,,,,169,0.1767455621301775,153,0.2130718954248365,162,0.1429629629629629,484,0.1769214876033057,0.75,0.35,0.4999,PENDING_AUDIT,PENDING_AUDIT,True,0.049586776859504134,0.14669421487603307,CHI,0.2700840970040732,,0.5404896421845574,,,,,WATCHLIST,NEEDS_FINAL_PRICE_OR_ADDITIONAL_DEPLOYMENT_AUDIT
NFL-NW160,NEXT_WAVE,RESEARCH_SURVIVOR,LONG,DOG35_49,ANY,rank_edge_third_down_success,>=,3.0,dc_prior_role_seasons,<=,0.0,rank_edge_punt_return_average,>=,-5.300000000000011,43,0.3497674418604651,19,0.5931578947368422,31,0.1512903225806451,93,0.3333333333333333,0.8461538461538461,0.35,0.4999,PENDING_AUDIT,PENDING_AUDIT,True,0.058823529411764705,0.17647058823529413,BAL,0.2681947039868011,,0.203125,,,,,WATCHLIST,NEEDS_FINAL_PRICE_OR_ADDITIONAL_DEPLOYMENT_AUDIT
NFL-C009,COACHING,READY,LONG,DOG35_49,AWAY,dc_prior_games,<=,14.0,recent_edge_success_rate,>=,0.0,,,,70,0.365,27,0.4281481481481481,43,0.1567441860465115,140,0.3132142857142856,0.7222222222222222,0.35,0.4999,BROAD_BAND_PENDING_PRICE_AUDIT,PENDING_EXACT_PRICE_AUDIT,True,0.07142857142857142,0.19285714285714287,ARI,0.26817516471624525,,0.48497854077253216,,,,,WATCHLIST,NEEDS_FINAL_PRICE_OR_ADDITIONAL_DEPLOYMENT_AUDIT
NFL-H044,H_SERIES,FINAL_RESEARCH,LONG,DOG35_44,AWAY,rank_edge_redzone_epa,>=,1.0,recent_edge_kick_return_average,<=,-2.1666666666666643,,,,45,0.2864444444444444,42,0.325952380952381,40,0.16025,127,0.2597637795275591,0.6842105263157895,0.3657832941965783,0.4284604284604284,+133 to +173,TIGHTEN_LIVE_PRICE,True,0.0875,0.2125,ARI,0.26758193512916206,,0.17679558011049723,COACHING,adv_oc_prior_games,>=,14.75,WATCHLIST,BELOW_STRICT_LIVE_READY_GATE
NFL-NW157,NEXT_WAVE,RESEARCH_SURVIVOR,LONG,DOG35_49,ANY,rank_edge_def_allowed_success_rate,<=,-14.400000000000006,recent_edge_third_down_success,>=,0.073765106582444,,,,32,0.405625,33,0.2478787878787878,41,0.154390243902439,106,0.2593396226415094,0.7647058823529411,0.35,0.4999,PENDING_AUDIT,PENDING_AUDIT,True,0.10377358490566038,0.2169811320754717,IND,0.26619936112229353,,0.19047619047619047,,,,,WATCHLIST,NEEDS_FINAL_PRICE_OR_ADDITIONAL_DEPLOYMENT_AUDIT
NFL-NW159,NEXT_WAVE,RESEARCH_SURVIVOR,LONG,DOG35_44,ANY,rank_edge_punt_return_average,>=,5.0,rank_edge_def_allowed_sack_or_hit_rate,>=,12.0,dc_team_tenure_seasons,<=,3.0,26,0.3557692307692308,24,0.7604166666666666,20,0.152,70,0.4362857142857143,0.8333333333333334,0.35,0.4499,PENDING_AUDIT,PENDING_AUDIT,False,,,,0.2647941176670231,,0.0,,,,,WATCHLIST,NEEDS_FINAL_PRICE_OR_ADDITIONAL_DEPLOYMENT_AUDIT
NFL-H081,H_SERIES,WATCHLIST,LONG,DOG35_44,AWAY,base_vs_open_prob_move,<=,-0.007362274976506,recent_edge_giveaway_rate,>=,0.0073072061146031,,,,52,0.2448076923076922,40,0.35725,38,0.1586842105263158,130,0.2542307692307692,0.6470588235294118,0.35,0.4223878995923621,+137 to +186,TIGHTEN_LIVE_PRICE,True,0.07291666666666667,0.1875,WAS,0.2632975002163397,,0.2722222222222222,COACHING,adv_dc_prior_win_pct,<=,-0.0655784650630011,WATCHLIST,BELOW_STRICT_LIVE_READY_GATE
NFL-C010,COACHING,READY,MODERN,DOG35_44,HOME,oc_prior_games,<=,32.0,recent_edge_sack_or_hit_rate,<=,4.528103757894808e-05,,,,49,0.4155102040816326,30,0.199,61,0.140655737704918,140,0.2493571428571429,0.8461538461538461,0.35,0.4499,BROAD_BAND_PENDING_PRICE_AUDIT,PENDING_EXACT_PRICE_AUDIT,True,0.07772020725388601,0.20207253886010362,WAS,0.26200124628918164,,0.6192468619246861,,,,,WATCHLIST,NEEDS_FINAL_PRICE_OR_ADDITIONAL_DEPLOYMENT_AUDIT
NFL-NW156,NEXT_WAVE,RESEARCH_SURVIVOR,LONG,PK_55,AWAY,recent_edge_def_allowed_early_down_epa,<=,0.06340222728062,prior_road_games_last5,<=,1.0,,,,51,0.3295331387180751,43,0.1652275532305722,47,0.1601554788345838,141,0.2229665416224246,0.6,0.45,0.55,PENDING_AUDIT,PENDING_AUDIT,True,0.05673758865248227,0.15602836879432624,DEN,0.2618859566509683,,0.2641509433962264,,,,,WATCHLIST,NEEDS_FINAL_PRICE_OR_ADDITIONAL_DEPLOYMENT_AUDIT
NFL-NW135,NEXT_WAVE,RESEARCH_SURVIVOR,LONG,DOG35_49,AWAY,rank_edge_def_allowed_off_epa_per_play,<=,-12.0,rank_edge_def_allowed_rush_epa_per_carry,<=,-9.25,recent_edge_giveaway_rate,>=,-0.0052251865973571,34,0.6208823529411764,26,0.2457692307692308,28,0.1728571428571428,88,0.3675,0.5,0.35,0.4999,PENDING_AUDIT,PENDING_AUDIT,True,0.125,0.26136363636363635,IND,0.261469209660897,,0.5514018691588785,,,,,WATCHLIST,NEEDS_FINAL_PRICE_OR_ADDITIONAL_DEPLOYMENT_AUDIT
NFL-NW162,NEXT_WAVE,RESEARCH_SURVIVOR,MODERN,DOG35_49,HOME,hc_prior_role_seasons,<=,1.0,rank_edge_kick_return_average,>=,4.0,,,,34,0.1852941176470588,25,0.3864,50,0.1458,155,0.1789677419354838,0.75,0.35,0.4999,PENDING_AUDIT,PENDING_AUDIT,False,,,,0.2605582924542573,,0.0,,,,,WATCHLIST,NEEDS_FINAL_PRICE_OR_ADDITIONAL_DEPLOYMENT_AUDIT
NFL-NW145,NEXT_WAVE,RESEARCH_SURVIVOR,LONG,DOG35_49,AWAY,rank_edge_def_allowed_off_epa_per_play,<=,-12.0,rank_edge_def_allowed_explosive_rate,<=,-14.0,,,,32,0.7034374999999999,25,0.3428,24,0.1670833333333333,81,0.4332098765432099,0.5625,0.35,0.4999,PENDING_AUDIT,PENDING_AUDIT,True,0.12345679012345678,0.25925925925925924,NYG,0.25979545880529953,,0.6694214876033058,,,,,WATCHLIST,NEEDS_FINAL_PRICE_OR_ADDITIONAL_DEPLOYMENT_AUDIT
NFL-NW022,NEXT_WAVE,RESEARCH_SURVIVOR,LONG,DOG35_44,AWAY,rank_edge_rush_epa_per_carry,>=,14.0,recent_edge_sack_or_hit_rate,>=,-0.0147564808411956,,,,32,0.145625,23,0.4604347826086956,20,0.477,75,0.3305333333333333,0.8125,0.35,0.4499,PENDING_AUDIT,PENDING_AUDIT,True,0.08,0.21333333333333335,CIN,0.2575015315847925,,0.7211538461538461,,,,,WATCHLIST,NEEDS_FINAL_PRICE_OR_ADDITIONAL_DEPLOYMENT_AUDIT
NFL-NW086,NEXT_WAVE,RESEARCH_SURVIVOR,MODERN,DOG35_44,ANY,oc_prior_role_seasons,<=,4.0,rank_edge_penalty_yards,>=,14.0,,,,47,0.4404255319148937,20,0.1415,63,0.2395238095238094,181,0.2706077348066298,0.7368421052631579,0.35,0.4499,PENDING_AUDIT,PENDING_AUDIT,True,0.08947368421052632,0.24210526315789474,JAX,0.25688933279278225,,0.36792452830188677,,,,,WATCHLIST,NEEDS_FINAL_PRICE_OR_ADDITIONAL_DEPLOYMENT_AUDIT
NFL-NW161,NEXT_WAVE,RESEARCH_SURVIVOR,LONG,DOG35_44,ANY,recent_edge_giveaway_rate,>=,0.0187041093468362,dc_team_tenure_seasons,<=,2.0,,,,56,0.3294642857142857,24,0.7045833333333335,26,0.1496153846153846,106,0.3702830188679245,0.6875,0.35,0.4499,PENDING_AUDIT,PENDING_AUDIT,False,,,,0.25524803124700385,,0.0,,,,,WATCHLIST,NEEDS_FINAL_PRICE_OR_ADDITIONAL_DEPLOYMENT_AUDIT
NFL-NW154,NEXT_WAVE,RESEARCH_SURVIVOR,LONG,DOG35_44,AWAY,rank_edge_third_down_success,>=,5.0,rank_edge_redzone_epa,>=,8.0,,,,30,0.5136666666666667,34,0.1608823529411764,34,0.1617647058823529,98,0.2691836734693877,0.5294117647058824,0.35,0.4499,PENDING_AUDIT,PENDING_AUDIT,True,0.10204081632653061,0.24489795918367346,NO,0.25301594600995936,,0.32575757575757575,,,,,WATCHLIST,NEEDS_FINAL_PRICE_OR_ADDITIONAL_DEPLOYMENT_AUDIT
NFL-NW164,NEXT_WAVE,RESEARCH_SURVIVOR,MODERN,FAV65_75,AWAY,recent_edge_pass_epa_per_dropback,<=,0.0677034633145432,rank_edge_fg_accuracy,<=,10.375,,,,34,0.3171455262879363,19,0.1300946194519723,23,0.1385347534584667,97,0.2030106053385809,0.875,0.65,0.75,PENDING_AUDIT,PENDING_AUDIT,True,0.08247422680412371,0.2268041237113402,SF,0.24976391280862842,,0.2974683544303797,,,,,WATCHLIST,NEEDS_FINAL_PRICE_OR_ADDITIONAL_DEPLOYMENT_AUDIT
NFL-H079,H_SERIES,FINAL_RESEARCH,LONG,DOG35_44,ANY,recent_edge_redzone_epa,<=,-0.2021623351593018,recent_edge_pass_epa_per_dropback,<=,-0.1162112143325548,,,,113,0.2238053097345132,80,0.175625,93,0.1241935483870968,286,0.1779370629370629,0.8,0.35,0.4499,+122 to +186,KEEP_ORIGINAL_BAND,True,0.05244755244755245,0.15034965034965034,JAX,0.24960269921532288,,0.14047619047619048,TRAVEL,fatigue_load_index,>=,1.6136372871199014,WATCHLIST,BELOW_STRICT_LIVE_READY_GATE
NFL-C012,COACHING,READY,LONG,DOG35_44,ANY,hc_prior_games_current_stint,<=,33.0,rank_edge_third_down_success,>=,0.0,,,,130,0.3244615384615384,81,0.2806172839506172,114,0.1302631578947368,325,0.2454153846153846,0.7,0.35,0.4499,BROAD_BAND_PENDING_PRICE_AUDIT,PENDING_EXACT_PRICE_AUDIT,True,0.05846153846153846,0.16615384615384615,NO,0.24906024191920867,,0.34186046511627904,,,,,WATCHLIST,NEEDS_FINAL_PRICE_OR_ADDITIONAL_DEPLOYMENT_AUDIT
NFL-NW170,NEXT_WAVE,RESEARCH_SURVIVOR,MODERN,FAV65_75,AWAY,adv_road_miles4_per_rest_day,<=,-115.78694325261309,rank_edge_fg_accuracy,<=,10.375,,,,33,0.1379742729585289,18,0.2675728533137144,29,0.1282969783996524,123,0.1401475214765388,0.85,0.65,0.75,PENDING_AUDIT,PENDING_AUDIT,True,0.08943089430894309,0.22764227642276422,SEA,0.24854460618563737,,0.22905027932960895,,,,,WATCHLIST,NEEDS_FINAL_PRICE_OR_ADDITIONAL_DEPLOYMENT_AUDIT
NFL-H057,H_SERIES,FINAL_RESEARCH,LONG,DOG35_44,AWAY,rank_edge_third_down_success,>=,0.0,rank_edge_redzone_epa,>=,1.0,,,,85,0.4545882352941176,73,0.3105479452054794,66,0.125,224,0.3105357142857143,0.8,0.35,0.4499,+122 to +186,WATCH_NARROW_WINDOW,True,0.07589285714285714,0.17410714285714285,NO,0.24775620045835406,,0.4375,COACHING,adv_hc_prior_games,<=,-25.4,WATCHLIST,BELOW_STRICT_LIVE_READY_GATE
NFL-C011,COACHING,READY,LONG,DOG35_49,ANY,dc_prior_win_pct,>=,0.6551724137931034,recent_edge_sack_or_hit_rate,>=,-0.0437273575519235,,,,92,0.2798913043478261,46,0.3608695652173913,72,0.1373611111111111,210,0.2487619047619047,0.65,0.35,0.4999,BROAD_BAND_PENDING_PRICE_AUDIT,PENDING_EXACT_PRICE_AUDIT,True,0.09523809523809523,0.24761904761904763,BAL,0.2474165934794591,,0.15555555555555556,,,,,WATCHLIST,NEEDS_FINAL_PRICE_OR_ADDITIONAL_DEPLOYMENT_AUDIT
NFL-C014,COACHING,READY,MODERN,DOG35_44,HOME,hc_prior_win_pct,<=,0.5454545454545454,recent_edge_sack_or_hit_rate,<=,4.528103757894808e-05,,,,60,0.2905,39,0.2753846153846154,67,0.1232835820895522,166,0.2194578313253012,0.8571428571428571,0.35,0.4499,BROAD_BAND_PENDING_PRICE_AUDIT,PENDING_EXACT_PRICE_AUDIT,True,0.08620689655172414,0.2413793103448276,JAX,0.24735771286198216,,0.445578231292517,,,,,WATCHLIST,NEEDS_FINAL_PRICE_OR_ADDITIONAL_DEPLOYMENT_AUDIT
NFL-T007,TRAVEL,READY,LONG,DOG35_44,ANY,adv_prior_long_trips_last3,>=,1.0,,,,,,,101,0.2888118811881188,79,0.1764556962025316,108,0.1279629629629629,288,0.1976736111111111,0.7,0.35,0.4499,BROAD_BAND_PENDING_PRICE_AUDIT,PENDING_EXACT_PRICE_AUDIT,True,0.06944444444444445,0.1736111111111111,MIA,0.24544777515694366,,0.525,,,,,WATCHLIST,NEEDS_FINAL_PRICE_OR_ADDITIONAL_DEPLOYMENT_AUDIT
NFL-H069,H_SERIES,FINAL_RESEARCH,LONG,DOG35_49,AWAY,recent_edge_sack_or_hit_rate,>=,-0.0437273575519235,rank_edge_punt_return_average,>=,1.0,,,,181,0.153756906077348,133,0.1427067669172932,136,0.1184558823529411,450,0.1398222222222222,0.75,0.35,0.4999,+100 to +186,KEEP_ORIGINAL_BAND,True,0.051111111111111114,0.14666666666666667,NO,0.2447861951973247,,0.34552102376599636,,,,,WATCHLIST,BELOW_STRICT_LIVE_READY_GATE
NFL-NW165,NEXT_WAVE,RESEARCH_SURVIVOR,LONG,DOG35_44,AWAY,recent_edge_def_allowed_early_down_epa,<=,-0.0940072839275117,rank_edge_def_allowed_explosive_rate,<=,-9.0,,,,33,0.5090909090909091,34,0.1529411764705882,29,0.1358620689655172,96,0.2702083333333333,0.7222222222222222,0.35,0.4499,PENDING_AUDIT,PENDING_AUDIT,True,0.08333333333333333,0.22916666666666666,KC,0.24319662756928417,,0.5327868852459017,,,,,WATCHLIST,NEEDS_FINAL_PRICE_OR_ADDITIONAL_DEPLOYMENT_AUDIT
NFL-H062,H_SERIES,FINAL_RESEARCH,LONG,DOG35_49,AWAY,recent_edge_success_rate,>=,0.0,rank_edge_def_allowed_pass_epa_per_dropback,<=,-6.0,,,,94,0.4078723404255319,76,0.2413157894736842,86,0.119767441860465,256,0.2616406249999999,0.75,0.35,0.4999,+100 to +186,KEEP_ORIGINAL_BAND,True,0.06640625,0.1796875,IND,0.23997344099326123,,0.3583617747440273,TRAVEL,adv_prior_road_miles_last5,<=,-305.33290256477216,WATCHLIST,BELOW_STRICT_LIVE_READY_GATE
NFL-NW013,NEXT_WAVE,RESEARCH_SURVIVOR,LONG,DOG35_44,AWAY,rank_edge_sack_or_hit_rate,>=,10.0,recent_edge_def_allowed_explosive_rate,<=,-0.0088190417631774,,,,33,0.6851515151515152,20,0.138,22,0.5218181818181818,75,0.4913333333333333,0.6875,0.35,0.4499,PENDING_AUDIT,PENDING_AUDIT,True,0.08,0.18666666666666668,NYG,0.2398765315847925,,0.32727272727272727,,,,,WATCHLIST,NEEDS_FINAL_PRICE_OR_ADDITIONAL_DEPLOYMENT_AUDIT
NFL-NW183,NEXT_WAVE,RESEARCH_SURVIVOR,MODERN,FAV65_75,AWAY,rank_edge_early_down_epa,<=,7.0,rank_edge_fg_accuracy,<=,8.0,,,,31,0.3032822681323431,24,0.1838622054861999,35,0.1145731059031214,131,0.1843764752037993,0.8888888888888888,0.65,0.75,PENDING_AUDIT,PENDING_AUDIT,True,0.07633587786259542,0.21374045801526717,CHI,0.2386159994056266,,0.7445255474452555,,,,,WATCHLIST,NEEDS_FINAL_PRICE_OR_ADDITIONAL_DEPLOYMENT_AUDIT
NFL-NW169,NEXT_WAVE,RESEARCH_SURVIVOR,LONG,DOG35_49,ANY,rank_edge_third_down_success,>=,3.0,adv_prior_road_miles_last4,>=,1044.6112121956917,,,,72,0.3058333333333333,67,0.2470149253731343,66,0.1283333333333333,205,0.2294634146341463,0.65,0.35,0.4999,PENDING_AUDIT,PENDING_AUDIT,True,0.07804878048780488,0.1951219512195122,GB,0.23812717985972714,,0.47685185185185186,,,,,WATCHLIST,NEEDS_FINAL_PRICE_OR_ADDITIONAL_DEPLOYMENT_AUDIT
NFL-NW178,NEXT_WAVE,RESEARCH_SURVIVOR,LONG,DOG35_44,ANY,recent_edge_def_allowed_early_down_epa,<=,-0.0724433265090011,adv_prior_road_miles_last3,>=,422.8974840393614,rank_edge_third_down_success,>=,3.0,38,0.6973684210526315,18,0.3433333333333333,23,0.1230434782608696,79,0.449493670886076,0.8,0.35,0.4499,PENDING_AUDIT,PENDING_AUDIT,True,0.10126582278481013,0.25316455696202533,ATL,0.23448415554313062,,0.265625,,,,,WATCHLIST,NEEDS_FINAL_PRICE_OR_ADDITIONAL_DEPLOYMENT_AUDIT
NFL-NW166,NEXT_WAVE,RESEARCH_SURVIVOR,LONG,DOG35_49,AWAY,recent_edge_def_allowed_early_down_epa,<=,-0.0897030464878997,recent_edge_giveaway_rate,>=,-0.0052251865973571,rank_edge_def_allowed_rush_epa_per_carry,<=,-9.25,31,0.6135483870967744,26,0.393076923076923,31,0.1306451612903225,88,0.3782954545454545,0.6666666666666666,0.35,0.4999,PENDING_AUDIT,PENDING_AUDIT,True,0.13636363636363635,0.2727272727272727,IND,0.23259056142741003,,0.5446428571428571,,,,,WATCHLIST,NEEDS_FINAL_PRICE_OR_ADDITIONAL_DEPLOYMENT_AUDIT
NFL-NW174,NEXT_WAVE,RESEARCH_SURVIVOR,MODERN,DOG35_44,AWAY,rank_edge_yards_per_play,<=,-10.0,adv_prior_road_streak,>=,1.0,,,,35,0.296,21,0.1985714285714285,25,0.1256,106,0.1997169811320754,0.6875,0.35,0.4499,PENDING_AUDIT,PENDING_AUDIT,True,0.07547169811320754,0.19811320754716982,BAL,0.23123264663161924,,0.13744075829383887,,,,,WATCHLIST,NEEDS_FINAL_PRICE_OR_ADDITIONAL_DEPLOYMENT_AUDIT
NFL-NW177,NEXT_WAVE,RESEARCH_SURVIVOR,LONG,DOG35_49,ANY,dc_team_tenure_seasons,<=,1.0,rank_edge_third_down_success,>=,12.0,,,,38,0.1823684210526315,29,0.4986206896551723,33,0.1236363636363636,100,0.2547,0.7142857142857143,0.35,0.4999,PENDING_AUDIT,PENDING_AUDIT,False,,,,0.23077922077922075,,0.0,,,,,WATCHLIST,NEEDS_FINAL_PRICE_OR_ADDITIONAL_DEPLOYMENT_AUDIT
NFL-H082,H_SERIES,FINAL_RESEARCH,LONG,DOG35_49,AWAY,recent_edge_success_rate,>=,0.0486071763110662,recent_edge_sack_or_hit_rate,>=,-0.0437273575519235,,,,93,0.2723655913978495,69,0.2647826086956522,60,0.112,222,0.2266666666666666,0.75,0.35,0.4999,+100 to +186,KEEP_ORIGINAL_BAND,True,0.0945945945945946,0.2072072072072072,NO,0.23065882436126597,,0.3024523160762943,COACHING,adv_hc_changed_season,<=,-0.5999999999999996,WATCHLIST,BELOW_STRICT_LIVE_READY_GATE
NFL-NW184,NEXT_WAVE,RESEARCH_SURVIVOR,MODERN,FAV65_75,AWAY,rank_edge_def_allowed_explosive_rate,>=,1.0,adv_returning_offense_snap_share,<=,0.1839856161518681,rank_edge_fg_accuracy,<=,8.0,25,0.2043027138773195,23,0.3078456808405657,48,0.1140508295270651,96,0.18398394087047,0.8333333333333334,0.65,0.75,PENDING_AUDIT,PENDING_AUDIT,True,0.08333333333333333,0.20833333333333334,SEA,0.23027427701972097,,0.3161290322580645,,,,,WATCHLIST,NEEDS_FINAL_PRICE_OR_ADDITIONAL_DEPLOYMENT_AUDIT
NFL-NW175,NEXT_WAVE,RESEARCH_SURVIVOR,MODERN,DOG35_49,HOME,recent_edge_off_epa,<=,-9.779472528417342,recent_edge_pass_epa_per_dropback,<=,-0.25609551292435,,,,55,0.316,23,0.3339130434782608,46,0.1254347826086956,170,0.1297647058823529,0.6,0.35,0.4999,PENDING_AUDIT,PENDING_AUDIT,True,0.06470588235294118,0.18235294117647058,DET,0.22919600564315246,,0.22911051212938005,,,,,WATCHLIST,NEEDS_FINAL_PRICE_OR_ADDITIONAL_DEPLOYMENT_AUDIT
NFL-H096,H_SERIES,FINAL_RESEARCH,LONG,DOG35_49,AWAY,rank_edge_rush_epa_per_carry,>=,14.0,rank_edge_redzone_epa,>=,6.0,,,,30,0.4173333333333334,30,0.275,31,0.1158064516129032,91,0.2676923076923077,0.8,0.35,0.4468577174459527,+124 to +186,TIGHTEN_LIVE_PRICE,True,0.10344827586206896,0.25862068965517243,KC,0.22878248642093055,,0.4336283185840708,COACHING,adv_dc_prior_role_seasons,>=,2.2999999999999936,WATCHLIST,BELOW_STRICT_LIVE_READY_GATE
NFL-NW182,NEXT_WAVE,RESEARCH_SURVIVOR,LONG,DOG35_49,ANY,dc_prior_role_seasons,<=,0.0,recent_edge_explosive_rate,<=,-0.0164426581934925,rank_edge_punt_return_average,>=,-5.300000000000011,44,0.4261363636363636,16,0.8881249999999999,32,0.1162499999999999,92,0.398695652173913,0.7857142857142857,0.35,0.4999,PENDING_AUDIT,PENDING_AUDIT,True,0.058823529411764705,0.17647058823529413,ARI,0.22820183854078166,,0.21453287197231835,,,,,WATCHLIST,NEEDS_FINAL_PRICE_OR_ADDITIONAL_DEPLOYMENT_AUDIT
NFL-H065,H_SERIES,FINAL_RESEARCH,LONG,DOG35_44,ANY,rank_edge_third_down_success,>=,0.0,base_vs_open_prob_move,<=,-0.007362274976506,,,,103,0.2584466019417476,78,0.2769230769230769,120,0.1017499999999999,301,0.2007641196013288,0.8,0.35,0.4198223964126193,+138 to +186,TIGHTEN_LIVE_PRICE,True,0.07291666666666667,0.19791666666666666,NO,0.227714162389846,,0.2948207171314741,COACHING,oc_prior_role_seasons,>=,2.0,WATCHLIST,BELOW_STRICT_LIVE_READY_GATE
NFL-NW124,NEXT_WAVE,RESEARCH_SURVIVOR,LONG,DOG35_49,AWAY,rank_edge_def_allowed_off_epa_per_play,<=,-12.0,adv_prior_road_miles_last4,>=,-22.615351354006503,recent_edge_third_down_success,>=,0.0538273858494447,30,0.957,22,0.1227272727272727,23,0.1808695652173913,75,0.4742666666666668,0.7142857142857143,0.35,0.4999,PENDING_AUDIT,PENDING_AUDIT,True,0.08,0.22666666666666666,ATL,0.22674666145492234,,0.6568627450980392,,,,,WATCHLIST,NEEDS_FINAL_PRICE_OR_ADDITIONAL_DEPLOYMENT_AUDIT
NFL-H086,H_SERIES,FINAL_RESEARCH,LONG,DOG35_49,AWAY,rank_edge_def_allowed_early_down_epa,<=,-10.0,rank_edge_def_allowed_explosive_rate,<=,-6.0,,,,71,0.3818309859154929,51,0.2523529411764705,52,0.1182692307692307,174,0.2651149425287356,0.65,0.35,0.4999,+100 to +186,KEEP_ORIGINAL_BAND,True,0.06321839080459771,0.1781609195402299,IND,0.22628296197629566,,0.49746192893401014,COACHING,oc_tenure_seasons,>=,2.5,WATCHLIST,BELOW_STRICT_LIVE_READY_GATE
NFL-NW173,NEXT_WAVE,RESEARCH_SURVIVOR,LONG,PK_55,AWAY,recent_edge_punt_return_average,>=,4.583333333333332,recent_edge_pass_epa_per_dropback,>=,-0.0260389430864178,,,,34,0.4211414139098264,21,0.3438330222405524,16,0.1264487505819759,71,0.3318659373140467,0.6666666666666666,0.45,0.55,PENDING_AUDIT,PENDING_AUDIT,True,0.09859154929577464,0.2535211267605634,LAC,0.22606354263328615,,0.5333333333333333,,,,,WATCHLIST,NEEDS_FINAL_PRICE_OR_ADDITIONAL_DEPLOYMENT_AUDIT
NFL-NW168,NEXT_WAVE,RESEARCH_SURVIVOR,LONG,PK_55,AWAY,recent_edge_third_down_success,>=,0.0684470594764712,recent_edge_def_allowed_early_down_epa,<=,-0.051719492181374,,,,31,0.2990603190714698,23,0.1561184822608459,27,0.1301905596402496,81,0.2021819764629846,0.6,0.45,0.55,PENDING_AUDIT,PENDING_AUDIT,True,0.07407407407407407,0.20987654320987653,CIN,0.22590268511221584,,0.20652173913043478,,,,,WATCHLIST,NEEDS_FINAL_PRICE_OR_ADDITIONAL_DEPLOYMENT_AUDIT
NFL-NW185,NEXT_WAVE,RESEARCH_SURVIVOR,MODERN,DOG35_44,ANY,rank_edge_def_allowed_success_rate,>=,7.0,oc_prior_role_seasons,<=,4.0,,,,65,0.1238461538461538,38,0.2613157894736842,78,0.1124358974358974,256,0.1667578125,0.65,0.35,0.4499,PENDING_AUDIT,PENDING_AUDIT,True,0.05357142857142857,0.15357142857142858,BAL,0.22464189656869366,,0.4107142857142857,,,,,WATCHLIST,NEEDS_FINAL_PRICE_OR_ADDITIONAL_DEPLOYMENT_AUDIT
NFL-T011,TRAVEL,READY,LONG,DOG35_49,AWAY,adv_prior_road_miles_last4,>=,949.8979716832478,,,,,,,145,0.1942758620689655,121,0.1019834710743801,135,0.1081481481481481,401,0.137431421446384,0.7,0.35,0.4999,BROAD_BAND_PENDING_PRICE_AUDIT,PENDING_EXACT_PRICE_AUDIT,True,0.04987531172069826,0.14214463840399003,IND,0.22306208038988468,,0.46706586826347307,,,,,WATCHLIST,NEEDS_FINAL_PRICE_OR_ADDITIONAL_DEPLOYMENT_AUDIT
NFL-NW176,NEXT_WAVE,RESEARCH_SURVIVOR,LONG,DOG20_34,AWAY,rank_edge_rush_epa_per_carry,>=,12.0,dc_team_tenure_seasons,<=,1.0,,,,31,0.854516129032258,20,0.2639999999999999,19,0.1242105263157894,70,0.4875714285714286,0.6428571428571429,0.2,0.3499,PENDING_AUDIT,PENDING_AUDIT,False,,,,0.22176654874471724,,0.0,,,,,WATCHLIST,NEEDS_FINAL_PRICE_OR_ADDITIONAL_DEPLOYMENT_AUDIT
NFL-NW179,NEXT_WAVE,RESEARCH_SURVIVOR,MODERN,DOG35_49,AWAY,rank_edge_off_epa,>=,7.25,rank_edge_pass_epa_per_dropback,>=,7.0,,,,71,0.1057746478873239,20,0.2799999999999999,47,0.1219148936170212,203,0.1898522167487684,0.7,0.35,0.4999,PENDING_AUDIT,PENDING_AUDIT,True,0.08866995073891626,0.20689655172413793,NO,0.21946204883515422,,0.5815899581589958,,,,,WATCHLIST,NEEDS_FINAL_PRICE_OR_ADDITIONAL_DEPLOYMENT_AUDIT
NFL-NW196,NEXT_WAVE,RESEARCH_SURVIVOR,MODERN,FAV65_75,AWAY,rank_edge_early_down_epa,<=,7.0,rank_edge_fg_accuracy,<=,8.0,rank_edge_def_allowed_rush_epa_per_carry,>=,-2.450000000000003,25,0.3265325398557239,17,0.1783903304938818,25,0.1043294750883226,93,0.1889071485310312,0.8125,0.65,0.75,PENDING_AUDIT,PENDING_AUDIT,True,0.10752688172043011,0.25806451612903225,SEA,0.21854154880217097,,0.7099236641221374,,,,,WATCHLIST,NEEDS_FINAL_PRICE_OR_ADDITIONAL_DEPLOYMENT_AUDIT
NFL-H087,H_SERIES,FINAL_RESEARCH,LONG,DOG20_34,AWAY,recent_edge_def_allowed_explosive_rate,>=,-0.0134497070744366,recent_edge_penalty_yards,>=,14.666666666666664,,,,61,0.4026229508196722,65,0.2723076923076922,42,0.1104761904761904,168,0.2791666666666666,0.65,0.2,0.3355704697986577,+198 to +400,TIGHTEN_LIVE_PRICE,True,0.06369426751592357,0.1910828025477707,CHI,0.21810892251933695,,0.11072664359861592,TRAVEL,travel_miles,>=,1025.2406957089884,WATCHLIST,BELOW_STRICT_LIVE_READY_GATE
NFL-NW199,NEXT_WAVE,RESEARCH_SURVIVOR,LONG,DOG35_49,AWAY,rank_edge_def_allowed_off_epa_per_play,<=,-12.0,rank_edge_def_allowed_rush_epa_per_carry,<=,-9.25,,,,48,0.680625,37,0.1210810810810811,36,0.1005555555555555,121,0.3369421487603306,0.7894736842105263,0.35,0.4999,PENDING_AUDIT,PENDING_AUDIT,True,0.09917355371900827,0.256198347107438,NYG,0.21578308455030884,,0.7272727272727273,,,,,WATCHLIST,NEEDS_FINAL_PRICE_OR_ADDITIONAL_DEPLOYMENT_AUDIT
NFL-NW200,NEXT_WAVE,RESEARCH_SURVIVOR,LONG,DOG35_44,ANY,recent_edge_def_allowed_early_down_epa,<=,-0.0724433265090011,adv_prior_road_miles_last3,>=,422.8974840393614,rank_edge_punt_return_average,>=,-6.0,51,0.5047058823529412,29,0.476551724137931,38,0.1002631578947368,118,0.367542372881356,0.7894736842105263,0.35,0.4499,PENDING_AUDIT,PENDING_AUDIT,True,0.07627118644067797,0.211864406779661,ATL,0.21521810281423207,,0.427536231884058,,,,,WATCHLIST,NEEDS_FINAL_PRICE_OR_ADDITIONAL_DEPLOYMENT_AUDIT
NFL-T001,TRAVEL,READY,MODERN,DOG35_44,AWAY,adv_prev_travel_miles,>=,435.8200741975248,,,,,,,99,0.1401010101010101,39,0.0982051282051282,95,0.2577894736842104,233,0.1810729613733905,0.7142857142857143,0.35,0.4499,BROAD_BAND_PENDING_PRICE_AUDIT,PENDING_EXACT_PRICE_AUDIT,True,0.06382978723404255,0.1580547112462006,IND,0.21453188337363582,,0.34686346863468637,,,,,WATCHLIST,NEEDS_FINAL_PRICE_OR_ADDITIONAL_DEPLOYMENT_AUDIT
NFL-NW189,NEXT_WAVE,RESEARCH_SURVIVOR,LONG,DOG35_44,ANY,recent_edge_giveaway_rate,>=,0.0123464340709925,recent_edge_def_allowed_early_down_epa,<=,-0.0724433265090011,rank_edge_punt_return_average,>=,-9.0,37,0.8072972972972974,24,0.4995833333333333,20,0.1115,81,0.544320987654321,0.6875,0.35,0.4499,PENDING_AUDIT,PENDING_AUDIT,True,0.09876543209876543,0.24691358024691357,MIA,0.21421212547196625,,0.36036036036036034,,,,,WATCHLIST,NEEDS_FINAL_PRICE_OR_ADDITIONAL_DEPLOYMENT_AUDIT
NFL-NW186,NEXT_WAVE,RESEARCH_SURVIVOR,LONG,DOG20_34,AWAY,rank_edge_penalty_yards,>=,9.0,recent_edge_rush_epa_per_carry,>=,-0.0754872988005108,recent_edge_off_epa,>=,-0.5320208749928329,45,0.5622222222222222,15,0.6886666666666666,24,0.1120833333333333,84,0.4561904761904762,0.6666666666666666,0.2,0.3499,PENDING_AUDIT,PENDING_AUDIT,True,0.09523809523809523,0.2619047619047619,MIN,0.21352364881821367,,0.11971830985915492,,,,,WATCHLIST,NEEDS_FINAL_PRICE_OR_ADDITIONAL_DEPLOYMENT_AUDIT
NFL-NW180,NEXT_WAVE,RESEARCH_SURVIVOR,LONG,DOG35_49,ANY,adv_prior_long_trips_last3,>=,1.0,coordinator_changes,>=,1.0,rank_edge_punt_return_average,>=,-5.300000000000011,26,0.2246153846153846,27,0.5285185185185185,33,0.1215151515151514,86,0.2804651162790696,0.5333333333333333,0.35,0.4999,PENDING_AUDIT,PENDING_AUDIT,True,0.13043478260869565,0.2826086956521739,NO,0.21254427946290724,,0.3524904214559387,,,,,WATCHLIST,NEEDS_FINAL_PRICE_OR_ADDITIONAL_DEPLOYMENT_AUDIT
NFL-NW188,NEXT_WAVE,RESEARCH_SURVIVOR,LONG,DOG35_44,HOME,recent_edge_fg_accuracy,<=,0.0833333333333333,rank_edge_giveaway_rate,<=,-13.0,,,,38,0.2071052631578947,41,0.1804878048780488,45,0.1115555555555555,124,0.1636290322580645,0.6,0.35,0.4499,PENDING_AUDIT,PENDING_AUDIT,True,0.07258064516129033,0.20967741935483872,CHI,0.2118910976846114,,0.18272425249169436,,,,,WATCHLIST,NEEDS_FINAL_PRICE_OR_ADDITIONAL_DEPLOYMENT_AUDIT
NFL-NW197,NEXT_WAVE,RESEARCH_SURVIVOR,LONG,DOG20_34,AWAY,rank_edge_penalty_yards,>=,9.0,recent_edge_rush_epa_per_carry,>=,-0.0754872988005108,coordinator_changes,>=,1.0,31,0.4080645161290323,25,0.48,22,0.1036363636363636,78,0.3452564102564103,0.7333333333333333,0.2,0.3499,PENDING_AUDIT,PENDING_AUDIT,True,0.07954545454545454,0.23863636363636365,JAX,0.2096053953702923,,0.2835820895522388,,,,,WATCHLIST,NEEDS_FINAL_PRICE_OR_ADDITIONAL_DEPLOYMENT_AUDIT
NFL-H095,H_SERIES,FINAL_RESEARCH,LONG,DOG35_44,AWAY,recent_edge_giveaway_rate,>=,0.0128509499380348,recent_edge_sack_or_hit_rate,>=,-0.0227905898528463,,,,60,0.2611666666666667,35,0.326,33,0.1003030303030303,128,0.237421875,0.6842105263157895,0.3648307896483078,0.4222985053278981,+137 to +174,TIGHTEN_LIVE_PRICE,True,0.07228915662650602,0.21686746987951808,CAR,0.2077201216494902,,0.2916666666666667,COACHING,adv_dc_prior_role_seasons,>=,1.0,WATCHLIST,BELOW_STRICT_LIVE_READY_GATE
NFL-NW190,NEXT_WAVE,RESEARCH_SURVIVOR,LONG,DOG35_49,AWAY,rank_edge_def_allowed_pass_epa_per_dropback,<=,-8.0,recent_edge_third_down_success,>=,0.0538273858494447,recent_edge_giveaway_rate,>=,-0.0052251865973571,39,0.5084615384615384,25,0.3344,29,0.1079310344827586,93,0.3367741935483871,0.6111111111111112,0.35,0.4999,PENDING_AUDIT,PENDING_AUDIT,True,0.08602150537634409,0.22580645161290322,JAX,0.20603199708549588,,0.47244094488188976,,,,,WATCHLIST,NEEDS_FINAL_PRICE_OR_ADDITIONAL_DEPLOYMENT_AUDIT
NFL-T010,TRAVEL,READY,LONG,FAV55_65,AWAY,adv_road_miles4_per_rest_day,>=,0.0,,,,,,,84,0.1587411145512295,67,0.0828122916346647,71,0.1130237199897844,222,0.1212043300950473,0.8,0.55,0.65,BROAD_BAND_PENDING_PRICE_AUDIT,PENDING_EXACT_PRICE_AUDIT,True,0.07657657657657657,0.20270270270270271,ATL,0.20547111599593068,,0.0,,,,,WATCHLIST,NEEDS_FINAL_PRICE_OR_ADDITIONAL_DEPLOYMENT_AUDIT
NFL-T006,TRAVEL,READY,LONG,FAV55_65,AWAY,adv_prior_road_games_last3,>=,1.0,,,,,,,97,0.120921373890968,74,0.0929001075344228,91,0.1295178879901296,262,0.1159927825651641,0.65,0.55,0.65,BROAD_BAND_PENDING_PRICE_AUDIT,PENDING_EXACT_PRICE_AUDIT,True,0.061068702290076333,0.16412213740458015,ATL,0.20535763981741645,,0.4666666666666667,,,,,WATCHLIST,NEEDS_FINAL_PRICE_OR_ADDITIONAL_DEPLOYMENT_AUDIT
NFL-T008,TRAVEL,READY,LONG,DOG35_49,ANY,adv_prior_long_trips_last4,>=,1.0,,,,,,,161,0.1226086956521739,133,0.0813533834586466,171,0.1273099415204678,465,0.1125376344086021,0.7,0.35,0.4999,BROAD_BAND_PENDING_PRICE_AUDIT,PENDING_EXACT_PRICE_AUDIT,True,0.05591397849462366,0.16129032258064516,MIA,0.20403970728089543,,0.5590062111801242,,,,,WATCHLIST,NEEDS_FINAL_PRICE_OR_ADDITIONAL_DEPLOYMENT_AUDIT
NFL-T009,TRAVEL,READY,LONG,DOG35_44,AWAY,adv_prior_road_miles_last3,>=,394.6069831383721,,,,,,,140,0.1994285714285714,118,0.0872033898305084,125,0.1265599999999999,383,0.1410704960835509,0.65,0.35,0.4499,BROAD_BAND_PENDING_PRICE_AUDIT,PENDING_EXACT_PRICE_AUDIT,True,0.06005221932114883,0.1566579634464752,IND,0.20378335917972396,,0.5246252676659529,,,,,WATCHLIST,NEEDS_FINAL_PRICE_OR_ADDITIONAL_DEPLOYMENT_AUDIT
NFL-T004,TRAVEL,READY,MODERN,DOG35_44,AWAY,adv_prev_abs_tz_shift,>=,1.0,,,,,,,81,0.0803703703703703,31,0.2183870967741935,85,0.1441176470588235,197,0.1295939086294416,0.7142857142857143,0.35,0.4499,BROAD_BAND_PENDING_PRICE_AUDIT,PENDING_EXACT_PRICE_AUDIT,True,0.06181818181818182,0.15272727272727274,IND,0.19487488316726725,,0.6731301939058172,,,,,WATCHLIST,NEEDS_FINAL_PRICE_OR_ADDITIONAL_DEPLOYMENT_AUDIT
NFL-T003,TRAVEL,READY,MODERN,DOG35_44,ANY,fatigue_load_index,<=,0.647511416372741,,,,,,,53,0.080377358490566,30,0.1459999999999999,56,0.1698214285714286,139,0.1305755395683453,0.7142857142857143,0.35,0.4499,BROAD_BAND_PENDING_PRICE_AUDIT,PENDING_EXACT_PRICE_AUDIT,True,0.06878306878306878,0.20105820105820105,CIN,0.19109558563977552,,0.17484662576687116,,,,,WATCHLIST,NEEDS_FINAL_PRICE_OR_ADDITIONAL_DEPLOYMENT_AUDIT
NFL-T005,TRAVEL,READY,LONG,DOG35_49,AWAY,road_games_last5_including_current,<=,1.0,,,,,,,78,0.1092307692307691,71,0.0801408450704225,77,0.1383116883116883,226,0.11,0.65,0.35,0.4999,BROAD_BAND_PENDING_PRICE_AUDIT,PENDING_EXACT_PRICE_AUDIT,True,0.05309734513274336,0.14601769911504425,BUF,0.1909935560491075,,0.2029520295202952,,,,,WATCHLIST,NEEDS_FINAL_PRICE_OR_ADDITIONAL_DEPLOYMENT_AUDIT
NFL-T012,TRAVEL,READY,MODERN,DOG35_44,AWAY,adv_prior_road_streak,>=,1.0,,,,,,,122,0.0625409836065574,56,0.21625,123,0.1080487804878049,301,0.109734219269103,0.7142857142857143,0.35,0.4499,BROAD_BAND_PENDING_PRICE_AUDIT,PENDING_EXACT_PRICE_AUDIT,True,0.06060606060606061,0.16317016317016317,IND,0.1816480031392606,,0.6336206896551724,,,,,WATCHLIST,NEEDS_FINAL_PRICE_OR_ADDITIONAL_DEPLOYMENT_AUDIT
NFL-T013,TRAVEL,READY,LONG,DOG20_34,AWAY,road_games_last4_including_current,<=,1.0,,,,,,,112,0.0589285714285714,90,0.2486666666666666,74,0.1035135135135135,276,0.1327536231884058,0.65,0.2,0.3499,BROAD_BAND_PENDING_PRICE_AUDIT,PENDING_EXACT_PRICE_AUDIT,True,0.06159420289855073,0.17028985507246377,LV,0.17195129848020185,,0.17665615141955837,,,,,WATCHLIST,NEEDS_FINAL_PRICE_OR_ADDITIONAL_DEPLOYMENT_AUDIT
